Start time,Duration,User,Location,Call type,Related reason,Call outcome reason,Call Recording Result,Call Recording Trigger,Answered,Direction,_day
2026-08-10 16:33:57,751,Alex Morgan,London,SIP_INBOUND,ConsultativeTransfer,Success,,,True,ORIGINATING,2026-08-10
2026-08-15 21:02:49,226,Priya Nair,Singapore,SIP_ENTERPRISE,,Success,,,True,TERMINATING,2026-08-15
2026-08-18 08:09:49,259,Jamie Ortiz,London,SIP_ENTERPRISE,Deflection,Success,,always-pause-resume,True,ORIGINATING,2026-08-18
2026-08-07 15:06:58,420,Sam Chen,Singapore,SIP_ENTERPRISE,CallQueue,Success,success,,True,TERMINATING,2026-08-07
2026-08-10 14:31:17,1496,Morgan Quinn,Singapore,SIP_ENTERPRISE,CallForwardBusy,Success,,always-pause-resume,True,TERMINATING,2026-08-10
2026-08-15 16:01:05,1965,Morgan Quinn,Denver,SIP_ENTERPRISE,CallForwardNoAnswer,Success,success,always-pause-resume,True,ORIGINATING,2026-08-15
2026-08-27 09:24:37,377,Priya Nair,Denver,SIP_MOBILE,CallQueue,Success,,always-pause-resume,True,ORIGINATING,2026-08-27
2026-08-22 12:14:55,804,Morgan Quinn,Dallas,SIP_NATIONAL,CallQueue,Success,,always,True,ORIGINATING,2026-08-22
2026-08-21 06:37:46,1939,Alex Morgan,Denver,SIP_NATIONAL,CallForwardBusy,Success,,,True,TERMINATING,2026-08-21
2026-09-04 14:31:13,934,Taylor Brooks,Chicago,SIP_ENTERPRISE,CallForwardNoAnswer,Success,,always,True,TERMINATING,2026-09-04
2026-09-03 04:26:39,1596,Jordan Lee,Chicago,SIP_ENTERPRISE,CallQueue,Success,,always-pause-resume,True,ORIGINATING,2026-09-03
2026-08-16 07:23:34,1649,Riley Park,London,SIP_NATIONAL,CallQueue,Success,,always,True,ORIGINATING,2026-08-16
2026-08-24 07:33:51,1947,Sam Chen,Singapore,SIP_ENTERPRISE,CallQueue,Success,,always,True,ORIGINATING,2026-08-24
2026-08-30 18:43:17,575,Jordan Lee,Singapore,SIP_INBOUND,CallQueue,Success,,always,True,TERMINATING,2026-08-30
2026-08-12 14:18:29,1067,Marcus Webb,Denver,SIP_ENTERPRISE,,Success,success,always-pause-resume,True,TERMINATING,2026-08-12
2026-08-26 12:52:52,2059,Priya Nair,London,SIP_NATIONAL,CallForwardBusy,Success,,always,True,ORIGINATING,2026-08-26
2026-08-06 02:55:32,1944,Sam Chen,Dallas,SIP_NATIONAL,,Success,success,,True,ORIGINATING,2026-08-06
2026-08-23 05:14:55,237,Jordan Lee,Singapore,SIP_NATIONAL,CallForwardNoAnswer,Success,,always-pause-resume,True,ORIGINATING,2026-08-23
2026-08-06 20:43:55,1338,Jordan Lee,London,SIP_MOBILE,,Success,,always-pause-resume,True,TERMINATING,2026-08-06
2026-08-21 18:04:05,2148,Priya Nair,Dallas,SIP_NATIONAL,CallForwardNoAnswer,Success,,always,True,TERMINATING,2026-08-21
2026-08-10 06:01:40,302,Jamie Ortiz,Denver,SIP_ENTERPRISE,ConsultativeTransfer,Success,,always,True,ORIGINATING,2026-08-10
2026-09-04 02:59:29,1041,Morgan Quinn,Dallas,SIP_INBOUND,Deflection,Success,,always-pause-resume,True,TERMINATING,2026-09-04
2026-08-11 01:07:10,1772,Taylor Brooks,Dallas,SIP_INBOUND,ConsultativeTransfer,Success,,always-pause-resume,True,ORIGINATING,2026-08-11
2026-08-28 09:16:48,1809,Priya Nair,London,SIP_ENTERPRISE,ConsultativeTransfer,Success,,,True,ORIGINATING,2026-08-28
2026-08-09 11:57:37,349,Taylor Brooks,Chicago,SIP_MOBILE,ConsultativeTransfer,Success,,always,True,TERMINATING,2026-08-09
2026-09-01 08:05:36,616,Casey Rivera,London,SIP_INBOUND,ConsultativeTransfer,Success,,always,True,TERMINATING,2026-09-01
2026-08-07 18:47:59,1106,Riley Park,Chicago,SIP_INBOUND,Deflection,Success,,,True,ORIGINATING,2026-08-07
2026-08-08 01:34:01,1394,Jamie Ortiz,Chicago,SIP_MOBILE,CallForwardNoAnswer,Success,,always,True,ORIGINATING,2026-08-08
2026-08-22 08:01:29,1077,Jordan Lee,Dallas,SIP_ENTERPRISE,ConsultativeTransfer,CallRejected,,,False,ORIGINATING,2026-08-22
2026-08-14 23:43:51,1426,Sam Chen,Denver,SIP_ENTERPRISE,Deflection,Success,success,,True,ORIGINATING,2026-08-14
2026-08-23 01:58:49,1836,Jamie Ortiz,Dallas,SIP_ENTERPRISE,CallForwardBusy,UnassignedNumber,,,False,TERMINATING,2026-08-23
2026-09-05 01:54:44,1408,Taylor Brooks,Dallas,SIP_ENTERPRISE,CallQueue,Success,,always-pause-resume,True,TERMINATING,2026-09-05
2026-09-05 10:31:12,1051,Alex Morgan,Chicago,SIP_NATIONAL,CallForwardBusy,Success,,,True,ORIGINATING,2026-09-05
2026-09-05 02:22:18,1886,Casey Rivera,Chicago,SIP_INBOUND,ConsultativeTransfer,Success,success,always-pause-resume,True,ORIGINATING,2026-09-05
2026-08-16 00:42:33,1465,Casey Rivera,Dallas,SIP_ENTERPRISE,ConsultativeTransfer,Success,success,,True,ORIGINATING,2026-08-16
2026-08-12 05:31:44,1087,Alex Morgan,Chicago,SIP_ENTERPRISE,CallForwardBusy,Success,,always,True,TERMINATING,2026-08-12
2026-08-15 10:21:28,640,Marcus Webb,Singapore,SIP_ENTERPRISE,CallForwardBusy,Success,,always-pause-resume,True,ORIGINATING,2026-08-15
2026-09-05 12:38:18,184,Marcus Webb,Dallas,SIP_ENTERPRISE,CallForwardBusy,Success,,,True,ORIGINATING,2026-09-05
2026-08-31 04:17:27,2333,Priya Nair,Singapore,SIP_ENTERPRISE,CallForwardNoAnswer,Success,,,True,ORIGINATING,2026-08-31
2026-09-04 15:19:18,176,Jordan Lee,Chicago,SIP_INBOUND,CallForwardBusy,Success,success,,True,ORIGINATING,2026-09-04
2026-08-25 11:03:31,1085,Taylor Brooks,London,SIP_INBOUND,CallForwardNoAnswer,CallRejected,,,False,ORIGINATING,2026-08-25
2026-08-26 10:31:07,309,Jamie Ortiz,Denver,SIP_ENTERPRISE,CallQueue,Success,,,True,ORIGINATING,2026-08-26
2026-09-05 05:56:48,1967,Riley Park,Chicago,SIP_ENTERPRISE,,Success,success,,True,ORIGINATING,2026-09-05
2026-08-08 09:38:20,2330,Casey Rivera,Denver,SIP_ENTERPRISE,,Success,,always,True,ORIGINATING,2026-08-08
2026-08-12 17:57:50,1908,Priya Nair,Denver,SIP_ENTERPRISE,CallForwardNoAnswer,Success,,always,True,TERMINATING,2026-08-12
2026-09-05 07:43:31,1845,Jamie Ortiz,Chicago,SIP_INTERNATIONAL,CallQueue,Success,,always,True,ORIGINATING,2026-09-05
2026-08-08 19:11:07,548,Casey Rivera,Denver,SIP_NATIONAL,Deflection,Success,,,True,TERMINATING,2026-08-08
2026-08-13 04:08:57,106,Jamie Ortiz,London,SIP_MOBILE,CallForwardBusy,Success,,always-pause-resume,True,ORIGINATING,2026-08-13
2026-08-10 08:41:10,1362,Morgan Quinn,Chicago,SIP_ENTERPRISE,Deflection,CallRejected,,always,False,ORIGINATING,2026-08-10
2026-08-06 08:43:15,271,Casey Rivera,Denver,SIP_NATIONAL,ConsultativeTransfer,Success,,always-pause-resume,True,TERMINATING,2026-08-06
2026-09-01 11:33:57,614,Alex Morgan,Denver,SIP_ENTERPRISE,CallQueue,Success,,always-pause-resume,True,TERMINATING,2026-09-01
2026-09-02 09:53:39,2254,Riley Park,Singapore,SIP_NATIONAL,CallForwardBusy,Success,,always-pause-resume,True,ORIGINATING,2026-09-02
2026-08-29 07:59:05,205,Casey Rivera,London,SIP_INBOUND,CallForwardBusy,Success,,always-pause-resume,True,TERMINATING,2026-08-29
2026-08-15 05:32:32,982,Casey Rivera,London,SIP_NATIONAL,CallQueue,Success,,,True,ORIGINATING,2026-08-15
2026-08-08 07:55:36,906,Jamie Ortiz,Singapore,SIP_ENTERPRISE,CallForwardBusy,Success,,always,True,ORIGINATING,2026-08-08
2026-08-11 23:09:03,378,Morgan Quinn,Singapore,SIP_ENTERPRISE,CallQueue,Success,,always,True,ORIGINATING,2026-08-11
2026-09-01 23:44:16,1548,Priya Nair,Dallas,SIP_ENTERPRISE,CallForwardNoAnswer,Success,,always-pause-resume,True,ORIGINATING,2026-09-01
2026-08-27 06:56:39,1115,Taylor Brooks,Chicago,SIP_ENTERPRISE,CallForwardBusy,Success,,always-pause-resume,True,ORIGINATING,2026-08-27
2026-08-09 22:40:18,2011,Jamie Ortiz,Singapore,SIP_ENTERPRISE,CallForwardNoAnswer,CallRejected,,always-pause-resume,False,TERMINATING,2026-08-09
2026-08-13 16:51:29,2144,Sam Chen,Dallas,SIP_ENTERPRISE,,Success,,,True,TERMINATING,2026-08-13
2026-08-08 15:14:33,957,Alex Morgan,Dallas,SIP_NATIONAL,CallQueue,Success,,,True,TERMINATING,2026-08-08
2026-08-22 09:01:13,293,Jordan Lee,Chicago,SIP_ENTERPRISE,ConsultativeTransfer,Success,,always,True,ORIGINATING,2026-08-22
2026-08-06 00:51:25,1300,Jamie Ortiz,Denver,SIP_ENTERPRISE,CallQueue,Success,,,True,ORIGINATING,2026-08-06
2026-08-06 21:47:05,94,Casey Rivera,Chicago,SIP_ENTERPRISE,Deflection,Success,,always-pause-resume,True,ORIGINATING,2026-08-06
2026-08-26 16:30:43,144,Taylor Brooks,London,SIP_MOBILE,CallForwardBusy,Success,,always,True,ORIGINATING,2026-08-26
2026-08-30 17:00:56,845,Priya Nair,Chicago,SIP_NATIONAL,CallQueue,Success,,always,True,TERMINATING,2026-08-30
2026-08-12 20:45:12,2035,Casey Rivera,Chicago,SIP_NATIONAL,,Success,,always,True,ORIGINATING,2026-08-12
2026-08-10 12:54:32,586,Taylor Brooks,Chicago,SIP_ENTERPRISE,CallForwardBusy,Success,,,True,TERMINATING,2026-08-10
2026-08-28 17:08:47,786,Sam Chen,Denver,SIP_SHORTCODE,Deflection,Success,,always-pause-resume,True,ORIGINATING,2026-08-28
2026-08-28 11:40:50,698,Morgan Quinn,London,SIP_NATIONAL,CallForwardBusy,UnassignedNumber,success,always,False,ORIGINATING,2026-08-28
2026-09-04 21:25:04,1776,Morgan Quinn,Denver,SIP_ENTERPRISE,CallForwardNoAnswer,TemporarilyUnavailable,,always-pause-resume,False,ORIGINATING,2026-09-04
2026-08-16 00:32:31,1687,Jamie Ortiz,Chicago,SIP_NATIONAL,CallForwardBusy,Success,,always,True,TERMINATING,2026-08-16
2026-08-07 22:33:34,262,Casey Rivera,Dallas,SIP_MOBILE,CallForwardNoAnswer,Success,,always,True,TERMINATING,2026-08-07
2026-08-29 03:20:59,20,Casey Rivera,Denver,SIP_INBOUND,Deflection,Success,,always,True,ORIGINATING,2026-08-29
2026-08-09 07:48:08,1033,Jamie Ortiz,London,SIP_INBOUND,CallForwardBusy,Success,,always,True,ORIGINATING,2026-08-09
2026-08-30 21:06:38,972,Sam Chen,Singapore,SIP_NATIONAL,CallForwardNoAnswer,Success,,always,True,ORIGINATING,2026-08-30
2026-08-12 02:47:59,270,Taylor Brooks,London,SIP_NATIONAL,CallQueue,Success,,always-pause-resume,True,ORIGINATING,2026-08-12
2026-09-05 14:56:27,399,Jordan Lee,Dallas,SIP_ENTERPRISE,CallQueue,Success,,always,True,ORIGINATING,2026-09-05
2026-08-18 22:07:45,501,Taylor Brooks,Singapore,SIP_INBOUND,ConsultativeTransfer,Success,,always-pause-resume,True,TERMINATING,2026-08-18
2026-08-28 21:07:19,1009,Taylor Brooks,Dallas,SIP_ENTERPRISE,CallQueue,Success,,always-pause-resume,True,ORIGINATING,2026-08-28
2026-08-18 06:40:32,952,Priya Nair,Singapore,SIP_SHORTCODE,Deflection,Success,,always,True,ORIGINATING,2026-08-18
2026-08-20 17:13:24,170,Jamie Ortiz,Denver,SIP_NATIONAL,CallForwardNoAnswer,Success,success,,True,ORIGINATING,2026-08-20
2026-09-03 20:02:57,1069,Sam Chen,London,SIP_ENTERPRISE,,Success,success,,True,ORIGINATING,2026-09-03
2026-08-25 05:14:28,584,Morgan Quinn,Denver,SIP_ENTERPRISE,,CallRejected,success,,False,ORIGINATING,2026-08-25
2026-08-31 06:10:09,763,Riley Park,Denver,SIP_NATIONAL,CallForwardBusy,Success,success,,True,TERMINATING,2026-08-31
2026-08-07 23:04:25,638,Riley Park,Singapore,SIP_ENTERPRISE,,Success,,always-pause-resume,True,TERMINATING,2026-08-07
2026-09-05 15:14:58,1284,Riley Park,Chicago,SIP_INBOUND,Deflection,Success,,always-pause-resume,True,ORIGINATING,2026-09-05
2026-08-12 02:43:04,1783,Taylor Brooks,Chicago,SIP_INBOUND,CallForwardBusy,Success,,,True,TERMINATING,2026-08-12
2026-08-20 06:54:51,2264,Alex Morgan,Chicago,SIP_ENTERPRISE,CallForwardNoAnswer,Success,,,True,TERMINATING,2026-08-20
2026-08-28 20:30:47,667,Morgan Quinn,Denver,SIP_ENTERPRISE,CallForwardBusy,Success,success,always,True,TERMINATING,2026-08-28
2026-08-09 22:13:40,0,Jamie Ortiz,Denver,SIP_INTERNATIONAL,CallForwardNoAnswer,Success,,,True,ORIGINATING,2026-08-09
2026-08-25 20:24:04,808,Marcus Webb,London,SIP_MOBILE,CallForwardBusy,Success,,,True,ORIGINATING,2026-08-25
2026-08-17 21:22:50,173,Taylor Brooks,Dallas,SIP_ENTERPRISE,,Success,,always-pause-resume,True,ORIGINATING,2026-08-17
2026-08-18 02:02:18,1267,Casey Rivera,London,SIP_ENTERPRISE,CallForwardBusy,Success,,,True,TERMINATING,2026-08-18
2026-08-11 13:00:01,968,Jamie Ortiz,London,SIP_ENTERPRISE,CallQueue,Success,,always-pause-resume,True,TERMINATING,2026-08-11
2026-08-09 07:39:52,380,Riley Park,Denver,SIP_ENTERPRISE,Deflection,Success,,,True,ORIGINATING,2026-08-09
2026-08-08 13:11:14,227,Priya Nair,Chicago,SIP_NATIONAL,CallQueue,Success,,always,True,ORIGINATING,2026-08-08
2026-09-05 21:06:59,544,Jordan Lee,Dallas,SIP_NATIONAL,CallQueue,Success,,,True,ORIGINATING,2026-09-05
2026-09-03 20:21:14,1038,Morgan Quinn,Singapore,SIP_ENTERPRISE,CallForwardBusy,Success,,always,True,TERMINATING,2026-09-03
2026-08-21 13:39:00,1081,Taylor Brooks,Singapore,SIP_MOBILE,CallQueue,Success,,always,True,TERMINATING,2026-08-21
2026-08-10 23:57:16,1087,Riley Park,Dallas,SIP_INTERNATIONAL,ConsultativeTransfer,UnassignedNumber,,always-pause-resume,False,ORIGINATING,2026-08-10
2026-08-22 03:57:38,2199,Jordan Lee,Denver,SIP_INBOUND,ConsultativeTransfer,Success,,always-pause-resume,True,TERMINATING,2026-08-22
2026-08-23 21:33:22,947,Jordan Lee,London,SIP_ENTERPRISE,CallForwardNoAnswer,Success,success,always-pause-resume,True,TERMINATING,2026-08-23
2026-08-25 19:35:34,12,Marcus Webb,Denver,UNKNOWN,,Success,,always-pause-resume,True,TERMINATING,2026-08-25
2026-08-21 21:25:56,935,Sam Chen,London,SIP_MOBILE,CallForwardNoAnswer,Success,success,always-pause-resume,True,TERMINATING,2026-08-21
2026-08-09 07:08:01,2395,Taylor Brooks,London,SIP_ENTERPRISE,CallForwardBusy,Success,,always,True,ORIGINATING,2026-08-09
2026-08-06 10:29:57,397,Sam Chen,London,SIP_NATIONAL,ConsultativeTransfer,TemporarilyUnavailable,,always-pause-resume,False,TERMINATING,2026-08-06
2026-09-04 23:32:55,2374,Priya Nair,Denver,SIP_ENTERPRISE,CallQueue,Success,,always,True,ORIGINATING,2026-09-04
2026-08-07 08:44:14,978,Riley Park,Dallas,SIP_ENTERPRISE,CallForwardNoAnswer,Success,success,,True,ORIGINATING,2026-08-07
2026-09-04 04:02:41,2081,Taylor Brooks,Singapore,SIP_ENTERPRISE,CallForwardNoAnswer,Success,,always-pause-resume,True,ORIGINATING,2026-09-04
2026-08-15 07:23:52,31,Jamie Ortiz,Singapore,SIP_ENTERPRISE,Deflection,Success,,,True,ORIGINATING,2026-08-15
2026-08-20 00:39:01,956,Jordan Lee,Denver,SIP_ENTERPRISE,,Success,,always-pause-resume,True,ORIGINATING,2026-08-20
2026-08-07 15:05:04,1091,Riley Park,Singapore,SIP_INBOUND,Deflection,Success,,,True,ORIGINATING,2026-08-07
2026-08-11 06:18:30,1343,Taylor Brooks,Dallas,SIP_MOBILE,CallForwardBusy,Success,,,True,ORIGINATING,2026-08-11
2026-09-05 10:21:19,1938,Priya Nair,London,SIP_NATIONAL,CallForwardBusy,Success,,,True,ORIGINATING,2026-09-05
2026-08-23 16:19:59,323,Taylor Brooks,London,SIP_ENTERPRISE,Deflection,Success,success,always,True,ORIGINATING,2026-08-23
2026-09-03 19:08:16,131,Sam Chen,Chicago,SIP_ENTERPRISE,,CallRejected,,always,False,ORIGINATING,2026-09-03
2026-08-07 10:44:12,2191,Morgan Quinn,Dallas,SIP_MOBILE,,Success,,always-pause-resume,True,ORIGINATING,2026-08-07
2026-08-13 15:27:12,363,Alex Morgan,Chicago,SIP_ENTERPRISE,Deflection,Success,,always,True,ORIGINATING,2026-08-13
2026-08-30 13:13:25,1383,Casey Rivera,Denver,SIP_INBOUND,ConsultativeTransfer,Success,,always,True,ORIGINATING,2026-08-30
2026-08-29 13:19:47,1955,Marcus Webb,Singapore,SIP_MOBILE,CallForwardBusy,Success,success,always,True,TERMINATING,2026-08-29
2026-08-22 01:51:18,2208,Jamie Ortiz,Chicago,SIP_ENTERPRISE,CallForwardNoAnswer,Success,,always-pause-resume,True,ORIGINATING,2026-08-22
2026-08-19 12:25:36,22,Casey Rivera,Chicago,SIP_ENTERPRISE,CallQueue,Success,,always-pause-resume,True,ORIGINATING,2026-08-19
2026-08-16 18:18:22,655,Casey Rivera,Singapore,SIP_NATIONAL,CallForwardBusy,Success,,always,True,ORIGINATING,2026-08-16
2026-09-04 02:24:04,433,Jamie Ortiz,Singapore,SIP_NATIONAL,CallForwardBusy,Success,,,True,ORIGINATING,2026-09-04
2026-08-19 02:03:52,1246,Morgan Quinn,Dallas,SIP_INBOUND,CallForwardBusy,Success,,,True,ORIGINATING,2026-08-19
2026-09-04 06:16:35,143,Marcus Webb,Singapore,SIP_ENTERPRISE,CallForwardBusy,Success,,,True,ORIGINATING,2026-09-04
2026-08-29 00:02:18,2377,Jamie Ortiz,Denver,SIP_ENTERPRISE,,Success,,always,True,ORIGINATING,2026-08-29
2026-08-11 22:31:51,643,Marcus Webb,Dallas,SIP_ENTERPRISE,ConsultativeTransfer,Success,,always,True,ORIGINATING,2026-08-11
2026-08-16 04:05:16,421,Jordan Lee,Dallas,SIP_ENTERPRISE,ConsultativeTransfer,Success,,,True,TERMINATING,2026-08-16
2026-08-19 11:34:57,850,Jordan Lee,Denver,SIP_ENTERPRISE,CallForwardBusy,Success,success,,True,ORIGINATING,2026-08-19
2026-08-21 12:21:43,585,Jamie Ortiz,Chicago,SIP_INBOUND,CallQueue,Success,success,always-pause-resume,True,ORIGINATING,2026-08-21
2026-08-23 19:02:22,2396,Riley Park,Dallas,SIP_NATIONAL,CallForwardBusy,Success,,always-pause-resume,True,TERMINATING,2026-08-23
2026-08-14 01:17:49,1643,Riley Park,Dallas,SIP_INBOUND,CallForwardBusy,Success,,always-pause-resume,True,TERMINATING,2026-08-14
2026-08-06 14:37:30,1348,Priya Nair,Dallas,SIP_MOBILE,Deflection,Success,,always,True,TERMINATING,2026-08-06
2026-08-22 20:15:35,1431,Taylor Brooks,Singapore,SIP_ENTERPRISE,,UnassignedNumber,,always-pause-resume,False,ORIGINATING,2026-08-22
2026-08-06 11:58:59,1409,Morgan Quinn,Singapore,SIP_NATIONAL,,Success,,always,True,TERMINATING,2026-08-06
2026-08-21 22:15:40,1039,Marcus Webb,Denver,SIP_INTERNATIONAL,CallForwardBusy,Success,success,always-pause-resume,True,ORIGINATING,2026-08-21
2026-08-27 15:30:00,924,Casey Rivera,Chicago,SIP_ENTERPRISE,CallQueue,Success,,always-pause-resume,True,TERMINATING,2026-08-27
2026-08-12 13:44:15,1926,Jordan Lee,Dallas,SIP_ENTERPRISE,CallQueue,Success,,always-pause-resume,True,ORIGINATING,2026-08-12
2026-08-25 19:15:52,1210,Riley Park,London,SIP_NATIONAL,CallForwardBusy,Success,,always-pause-resume,True,ORIGINATING,2026-08-25
2026-08-14 06:57:49,766,Casey Rivera,London,SIP_ENTERPRISE,ConsultativeTransfer,Success,,always,True,ORIGINATING,2026-08-14
2026-08-15 08:33:15,354,Riley Park,Singapore,SIP_ENTERPRISE,CallForwardBusy,Success,,always,True,ORIGINATING,2026-08-15
2026-08-31 15:57:27,1418,Sam Chen,Singapore,SIP_MOBILE,Deflection,Success,success,,True,TERMINATING,2026-08-31
2026-08-13 18:01:11,765,Sam Chen,Dallas,SIP_ENTERPRISE,CallForwardBusy,Success,,,True,ORIGINATING,2026-08-13
2026-08-24 21:28:40,1221,Jordan Lee,Singapore,SIP_INBOUND,,Success,,always-pause-resume,True,ORIGINATING,2026-08-24
2026-09-02 08:42:56,964,Casey Rivera,London,SIP_INBOUND,CallForwardBusy,Success,,always-pause-resume,True,ORIGINATING,2026-09-02
2026-08-27 17:06:49,32,Sam Chen,Singapore,SIP_ENTERPRISE,CallForwardBusy,Success,,,True,TERMINATING,2026-08-27
2026-09-01 01:22:51,744,Riley Park,Chicago,SIP_ENTERPRISE,CallForwardNoAnswer,Success,success,always,True,ORIGINATING,2026-09-01
2026-08-28 19:59:12,1988,Jordan Lee,Singapore,SIP_SHORTCODE,,Success,success,always-pause-resume,True,ORIGINATING,2026-08-28
2026-08-09 22:24:53,1948,Morgan Quinn,Denver,SIP_ENTERPRISE,ConsultativeTransfer,Success,,always-pause-resume,True,TERMINATING,2026-08-09
2026-08-19 02:15:25,1459,Casey Rivera,Denver,SIP_INBOUND,ConsultativeTransfer,Success,,,True,TERMINATING,2026-08-19
2026-09-05 05:23:48,792,Jordan Lee,Denver,SIP_INBOUND,,Success,,always,True,ORIGINATING,2026-09-05
2026-08-18 08:45:55,2356,Riley Park,Singapore,SIP_INBOUND,CallQueue,CallRejected,success,always-pause-resume,False,ORIGINATING,2026-08-18
2026-08-29 17:53:31,1545,Priya Nair,Singapore,SIP_ENTERPRISE,CallForwardNoAnswer,Success,,,True,ORIGINATING,2026-08-29
2026-08-12 14:06:03,420,Jamie Ortiz,Dallas,SIP_INBOUND,Deflection,Success,,,True,ORIGINATING,2026-08-12
2026-08-17 10:26:19,1061,Casey Rivera,Singapore,SIP_NATIONAL,Deflection,Success,success,always-pause-resume,True,ORIGINATING,2026-08-17
2026-08-25 21:28:23,0,Marcus Webb,Singapore,SIP_INTERNATIONAL,CallForwardBusy,UnassignedNumber,,always-pause-resume,False,ORIGINATING,2026-08-25
2026-08-06 10:30:46,1952,Marcus Webb,Dallas,SIP_ENTERPRISE,CallForwardBusy,Success,success,always,True,ORIGINATING,2026-08-06
2026-08-25 10:24:35,366,Alex Morgan,Chicago,SIP_ENTERPRISE,ConsultativeTransfer,Success,,,True,ORIGINATING,2026-08-25
2026-08-13 12:14:56,1503,Sam Chen,Chicago,SIP_NATIONAL,,Success,,always,True,TERMINATING,2026-08-13
2026-08-25 11:41:44,220,Jamie Ortiz,Denver,SIP_INBOUND,,Success,success,,True,ORIGINATING,2026-08-25
2026-08-08 11:16:56,1997,Marcus Webb,Dallas,SIP_ENTERPRISE,,Success,,always-pause-resume,True,TERMINATING,2026-08-08
2026-08-26 23:35:53,676,Jordan Lee,Denver,SIP_ENTERPRISE,CallForwardBusy,Success,,always-pause-resume,True,ORIGINATING,2026-08-26
2026-08-16 08:24:39,1365,Marcus Webb,Singapore,SIP_ENTERPRISE,CallQueue,Success,success,,True,TERMINATING,2026-08-16
2026-08-24 02:59:35,964,Riley Park,London,SIP_INTERNATIONAL,ConsultativeTransfer,Success,success,always-pause-resume,True,TERMINATING,2026-08-24
2026-08-10 21:00:59,581,Alex Morgan,Denver,SIP_MOBILE,ConsultativeTransfer,Success,,,True,ORIGINATING,2026-08-10
2026-08-30 02:07:17,2216,Priya Nair,Chicago,SIP_ENTERPRISE,,Success,,always,True,TERMINATING,2026-08-30
2026-08-24 19:31:56,1048,Jamie Ortiz,Dallas,SIP_INBOUND,CallForwardNoAnswer,Success,,always,True,ORIGINATING,2026-08-24
2026-08-31 00:05:30,2379,Taylor Brooks,London,SIP_NATIONAL,ConsultativeTransfer,Success,,always-pause-resume,True,ORIGINATING,2026-08-31
2026-08-24 06:27:37,745,Taylor Brooks,Chicago,SIP_ENTERPRISE,ConsultativeTransfer,Success,,always-pause-resume,True,ORIGINATING,2026-08-24
2026-09-01 13:34:16,439,Jamie Ortiz,Denver,SIP_ENTERPRISE,ConsultativeTransfer,Success,success,,True,ORIGINATING,2026-09-01
2026-08-16 16:37:18,142,Alex Morgan,Chicago,SIP_ENTERPRISE,CallForwardNoAnswer,Success,,,True,ORIGINATING,2026-08-16
2026-08-14 02:37:41,1835,Riley Park,Chicago,SIP_NATIONAL,ConsultativeTransfer,Success,,always,True,TERMINATING,2026-08-14
2026-08-12 05:32:09,213,Jordan Lee,Chicago,SIP_ENTERPRISE,CallForwardBusy,CallRejected,,always,False,ORIGINATING,2026-08-12
2026-08-25 20:02:33,1310,Jordan Lee,Denver,SIP_MOBILE,,Success,,,True,TERMINATING,2026-08-25
2026-08-11 15:54:24,913,Morgan Quinn,Dallas,SIP_NATIONAL,Deflection,Success,,,True,ORIGINATING,2026-08-11
2026-08-31 22:53:24,233,Priya Nair,London,SIP_ENTERPRISE,CallQueue,UnassignedNumber,success,,False,ORIGINATING,2026-08-31
2026-08-15 06:18:06,1331,Jordan Lee,London,SIP_INBOUND,CallForwardBusy,Success,,always,True,TERMINATING,2026-08-15
2026-08-13 09:24:44,804,Alex Morgan,London,SIP_ENTERPRISE,Deflection,Success,,,True,TERMINATING,2026-08-13
2026-09-02 13:11:54,1582,Jamie Ortiz,Chicago,SIP_ENTERPRISE,ConsultativeTransfer,Success,,always-pause-resume,True,ORIGINATING,2026-09-02
2026-08-20 19:17:18,912,Sam Chen,Denver,SIP_INBOUND,CallQueue,Success,,always-pause-resume,True,ORIGINATING,2026-08-20
2026-08-14 06:11:57,1115,Sam Chen,Chicago,SIP_ENTERPRISE,ConsultativeTransfer,Success,,always-pause-resume,True,ORIGINATING,2026-08-14
2026-08-15 20:38:30,2108,Jordan Lee,Dallas,SIP_MOBILE,CallQueue,CallRejected,,,False,TERMINATING,2026-08-15
2026-08-31 21:27:00,1774,Taylor Brooks,Denver,SIP_ENTERPRISE,Deflection,Success,,always-pause-resume,True,TERMINATING,2026-08-31
2026-08-18 21:13:59,70,Casey Rivera,Dallas,SIP_ENTERPRISE,CallForwardBusy,Success,,always,True,ORIGINATING,2026-08-18
2026-08-14 21:04:38,899,Alex Morgan,London,SIP_ENTERPRISE,CallForwardNoAnswer,Success,,always,True,ORIGINATING,2026-08-14
2026-08-11 10:40:00,2034,Jordan Lee,Singapore,SIP_INBOUND,,Success,,,True,ORIGINATING,2026-08-11
2026-08-31 03:49:05,274,Taylor Brooks,Chicago,SIP_INBOUND,Deflection,Success,,,True,TERMINATING,2026-08-31
2026-08-16 09:24:11,68,Jamie Ortiz,Chicago,SIP_NATIONAL,,Success,,always-pause-resume,True,ORIGINATING,2026-08-16
2026-08-11 18:25:22,674,Morgan Quinn,Chicago,SIP_NATIONAL,ConsultativeTransfer,Success,,,True,TERMINATING,2026-08-11
2026-09-05 00:44:19,1319,Morgan Quinn,Dallas,SIP_ENTERPRISE,Deflection,Success,,always-pause-resume,True,ORIGINATING,2026-09-05
2026-09-04 13:48:52,2177,Priya Nair,Chicago,SIP_ENTERPRISE,Deflection,Success,,always,True,ORIGINATING,2026-09-04
2026-08-11 15:42:03,128,Casey Rivera,Singapore,SIP_ENTERPRISE,ConsultativeTransfer,CallRejected,,always,False,ORIGINATING,2026-08-11
2026-08-25 17:48:24,426,Taylor Brooks,London,SIP_ENTERPRISE,ConsultativeTransfer,Success,,always,True,TERMINATING,2026-08-25
2026-08-21 07:13:56,504,Casey Rivera,Chicago,SIP_ENTERPRISE,CallQueue,Success,,always,True,ORIGINATING,2026-08-21
2026-08-26 17:34:08,80,Riley Park,Dallas,SIP_ENTERPRISE,CallForwardNoAnswer,Success,,,True,ORIGINATING,2026-08-26
2026-08-18 06:21:04,1377,Morgan Quinn,London,SIP_INTERNATIONAL,ConsultativeTransfer,Success,,always-pause-resume,True,ORIGINATING,2026-08-18
2026-08-07 15:50:36,1734,Morgan Quinn,Dallas,SIP_ENTERPRISE,CallQueue,Success,success,always,True,TERMINATING,2026-08-07
2026-08-19 10:10:55,576,Alex Morgan,Dallas,SIP_ENTERPRISE,CallForwardBusy,Success,,,True,ORIGINATING,2026-08-19
2026-08-31 02:05:45,1093,Alex Morgan,Chicago,SIP_MOBILE,Deflection,Success,,,True,ORIGINATING,2026-08-31
2026-08-13 18:25:56,166,Riley Park,Dallas,SIP_ENTERPRISE,Deflection,Success,,always,True,ORIGINATING,2026-08-13
2026-09-04 17:33:24,1915,Casey Rivera,Chicago,SIP_MOBILE,CallForwardNoAnswer,Success,,always,True,TERMINATING,2026-09-04
2026-09-03 09:11:51,364,Casey Rivera,Dallas,SIP_INBOUND,,Success,,,True,ORIGINATING,2026-09-03
2026-08-26 03:51:57,2249,Morgan Quinn,London,SIP_ENTERPRISE,Deflection,Success,,always,True,TERMINATING,2026-08-26
2026-08-12 20:51:21,1628,Riley Park,Singapore,SIP_ENTERPRISE,CallQueue,CallRejected,,always-pause-resume,False,ORIGINATING,2026-08-12
2026-08-16 02:09:19,238,Taylor Brooks,Denver,SIP_ENTERPRISE,ConsultativeTransfer,Success,success,always-pause-resume,True,ORIGINATING,2026-08-16
2026-08-07 22:08:25,452,Jamie Ortiz,Denver,SIP_ENTERPRISE,CallQueue,Success,,always-pause-resume,True,TERMINATING,2026-08-07
2026-08-26 17:10:21,1138,Taylor Brooks,Singapore,SIP_ENTERPRISE,,Success,,always-pause-resume,True,TERMINATING,2026-08-26
2026-08-30 07:59:49,428,Sam Chen,London,SIP_INBOUND,CallForwardBusy,CallRejected,,always-pause-resume,False,ORIGINATING,2026-08-30
2026-08-10 15:19:37,459,Casey Rivera,Singapore,SIP_NATIONAL,,Success,,always-pause-resume,True,TERMINATING,2026-08-10
2026-08-16 22:35:51,1323,Marcus Webb,London,SIP_ENTERPRISE,CallForwardBusy,CallRejected,,always-pause-resume,False,TERMINATING,2026-08-16
2026-08-11 17:03:12,2361,Sam Chen,London,SIP_ENTERPRISE,ConsultativeTransfer,Success,,always-pause-resume,True,ORIGINATING,2026-08-11
2026-08-31 23:35:08,0,Riley Park,Chicago,SIP_INTERNATIONAL,CallForwardNoAnswer,Success,,always-pause-resume,True,ORIGINATING,2026-08-31
2026-08-25 05:16:26,1600,Priya Nair,London,SIP_ENTERPRISE,CallForwardBusy,Success,,always,True,ORIGINATING,2026-08-25
2026-08-08 02:47:31,2056,Riley Park,Denver,SIP_ENTERPRISE,CallQueue,Success,,always-pause-resume,True,TERMINATING,2026-08-08
2026-08-18 10:49:14,2176,Marcus Webb,Denver,SIP_NATIONAL,ConsultativeTransfer,Success,,always,True,TERMINATING,2026-08-18
2026-08-21 21:22:10,2089,Casey Rivera,Denver,SIP_ENTERPRISE,ConsultativeTransfer,Success,,,True,ORIGINATING,2026-08-21
2026-08-21 15:38:10,2319,Sam Chen,Chicago,SIP_ENTERPRISE,,Success,,,True,ORIGINATING,2026-08-21
2026-08-27 10:39:14,2269,Alex Morgan,Denver,SIP_ENTERPRISE,CallForwardNoAnswer,CallRejected,,always,False,ORIGINATING,2026-08-27
2026-08-06 21:58:18,1094,Priya Nair,Singapore,SIP_ENTERPRISE,CallQueue,Success,,,True,ORIGINATING,2026-08-06
2026-08-18 17:51:31,2091,Sam Chen,Singapore,SIP_ENTERPRISE,CallForwardNoAnswer,UnassignedNumber,,always-pause-resume,False,TERMINATING,2026-08-18
2026-08-25 00:04:30,2375,Alex Morgan,Chicago,SIP_NATIONAL,CallQueue,Success,,always,True,TERMINATING,2026-08-25
2026-08-25 11:45:05,1434,Marcus Webb,Chicago,SIP_MOBILE,CallQueue,Success,success,always-pause-resume,True,ORIGINATING,2026-08-25
2026-08-29 16:27:27,981,Alex Morgan,Singapore,SIP_ENTERPRISE,CallQueue,Success,,always-pause-resume,True,ORIGINATING,2026-08-29
2026-09-02 20:45:27,1037,Casey Rivera,London,SIP_NATIONAL,CallQueue,Success,,,True,TERMINATING,2026-09-02
2026-08-26 22:07:59,1637,Riley Park,Denver,SIP_INBOUND,CallQueue,Success,,always,True,ORIGINATING,2026-08-26
2026-08-11 06:25:25,1627,Alex Morgan,Denver,SIP_ENTERPRISE,CallForwardBusy,Success,,always-pause-resume,True,TERMINATING,2026-08-11
2026-08-26 04:33:13,788,Morgan Quinn,Singapore,SIP_INTERNATIONAL,ConsultativeTransfer,Success,,,True,ORIGINATING,2026-08-26
2026-08-16 14:01:02,809,Sam Chen,Chicago,SIP_ENTERPRISE,CallForwardBusy,Success,,always-pause-resume,True,ORIGINATING,2026-08-16
2026-08-10 22:27:40,2383,Riley Park,London,SIP_ENTERPRISE,CallQueue,Success,,always-pause-resume,True,ORIGINATING,2026-08-10
2026-08-10 01:25:22,1808,Casey Rivera,Singapore,SIP_INBOUND,CallForwardNoAnswer,Success,,,True,ORIGINATING,2026-08-10
2026-08-09 21:23:03,2227,Priya Nair,Chicago,SIP_NATIONAL,Deflection,Success,,,True,ORIGINATING,2026-08-09
2026-08-23 14:21:16,730,Riley Park,Chicago,SIP_ENTERPRISE,Deflection,Success,,always,True,ORIGINATING,2026-08-23
2026-09-03 07:54:16,274,Casey Rivera,Dallas,SIP_NATIONAL,,Success,,always-pause-resume,True,TERMINATING,2026-09-03
2026-08-17 00:47:18,1137,Jamie Ortiz,Dallas,SIP_NATIONAL,,Success,,always-pause-resume,True,TERMINATING,2026-08-17
2026-08-06 18:47:46,1645,Jamie Ortiz,Dallas,SIP_INBOUND,Deflection,Success,,always-pause-resume,True,ORIGINATING,2026-08-06
2026-08-28 18:08:08,168,Alex Morgan,London,SIP_INBOUND,CallQueue,Success,,always-pause-resume,True,ORIGINATING,2026-08-28
2026-08-07 05:11:23,937,Sam Chen,Singapore,SIP_ENTERPRISE,CallForwardBusy,Success,,,True,ORIGINATING,2026-08-07
2026-08-23 20:00:17,198,Casey Rivera,Chicago,SIP_INTERNATIONAL,ConsultativeTransfer,Success,success,always,True,TERMINATING,2026-08-23
2026-08-29 05:38:47,909,Riley Park,Singapore,SIP_ENTERPRISE,CallForwardBusy,Success,,always-pause-resume,True,TERMINATING,2026-08-29
2026-08-27 10:33:56,227,Jamie Ortiz,Singapore,SIP_NATIONAL,CallQueue,Success,,always-pause-resume,True,ORIGINATING,2026-08-27
2026-08-07 08:30:22,719,Priya Nair,Denver,SIP_INBOUND,CallForwardNoAnswer,Success,,always-pause-resume,True,ORIGINATING,2026-08-07
2026-09-04 20:55:24,384,Morgan Quinn,London,SIP_ENTERPRISE,,Success,,always-pause-resume,True,ORIGINATING,2026-09-04
2026-08-20 23:11:12,1827,Alex Morgan,Singapore,SIP_INBOUND,CallQueue,Success,,,True,ORIGINATING,2026-08-20
2026-08-24 05:08:23,1744,Jordan Lee,Singapore,SIP_ENTERPRISE,CallForwardNoAnswer,Success,,always-pause-resume,True,TERMINATING,2026-08-24
2026-08-31 18:23:28,1481,Casey Rivera,Chicago,SIP_ENTERPRISE,ConsultativeTransfer,Success,,always,True,ORIGINATING,2026-08-31
2026-08-27 18:00:29,1334,Jordan Lee,Dallas,SIP_ENTERPRISE,CallForwardNoAnswer,Success,,always,True,ORIGINATING,2026-08-27
2026-08-06 08:02:44,1363,Jamie Ortiz,Chicago,SIP_SHORTCODE,CallForwardBusy,Success,success,always-pause-resume,True,TERMINATING,2026-08-06
2026-08-11 21:13:03,377,Alex Morgan,Denver,SIP_ENTERPRISE,,Success,,,True,TERMINATING,2026-08-11
2026-08-26 05:53:10,1624,Alex Morgan,Chicago,SIP_ENTERPRISE,,Success,,,True,ORIGINATING,2026-08-26
2026-08-11 05:20:01,1343,Casey Rivera,Singapore,SIP_NATIONAL,CallQueue,Success,,always-pause-resume,True,ORIGINATING,2026-08-11
2026-08-23 02:02:37,241,Casey Rivera,Dallas,SIP_ENTERPRISE,,CallRejected,,always-pause-resume,False,ORIGINATING,2026-08-23
2026-09-04 07:01:50,1232,Jamie Ortiz,Dallas,SIP_ENTERPRISE,CallQueue,Success,,always,True,ORIGINATING,2026-09-04
2026-08-19 17:43:55,899,Alex Morgan,London,SIP_INTERNATIONAL,CallForwardNoAnswer,Success,failed,,True,TERMINATING,2026-08-19
2026-08-10 10:30:45,1730,Alex Morgan,Singapore,SIP_ENTERPRISE,CallQueue,Success,success,,True,ORIGINATING,2026-08-10
2026-08-17 17:50:38,2329,Marcus Webb,Denver,SIP_ENTERPRISE,CallForwardBusy,Success,,always-pause-resume,True,ORIGINATING,2026-08-17
2026-09-03 04:04:39,338,Riley Park,Singapore,SIP_MOBILE,CallForwardNoAnswer,Success,,,True,TERMINATING,2026-09-03
2026-08-23 12:22:38,565,Morgan Quinn,London,SIP_ENTERPRISE,Deflection,Success,,always,True,ORIGINATING,2026-08-23
2026-08-27 00:56:26,2376,Jordan Lee,Dallas,SIP_ENTERPRISE,CallForwardNoAnswer,Success,,always,True,ORIGINATING,2026-08-27
2026-08-19 16:22:39,835,Taylor Brooks,Dallas,SIP_ENTERPRISE,ConsultativeTransfer,Success,,,True,ORIGINATING,2026-08-19
2026-08-11 19:31:47,2274,Jamie Ortiz,Dallas,SIP_INBOUND,,Success,,,True,ORIGINATING,2026-08-11
2026-08-23 13:44:42,555,Jordan Lee,London,SIP_MOBILE,Deflection,Success,,,True,ORIGINATING,2026-08-23
2026-08-21 23:16:34,706,Riley Park,Singapore,SIP_ENTERPRISE,Deflection,Success,,always,True,TERMINATING,2026-08-21
2026-08-30 01:27:57,1530,Taylor Brooks,Chicago,SIP_ENTERPRISE,CallForwardBusy,CallRejected,,always-pause-resume,False,ORIGINATING,2026-08-30
2026-08-27 22:19:31,830,Jordan Lee,Singapore,SIP_ENTERPRISE,CallQueue,Success,,always-pause-resume,True,ORIGINATING,2026-08-27
2026-09-01 02:03:24,507,Alex Morgan,Denver,SIP_NATIONAL,ConsultativeTransfer,Success,,,True,TERMINATING,2026-09-01
2026-08-07 08:22:00,2253,Jordan Lee,Denver,SIP_INBOUND,,Success,success,always,True,TERMINATING,2026-08-07
2026-08-16 23:38:22,1806,Alex Morgan,Singapore,SIP_INBOUND,ConsultativeTransfer,UnassignedNumber,success,always,False,ORIGINATING,2026-08-16
2026-08-23 04:21:33,1030,Riley Park,Dallas,SIP_ENTERPRISE,CallForwardBusy,Success,,always,True,ORIGINATING,2026-08-23
2026-08-16 14:43:18,134,Priya Nair,London,SIP_ENTERPRISE,,Success,,,True,ORIGINATING,2026-08-16
2026-08-18 04:04:05,1616,Sam Chen,London,SIP_ENTERPRISE,ConsultativeTransfer,Success,,always-pause-resume,True,ORIGINATING,2026-08-18
2026-08-12 16:56:16,183,Marcus Webb,Singapore,SIP_MOBILE,ConsultativeTransfer,Success,,,True,TERMINATING,2026-08-12
2026-08-18 00:35:01,2377,Alex Morgan,Denver,SIP_ENTERPRISE,CallForwardNoAnswer,Success,,always,True,ORIGINATING,2026-08-18
2026-08-10 12:29:47,1124,Casey Rivera,London,SIP_INBOUND,CallForwardNoAnswer,TemporarilyUnavailable,,,False,ORIGINATING,2026-08-10
2026-09-04 15:58:43,395,Alex Morgan,Singapore,SIP_SHORTCODE,,Success,,always,True,TERMINATING,2026-09-04
2026-08-30 13:10:31,300,Taylor Brooks,Dallas,SIP_NATIONAL,CallForwardNoAnswer,Success,,,True,ORIGINATING,2026-08-30
2026-08-16 20:43:11,252,Riley Park,Denver,SIP_INBOUND,CallForwardBusy,Success,,,True,TERMINATING,2026-08-16
2026-09-02 17:17:06,560,Morgan Quinn,Dallas,SIP_NATIONAL,CallForwardBusy,Success,,always-pause-resume,True,TERMINATING,2026-09-02
2026-08-23 15:07:58,276,Sam Chen,Singapore,SIP_ENTERPRISE,CallForwardNoAnswer,Success,,,True,ORIGINATING,2026-08-23
2026-09-04 01:26:51,332,Taylor Brooks,Singapore,SIP_ENTERPRISE,CallForwardBusy,Success,,always-pause-resume,True,ORIGINATING,2026-09-04
2026-08-19 06:37:57,1312,Jordan Lee,London,SIP_MOBILE,Deflection,Success,,always,True,ORIGINATING,2026-08-19
2026-08-14 07:25:47,1641,Taylor Brooks,Chicago,SIP_INBOUND,CallForwardNoAnswer,Success,,,True,ORIGINATING,2026-08-14
2026-08-12 02:21:10,204,Sam Chen,Singapore,SIP_NATIONAL,ConsultativeTransfer,TemporarilyUnavailable,,,False,ORIGINATING,2026-08-12
2026-08-06 03:45:26,117,Alex Morgan,Denver,SIP_ENTERPRISE,,Success,,always-pause-resume,True,TERMINATING,2026-08-06
2026-08-24 21:40:52,1701,Sam Chen,Chicago,SIP_NATIONAL,CallForwardBusy,Success,,,True,TERMINATING,2026-08-24
2026-08-13 23:13:15,1302,Alex Morgan,Chicago,SIP_ENTERPRISE,CallForwardNoAnswer,Success,success,,True,ORIGINATING,2026-08-13
2026-08-31 21:10:54,867,Alex Morgan,Dallas,SIP_ENTERPRISE,ConsultativeTransfer,Success,success,always-pause-resume,True,TERMINATING,2026-08-31
2026-08-22 16:45:49,2360,Priya Nair,Dallas,SIP_INBOUND,,Success,,always-pause-resume,True,ORIGINATING,2026-08-22
2026-08-30 01:20:16,2295,Priya Nair,London,SIP_ENTERPRISE,CallQueue,Success,,always-pause-resume,True,ORIGINATING,2026-08-30
2026-08-23 07:15:00,939,Morgan Quinn,Dallas,SIP_ENTERPRISE,CallForwardNoAnswer,Success,,always,True,ORIGINATING,2026-08-23
2026-08-07 20:45:49,1066,Priya Nair,Dallas,SIP_ENTERPRISE,CallQueue,Success,,,True,ORIGINATING,2026-08-07
2026-08-22 09:12:09,2048,Taylor Brooks,London,SIP_ENTERPRISE,CallForwardBusy,Success,,always-pause-resume,True,ORIGINATING,2026-08-22
2026-08-16 00:55:50,273,Jordan Lee,Chicago,SIP_MOBILE,ConsultativeTransfer,Success,,always,True,ORIGINATING,2026-08-16
2026-08-23 11:45:56,130,Riley Park,Dallas,SIP_ENTERPRISE,CallQueue,Success,,always-pause-resume,True,ORIGINATING,2026-08-23
2026-08-16 02:34:40,2047,Casey Rivera,Denver,SIP_ENTERPRISE,ConsultativeTransfer,Success,,always,True,TERMINATING,2026-08-16
2026-08-14 18:13:44,666,Jamie Ortiz,Dallas,SIP_ENTERPRISE,CallQueue,Success,,,True,ORIGINATING,2026-08-14
2026-09-02 08:50:46,1803,Morgan Quinn,Chicago,SIP_ENTERPRISE,ConsultativeTransfer,Success,,,True,ORIGINATING,2026-09-02
2026-08-30 22:56:06,1244,Alex Morgan,Dallas,SIP_ENTERPRISE,CallQueue,Success,success,always-pause-resume,True,ORIGINATING,2026-08-30
2026-08-18 07:29:50,139,Riley Park,Denver,SIP_ENTERPRISE,Deflection,Success,,always,True,ORIGINATING,2026-08-18
2026-08-21 15:33:25,86,Riley Park,Chicago,SIP_ENTERPRISE,Deflection,CallRejected,success,always,False,TERMINATING,2026-08-21
2026-09-05 02:07:02,922,Alex Morgan,Dallas,SIP_ENTERPRISE,CallForwardNoAnswer,Success,,always,True,ORIGINATING,2026-09-05
2026-08-16 23:03:29,886,Jordan Lee,Denver,SIP_ENTERPRISE,Deflection,Success,,always-pause-resume,True,ORIGINATING,2026-08-16
2026-08-11 11:51:05,809,Jordan Lee,Chicago,SIP_ENTERPRISE,ConsultativeTransfer,Success,,always-pause-resume,True,ORIGINATING,2026-08-11
2026-08-16 02:19:46,1160,Jamie Ortiz,Singapore,SIP_ENTERPRISE,,Success,,,True,TERMINATING,2026-08-16
2026-08-18 09:03:59,624,Riley Park,London,SIP_ENTERPRISE,CallQueue,Success,,,True,ORIGINATING,2026-08-18
2026-08-13 09:53:02,1549,Casey Rivera,Singapore,SIP_ENTERPRISE,Deflection,Success,,,True,ORIGINATING,2026-08-13
2026-09-03 03:56:22,1817,Priya Nair,Denver,SIP_ENTERPRISE,Deflection,Success,,always-pause-resume,True,ORIGINATING,2026-09-03
2026-08-26 01:36:43,2242,Morgan Quinn,Singapore,SIP_ENTERPRISE,,Success,,always-pause-resume,True,TERMINATING,2026-08-26
2026-08-28 01:51:24,1324,Priya Nair,Denver,SIP_ENTERPRISE,CallForwardNoAnswer,TemporarilyUnavailable,,always-pause-resume,False,TERMINATING,2026-08-28
2026-09-03 04:06:28,1957,Morgan Quinn,Singapore,SIP_ENTERPRISE,CallForwardNoAnswer,Success,success,always-pause-resume,True,ORIGINATING,2026-09-03
2026-08-12 08:24:07,710,Morgan Quinn,Dallas,SIP_ENTERPRISE,,Success,,always,True,TERMINATING,2026-08-12
2026-08-17 19:39:32,1684,Riley Park,Chicago,SIP_NATIONAL,ConsultativeTransfer,Success,success,,True,ORIGINATING,2026-08-17
2026-08-22 03:53:11,1625,Jordan Lee,Denver,SIP_ENTERPRISE,,Success,success,always-pause-resume,True,ORIGINATING,2026-08-22
2026-08-30 17:55:17,539,Sam Chen,Chicago,SIP_NATIONAL,ConsultativeTransfer,Success,,,True,TERMINATING,2026-08-30
2026-08-30 20:21:29,8,Priya Nair,Dallas,SIP_ENTERPRISE,,Success,,,True,TERMINATING,2026-08-30
2026-09-03 10:11:31,379,Casey Rivera,London,SIP_ENTERPRISE,CallQueue,Success,success,always-pause-resume,True,TERMINATING,2026-09-03
2026-08-25 03:41:20,1543,Alex Morgan,London,SIP_ENTERPRISE,CallForwardBusy,Success,,always-pause-resume,True,ORIGINATING,2026-08-25
2026-08-24 19:56:06,2375,Taylor Brooks,London,SIP_ENTERPRISE,,Success,,,True,TERMINATING,2026-08-24
2026-08-07 23:08:13,1829,Jordan Lee,Chicago,SIP_ENTERPRISE,,Success,,always,True,ORIGINATING,2026-08-07
2026-08-24 09:01:32,1704,Jamie Ortiz,London,SIP_ENTERPRISE,CallForwardBusy,Success,success,always-pause-resume,True,ORIGINATING,2026-08-24
2026-08-21 20:46:25,1650,Taylor Brooks,Dallas,SIP_NATIONAL,ConsultativeTransfer,Success,,always-pause-resume,True,TERMINATING,2026-08-21
2026-08-09 15:52:50,68,Jordan Lee,Singapore,SIP_ENTERPRISE,CallForwardNoAnswer,UnassignedNumber,,always-pause-resume,False,ORIGINATING,2026-08-09
2026-08-31 13:03:03,229,Morgan Quinn,London,SIP_ENTERPRISE,CallQueue,Success,,always-pause-resume,True,ORIGINATING,2026-08-31
2026-09-02 00:43:04,2127,Morgan Quinn,Dallas,SIP_ENTERPRISE,CallForwardNoAnswer,Success,,always-pause-resume,True,ORIGINATING,2026-09-02
2026-08-15 16:54:07,1622,Casey Rivera,Singapore,SIP_ENTERPRISE,ConsultativeTransfer,Success,success,always,True,TERMINATING,2026-08-15
2026-08-30 20:40:01,832,Casey Rivera,Denver,SIP_MOBILE,CallForwardBusy,Success,,,True,TERMINATING,2026-08-30
2026-08-28 00:08:47,1874,Morgan Quinn,Dallas,SIP_ENTERPRISE,ConsultativeTransfer,Success,success,always,True,ORIGINATING,2026-08-28
2026-08-08 02:19:32,1803,Alex Morgan,Denver,SIP_INTERNATIONAL,CallForwardNoAnswer,Success,,,True,TERMINATING,2026-08-08
2026-08-18 14:04:02,241,Taylor Brooks,Dallas,SIP_INBOUND,CallQueue,Success,,always,True,ORIGINATING,2026-08-18
2026-08-21 09:52:44,2045,Priya Nair,Dallas,SIP_ENTERPRISE,CallQueue,Success,,,True,ORIGINATING,2026-08-21
2026-08-10 12:27:25,418,Taylor Brooks,Singapore,SIP_MOBILE,Deflection,Success,success,always-pause-resume,True,ORIGINATING,2026-08-10
2026-08-26 10:12:24,639,Jamie Ortiz,London,SIP_ENTERPRISE,CallQueue,Success,,always-pause-resume,True,TERMINATING,2026-08-26
2026-08-29 12:04:38,635,Morgan Quinn,Singapore,SIP_MOBILE,CallQueue,Success,,always,True,ORIGINATING,2026-08-29
2026-09-05 09:11:34,1561,Alex Morgan,Denver,SIP_ENTERPRISE,,Success,,always,True,ORIGINATING,2026-09-05
2026-08-20 09:33:10,1649,Riley Park,Denver,SIP_INBOUND,CallQueue,UnassignedNumber,,,False,ORIGINATING,2026-08-20
2026-08-22 07:35:36,2038,Morgan Quinn,Chicago,SIP_ENTERPRISE,ConsultativeTransfer,Success,,always-pause-resume,True,ORIGINATING,2026-08-22
2026-08-24 02:25:43,1931,Taylor Brooks,Dallas,SIP_NATIONAL,CallQueue,Success,,,True,TERMINATING,2026-08-24
2026-08-07 00:06:30,801,Alex Morgan,Denver,SIP_INBOUND,ConsultativeTransfer,Success,success,always-pause-resume,True,TERMINATING,2026-08-07
2026-08-20 21:53:39,454,Morgan Quinn,Dallas,SIP_ENTERPRISE,CallForwardNoAnswer,Success,success,always-pause-resume,True,ORIGINATING,2026-08-20
2026-08-29 03:44:15,1615,Sam Chen,Singapore,SIP_ENTERPRISE,Deflection,Success,,always-pause-resume,True,ORIGINATING,2026-08-29
2026-08-27 14:12:02,1539,Morgan Quinn,Chicago,SIP_ENTERPRISE,,Success,,always,True,TERMINATING,2026-08-27
2026-08-06 03:41:02,615,Jamie Ortiz,Denver,SIP_INBOUND,CallQueue,Success,,always-pause-resume,True,TERMINATING,2026-08-06
2026-08-22 14:46:26,676,Jamie Ortiz,Dallas,SIP_ENTERPRISE,CallQueue,Success,,always-pause-resume,True,TERMINATING,2026-08-22
2026-08-23 05:08:13,2060,Taylor Brooks,Singapore,UNKNOWN,Deflection,Success,success,always-pause-resume,True,ORIGINATING,2026-08-23
2026-08-23 16:23:10,706,Taylor Brooks,Chicago,SIP_INBOUND,CallForwardBusy,Success,success,,True,ORIGINATING,2026-08-23
2026-08-09 09:33:05,2374,Jordan Lee,Chicago,SIP_INBOUND,CallForwardNoAnswer,Success,,,True,ORIGINATING,2026-08-09
2026-08-31 11:05:46,173,Morgan Quinn,Chicago,SIP_ENTERPRISE,ConsultativeTransfer,Success,,always-pause-resume,True,ORIGINATING,2026-08-31
2026-08-31 03:02:59,1305,Sam Chen,Chicago,SIP_ENTERPRISE,Deflection,Success,,always,True,ORIGINATING,2026-08-31
2026-08-28 17:54:48,579,Sam Chen,Denver,SIP_INBOUND,,Success,,always,True,ORIGINATING,2026-08-28
2026-08-30 12:56:31,1356,Jamie Ortiz,Singapore,SIP_ENTERPRISE,CallQueue,Success,,,True,ORIGINATING,2026-08-30
2026-09-01 05:13:10,2392,Jordan Lee,Denver,SIP_NATIONAL,,Success,,always-pause-resume,True,ORIGINATING,2026-09-01
2026-08-14 00:55:24,1914,Casey Rivera,Chicago,SIP_INBOUND,CallForwardBusy,Success,,always-pause-resume,True,ORIGINATING,2026-08-14
2026-08-30 07:36:58,2182,Casey Rivera,Singapore,SIP_MOBILE,ConsultativeTransfer,Success,success,always,True,ORIGINATING,2026-08-30
2026-08-12 03:19:19,2360,Taylor Brooks,London,SIP_ENTERPRISE,CallForwardBusy,Success,,,True,TERMINATING,2026-08-12
2026-08-30 14:28:23,1668,Morgan Quinn,London,SIP_INBOUND,ConsultativeTransfer,Success,,,True,ORIGINATING,2026-08-30
2026-09-03 00:40:32,1235,Casey Rivera,Chicago,SIP_ENTERPRISE,CallForwardBusy,Success,success,always-pause-resume,True,TERMINATING,2026-09-03
2026-08-24 17:56:21,880,Morgan Quinn,Singapore,SIP_ENTERPRISE,Deflection,TemporarilyUnavailable,,always-pause-resume,False,TERMINATING,2026-08-24
2026-08-08 17:27:15,2209,Jamie Ortiz,London,SIP_ENTERPRISE,Deflection,Success,,always-pause-resume,True,ORIGINATING,2026-08-08
2026-08-18 01:54:51,690,Sam Chen,Denver,SIP_ENTERPRISE,CallForwardBusy,Success,,always-pause-resume,True,TERMINATING,2026-08-18
2026-08-15 20:57:32,669,Marcus Webb,Dallas,SIP_MOBILE,Deflection,Success,,always,True,TERMINATING,2026-08-15
2026-08-23 12:33:11,2268,Morgan Quinn,Chicago,SIP_INBOUND,CallQueue,Success,,always-pause-resume,True,ORIGINATING,2026-08-23
2026-08-18 21:31:28,1095,Morgan Quinn,London,SIP_ENTERPRISE,,Success,,,True,TERMINATING,2026-08-18
2026-09-04 01:44:07,2025,Alex Morgan,London,SIP_NATIONAL,,Success,success,always,True,ORIGINATING,2026-09-04
2026-08-17 16:37:01,1884,Priya Nair,Dallas,SIP_ENTERPRISE,ConsultativeTransfer,CallRejected,,always,False,ORIGINATING,2026-08-17
2026-08-24 05:08:08,715,Alex Morgan,London,SIP_INBOUND,CallQueue,Success,,always-pause-resume,True,ORIGINATING,2026-08-24
2026-08-06 19:11:54,1563,Riley Park,Chicago,SIP_ENTERPRISE,ConsultativeTransfer,Success,,always-pause-resume,True,ORIGINATING,2026-08-06
2026-08-31 20:07:20,1427,Alex Morgan,Singapore,SIP_ENTERPRISE,Deflection,Success,,always,True,TERMINATING,2026-08-31
2026-08-28 21:19:42,1224,Casey Rivera,Chicago,SIP_ENTERPRISE,,Success,,always,True,TERMINATING,2026-08-28
2026-08-15 14:11:46,1070,Morgan Quinn,London,SIP_INTERNATIONAL,CallForwardBusy,Success,,always-pause-resume,True,ORIGINATING,2026-08-15
2026-08-12 07:45:25,1677,Jamie Ortiz,Singapore,SIP_MOBILE,CallQueue,Success,,always-pause-resume,True,ORIGINATING,2026-08-12
2026-08-20 13:50:35,1132,Riley Park,Chicago,SIP_INBOUND,ConsultativeTransfer,Success,,,True,ORIGINATING,2026-08-20
2026-08-14 01:14:11,2325,Alex Morgan,Singapore,SIP_NATIONAL,CallQueue,Success,,always,True,ORIGINATING,2026-08-14
2026-08-08 23:43:28,1262,Riley Park,Chicago,SIP_INBOUND,,Success,,,True,ORIGINATING,2026-08-08
2026-08-30 00:18:35,1612,Morgan Quinn,London,SIP_ENTERPRISE,,Success,,always,True,ORIGINATING,2026-08-30
2026-08-28 19:19:50,877,Casey Rivera,Dallas,SIP_ENTERPRISE,CallForwardNoAnswer,Success,,always,True,ORIGINATING,2026-08-28
2026-08-26 16:51:07,2354,Riley Park,Dallas,SIP_INBOUND,CallQueue,Success,,always,True,ORIGINATING,2026-08-26
2026-08-26 19:37:59,1162,Priya Nair,Chicago,SIP_NATIONAL,,Success,,always-pause-resume,True,TERMINATING,2026-08-26
2026-08-10 01:40:17,1131,Riley Park,Singapore,SIP_INBOUND,CallForwardNoAnswer,Success,,always-pause-resume,True,ORIGINATING,2026-08-10
2026-08-12 14:31:58,2335,Jordan Lee,Denver,SIP_ENTERPRISE,,Success,,,True,ORIGINATING,2026-08-12
2026-08-09 18:38:51,2066,Jamie Ortiz,Dallas,SIP_INTERNATIONAL,Deflection,CallRejected,,always,False,ORIGINATING,2026-08-09
2026-08-31 15:34:45,1398,Taylor Brooks,Denver,SIP_ENTERPRISE,CallForwardNoAnswer,Success,,always,True,TERMINATING,2026-08-31
2026-09-01 00:31:02,918,Priya Nair,Chicago,SIP_NATIONAL,CallForwardBusy,Success,,always-pause-resume,True,ORIGINATING,2026-09-01
2026-09-04 14:09:46,465,Jordan Lee,Singapore,SIP_ENTERPRISE,CallQueue,Success,,,True,ORIGINATING,2026-09-04
2026-08-30 22:18:09,2362,Casey Rivera,Chicago,SIP_INTERNATIONAL,,Success,,,True,TERMINATING,2026-08-30
2026-08-11 21:54:28,683,Jordan Lee,London,SIP_INBOUND,CallForwardNoAnswer,Success,,always,True,TERMINATING,2026-08-11
2026-08-30 02:24:29,829,Taylor Brooks,Denver,SIP_NATIONAL,,Success,,always,True,ORIGINATING,2026-08-30
2026-08-28 09:33:52,847,Jordan Lee,Denver,SIP_INBOUND,,Success,,,True,ORIGINATING,2026-08-28
2026-08-14 04:15:38,1298,Sam Chen,Singapore,SIP_ENTERPRISE,CallQueue,Success,success,,True,TERMINATING,2026-08-14
2026-08-19 01:14:16,1409,Jamie Ortiz,Chicago,SIP_ENTERPRISE,CallForwardBusy,UnassignedNumber,,always-pause-resume,False,ORIGINATING,2026-08-19
2026-09-03 06:19:17,450,Jamie Ortiz,Dallas,SIP_NATIONAL,ConsultativeTransfer,Success,,always-pause-resume,True,ORIGINATING,2026-09-03
2026-08-06 15:47:11,1793,Casey Rivera,Singapore,SIP_MOBILE,CallForwardBusy,Success,,always,True,ORIGINATING,2026-08-06
2026-08-06 09:34:46,1557,Marcus Webb,Singapore,SIP_ENTERPRISE,Deflection,CallRejected,,always-pause-resume,False,ORIGINATING,2026-08-06
2026-08-12 07:44:43,1391,Jordan Lee,Denver,SIP_INBOUND,,Success,,always,True,ORIGINATING,2026-08-12
2026-08-13 13:05:56,406,Riley Park,Chicago,SIP_MOBILE,CallForwardBusy,Success,,,True,ORIGINATING,2026-08-13
2026-09-03 12:49:57,2340,Jamie Ortiz,Chicago,SIP_INBOUND,CallForwardBusy,Success,,,True,ORIGINATING,2026-09-03
2026-09-01 17:14:44,585,Jamie Ortiz,London,UNKNOWN,,UnassignedNumber,,always,False,ORIGINATING,2026-09-01
2026-08-06 03:38:43,998,Taylor Brooks,Chicago,SIP_INBOUND,Deflection,TemporarilyUnavailable,,always-pause-resume,False,ORIGINATING,2026-08-06
2026-08-18 11:04:30,1699,Alex Morgan,Singapore,SIP_INTERNATIONAL,Deflection,Success,success,,True,ORIGINATING,2026-08-18
2026-08-11 19:04:53,2102,Sam Chen,Singapore,SIP_NATIONAL,CallForwardBusy,Success,,always,True,ORIGINATING,2026-08-11
2026-09-01 09:27:08,2305,Jordan Lee,Singapore,SIP_INBOUND,Deflection,Success,,,True,ORIGINATING,2026-09-01
2026-08-26 12:06:56,36,Jamie Ortiz,London,SIP_INBOUND,CallForwardNoAnswer,Success,,always-pause-resume,True,ORIGINATING,2026-08-26
2026-08-09 18:52:56,457,Taylor Brooks,London,SIP_INBOUND,,Success,,always,True,ORIGINATING,2026-08-09
2026-08-28 15:14:56,1510,Jordan Lee,Chicago,SIP_NATIONAL,CallForwardBusy,Success,,,True,ORIGINATING,2026-08-28
2026-09-05 08:03:20,312,Alex Morgan,Chicago,SIP_NATIONAL,CallQueue,CallRejected,,,False,TERMINATING,2026-09-05
2026-08-20 02:59:01,868,Marcus Webb,Singapore,SIP_ENTERPRISE,Deflection,Success,,always,True,ORIGINATING,2026-08-20
2026-08-28 14:32:09,229,Sam Chen,London,SIP_INBOUND,,Success,,always,True,TERMINATING,2026-08-28
2026-08-30 10:02:20,1570,Alex Morgan,Denver,SIP_NATIONAL,,TemporarilyUnavailable,,,False,TERMINATING,2026-08-30
2026-08-29 15:10:28,1027,Morgan Quinn,Denver,SIP_NATIONAL,CallForwardNoAnswer,CallRejected,,always-pause-resume,False,TERMINATING,2026-08-29
2026-08-06 01:17:15,329,Taylor Brooks,Denver,SIP_NATIONAL,ConsultativeTransfer,Success,,always-pause-resume,True,ORIGINATING,2026-08-06
2026-08-16 10:41:36,664,Jordan Lee,London,SIP_ENTERPRISE,CallQueue,Success,,always-pause-resume,True,ORIGINATING,2026-08-16
2026-08-27 09:12:29,60,Taylor Brooks,Dallas,SIP_INTERNATIONAL,CallQueue,Success,success,,True,TERMINATING,2026-08-27
2026-08-25 01:00:59,1022,Casey Rivera,London,SIP_ENTERPRISE,CallQueue,Success,success,,True,TERMINATING,2026-08-25
2026-08-25 04:00:07,289,Marcus Webb,Dallas,SIP_INBOUND,Deflection,Success,,,True,ORIGINATING,2026-08-25
2026-08-22 14:32:41,2287,Jordan Lee,Dallas,SIP_ENTERPRISE,,UnassignedNumber,,always-pause-resume,False,TERMINATING,2026-08-22
2026-08-11 12:21:04,1680,Casey Rivera,London,SIP_ENTERPRISE,Deflection,Success,,always-pause-resume,True,TERMINATING,2026-08-11
2026-08-16 00:04:58,441,Riley Park,Dallas,SIP_ENTERPRISE,ConsultativeTransfer,Success,,,True,ORIGINATING,2026-08-16
2026-09-01 05:09:56,1282,Jordan Lee,Dallas,SIP_ENTERPRISE,Deflection,Success,,always,True,TERMINATING,2026-09-01
2026-08-13 20:55:52,259,Marcus Webb,Dallas,SIP_ENTERPRISE,CallQueue,TemporarilyUnavailable,,always-pause-resume,False,TERMINATING,2026-08-13
2026-08-22 19:22:58,1522,Morgan Quinn,Denver,SIP_ENTERPRISE,CallQueue,Success,success,always,True,TERMINATING,2026-08-22
2026-08-29 14:01:59,1501,Taylor Brooks,Dallas,SIP_INTERNATIONAL,Deflection,Success,,always,True,ORIGINATING,2026-08-29
2026-08-26 13:44:42,125,Taylor Brooks,Denver,SIP_NATIONAL,CallForwardNoAnswer,Success,success,,True,TERMINATING,2026-08-26
2026-08-08 21:44:16,950,Jamie Ortiz,Dallas,SIP_ENTERPRISE,ConsultativeTransfer,Success,,always-pause-resume,True,TERMINATING,2026-08-08
2026-08-20 13:03:37,889,Jordan Lee,Singapore,SIP_INTERNATIONAL,CallForwardBusy,Success,,always,True,ORIGINATING,2026-08-20
2026-09-04 06:06:29,703,Taylor Brooks,Singapore,SIP_ENTERPRISE,CallForwardBusy,Success,success,always-pause-resume,True,TERMINATING,2026-09-04
2026-09-03 15:31:33,1860,Sam Chen,Chicago,SIP_ENTERPRISE,ConsultativeTransfer,Success,,always,True,ORIGINATING,2026-09-03
2026-08-27 19:23:03,2092,Casey Rivera,Dallas,SIP_ENTERPRISE,Deflection,CallRejected,,,False,TERMINATING,2026-08-27
2026-08-27 07:03:52,575,Taylor Brooks,London,SIP_ENTERPRISE,ConsultativeTransfer,Success,,,True,ORIGINATING,2026-08-27
2026-09-01 13:50:37,69,Sam Chen,Dallas,SIP_ENTERPRISE,CallQueue,Success,success,always,True,TERMINATING,2026-09-01
2026-08-19 14:37:39,1291,Taylor Brooks,Denver,SIP_ENTERPRISE,,Success,,always,True,ORIGINATING,2026-08-19
2026-08-17 03:46:49,1535,Jordan Lee,London,SIP_ENTERPRISE,CallQueue,Success,,,True,ORIGINATING,2026-08-17
2026-08-11 23:08:52,1114,Casey Rivera,London,SIP_ENTERPRISE,CallForwardBusy,Success,,always,True,TERMINATING,2026-08-11
2026-08-18 19:18:49,668,Marcus Webb,Denver,SIP_INBOUND,ConsultativeTransfer,Success,,,True,TERMINATING,2026-08-18
2026-08-20 17:26:54,1074,Riley Park,Dallas,SIP_ENTERPRISE,CallQueue,Success,,always,True,ORIGINATING,2026-08-20
2026-08-10 04:38:06,964,Alex Morgan,Dallas,SIP_ENTERPRISE,CallForwardBusy,Success,,always-pause-resume,True,ORIGINATING,2026-08-10
2026-08-26 12:18:30,393,Casey Rivera,London,SIP_MOBILE,Deflection,CallRejected,success,always-pause-resume,False,ORIGINATING,2026-08-26
2026-08-14 22:59:36,1234,Riley Park,Chicago,SIP_INTERNATIONAL,Deflection,Success,,always-pause-resume,True,ORIGINATING,2026-08-14
2026-08-21 11:41:51,2291,Morgan Quinn,Singapore,SIP_ENTERPRISE,CallForwardNoAnswer,Success,,always-pause-resume,True,ORIGINATING,2026-08-21
2026-09-01 15:25:40,1059,Riley Park,Denver,SIP_INTERNATIONAL,CallForwardNoAnswer,Success,,,True,TERMINATING,2026-09-01
2026-08-12 13:58:36,1952,Alex Morgan,London,SIP_ENTERPRISE,CallQueue,Success,,always-pause-resume,True,TERMINATING,2026-08-12
2026-08-30 08:33:14,853,Riley Park,Chicago,SIP_ENTERPRISE,,Success,,always,True,TERMINATING,2026-08-30
2026-08-28 19:02:20,527,Jamie Ortiz,Denver,SIP_ENTERPRISE,Deflection,Success,,always,True,ORIGINATING,2026-08-28
2026-08-10 05:10:51,1928,Riley Park,Chicago,SIP_ENTERPRISE,ConsultativeTransfer,Success,,always-pause-resume,True,ORIGINATING,2026-08-10
2026-08-29 12:15:52,664,Jamie Ortiz,Chicago,SIP_ENTERPRISE,ConsultativeTransfer,Success,,,True,ORIGINATING,2026-08-29
2026-08-12 07:47:30,1517,Marcus Webb,Dallas,SIP_ENTERPRISE,Deflection,Success,,,True,TERMINATING,2026-08-12
2026-09-01 08:08:31,817,Marcus Webb,Chicago,SIP_MOBILE,CallForwardNoAnswer,Success,,always-pause-resume,True,ORIGINATING,2026-09-01
2026-08-08 04:07:04,1024,Sam Chen,Chicago,SIP_ENTERPRISE,,CallRejected,,always,False,ORIGINATING,2026-08-08
2026-08-06 17:48:45,613,Jordan Lee,Dallas,SIP_ENTERPRISE,ConsultativeTransfer,Success,,always-pause-resume,True,ORIGINATING,2026-08-06
2026-08-20 20:15:31,1086,Alex Morgan,Chicago,SIP_ENTERPRISE,,Success,,always-pause-resume,True,ORIGINATING,2026-08-20
2026-08-30 13:03:15,2019,Morgan Quinn,Singapore,SIP_INBOUND,Deflection,Success,,always,True,ORIGINATING,2026-08-30
2026-08-19 02:34:36,1280,Alex Morgan,Dallas,SIP_ENTERPRISE,CallForwardNoAnswer,Success,success,always,True,ORIGINATING,2026-08-19
2026-08-30 14:39:42,387,Jamie Ortiz,Dallas,SIP_ENTERPRISE,Deflection,Success,,always,True,ORIGINATING,2026-08-30
2026-08-12 16:32:48,1063,Jamie Ortiz,Dallas,SIP_NATIONAL,Deflection,Success,,always,True,ORIGINATING,2026-08-12
2026-08-28 10:55:26,1865,Casey Rivera,Dallas,SIP_ENTERPRISE,ConsultativeTransfer,Success,,,True,TERMINATING,2026-08-28
2026-08-10 01:38:02,1273,Jamie Ortiz,Denver,SIP_ENTERPRISE,CallForwardNoAnswer,Success,,always-pause-resume,True,ORIGINATING,2026-08-10
2026-08-15 02:20:08,722,Taylor Brooks,Dallas,SIP_ENTERPRISE,CallQueue,Success,,always-pause-resume,True,ORIGINATING,2026-08-15
2026-08-30 08:03:02,2172,Morgan Quinn,London,SIP_INBOUND,CallForwardNoAnswer,Success,,always-pause-resume,True,TERMINATING,2026-08-30
2026-08-20 23:44:40,1846,Priya Nair,Dallas,SIP_ENTERPRISE,,Success,,always-pause-resume,True,ORIGINATING,2026-08-20
2026-08-19 20:27:08,214,Morgan Quinn,Singapore,SIP_MOBILE,ConsultativeTransfer,UnassignedNumber,,always,False,ORIGINATING,2026-08-19
2026-09-01 14:30:16,148,Jordan Lee,London,SIP_INTERNATIONAL,ConsultativeTransfer,Success,,always-pause-resume,True,ORIGINATING,2026-09-01
2026-08-08 15:45:40,135,Jordan Lee,Chicago,SIP_ENTERPRISE,Deflection,Success,,,True,ORIGINATING,2026-08-08
2026-08-15 19:06:33,697,Marcus Webb,London,SIP_NATIONAL,,Success,,always-pause-resume,True,TERMINATING,2026-08-15
2026-08-09 19:42:44,380,Priya Nair,Chicago,SIP_ENTERPRISE,CallForwardBusy,Success,,always-pause-resume,True,ORIGINATING,2026-08-09
2026-09-04 15:33:35,1615,Casey Rivera,London,SIP_INBOUND,CallQueue,Success,,always-pause-resume,True,ORIGINATING,2026-09-04
2026-09-01 21:21:43,1050,Taylor Brooks,Chicago,SIP_ENTERPRISE,CallForwardNoAnswer,Success,,always-pause-resume,True,TERMINATING,2026-09-01
2026-08-11 08:34:15,1718,Morgan Quinn,Dallas,SIP_NATIONAL,CallQueue,CallRejected,failed,,False,TERMINATING,2026-08-11
2026-08-06 07:44:56,158,Marcus Webb,Chicago,SIP_NATIONAL,ConsultativeTransfer,Success,,always-pause-resume,True,TERMINATING,2026-08-06
2026-08-17 14:44:20,456,Riley Park,Denver,SIP_ENTERPRISE,,Success,,,True,ORIGINATING,2026-08-17
2026-08-31 07:49:07,621,Alex Morgan,Dallas,SIP_INBOUND,CallForwardBusy,Success,,always-pause-resume,True,TERMINATING,2026-08-31
2026-08-10 03:23:33,1419,Morgan Quinn,Chicago,SIP_ENTERPRISE,CallQueue,Success,,,True,ORIGINATING,2026-08-10
2026-08-22 19:41:32,1394,Priya Nair,London,SIP_MOBILE,CallQueue,Success,,,True,TERMINATING,2026-08-22
2026-08-17 04:30:40,111,Jordan Lee,Denver,SIP_ENTERPRISE,CallForwardNoAnswer,Success,,always,True,TERMINATING,2026-08-17
2026-08-28 23:22:58,1279,Jamie Ortiz,London,SIP_ENTERPRISE,,Success,,,True,TERMINATING,2026-08-28
2026-08-15 20:58:57,2353,Casey Rivera,Denver,SIP_ENTERPRISE,CallForwardNoAnswer,Success,,always,True,TERMINATING,2026-08-15
2026-08-19 19:55:31,858,Taylor Brooks,Dallas,SIP_ENTERPRISE,,Success,,always,True,ORIGINATING,2026-08-19
2026-09-03 08:15:33,1775,Marcus Webb,Singapore,SIP_ENTERPRISE,CallQueue,CallRejected,,,False,TERMINATING,2026-09-03
2026-08-31 10:23:10,915,Morgan Quinn,Chicago,SIP_NATIONAL,ConsultativeTransfer,Success,success,,True,TERMINATING,2026-08-31
2026-08-10 21:21:33,831,Jordan Lee,London,SIP_INBOUND,CallQueue,Success,,always-pause-resume,True,ORIGINATING,2026-08-10
2026-08-29 07:37:19,1553,Sam Chen,Singapore,SIP_ENTERPRISE,CallQueue,Success,,always,True,ORIGINATING,2026-08-29
2026-08-23 02:14:00,223,Marcus Webb,Denver,SIP_NATIONAL,CallForwardNoAnswer,Success,success,,True,ORIGINATING,2026-08-23
2026-09-04 14:29:34,879,Sam Chen,Singapore,SIP_ENTERPRISE,CallForwardBusy,Success,,always,True,ORIGINATING,2026-09-04
2026-08-27 07:33:05,891,Taylor Brooks,London,SIP_INBOUND,Deflection,Success,success,always-pause-resume,True,ORIGINATING,2026-08-27
2026-08-11 03:04:45,955,Priya Nair,Denver,SIP_NATIONAL,CallQueue,Success,,,True,ORIGINATING,2026-08-11
2026-08-28 08:16:08,1121,Marcus Webb,Dallas,SIP_NATIONAL,CallForwardBusy,Success,,always,True,TERMINATING,2026-08-28
2026-09-01 22:43:34,587,Priya Nair,London,SIP_MOBILE,CallForwardNoAnswer,Success,,always-pause-resume,True,TERMINATING,2026-09-01
2026-08-29 18:20:18,665,Taylor Brooks,Dallas,SIP_ENTERPRISE,ConsultativeTransfer,Success,,always,True,ORIGINATING,2026-08-29
2026-08-12 18:34:19,1298,Taylor Brooks,Singapore,SIP_ENTERPRISE,CallForwardBusy,Success,,,True,TERMINATING,2026-08-12
2026-08-20 15:57:45,1937,Priya Nair,Dallas,SIP_ENTERPRISE,Deflection,Success,,always-pause-resume,True,ORIGINATING,2026-08-20
2026-08-17 21:16:57,1746,Jordan Lee,Denver,SIP_ENTERPRISE,,Success,,always,True,TERMINATING,2026-08-17
2026-09-01 19:04:10,1957,Alex Morgan,Chicago,SIP_INBOUND,CallForwardBusy,Success,,always-pause-resume,True,ORIGINATING,2026-09-01
2026-08-15 05:52:39,1503,Alex Morgan,Dallas,SIP_INBOUND,CallForwardNoAnswer,Success,,,True,ORIGINATING,2026-08-15
2026-08-16 13:00:14,561,Riley Park,Dallas,SIP_INTERNATIONAL,ConsultativeTransfer,Success,success,always-pause-resume,True,TERMINATING,2026-08-16
2026-08-21 08:47:59,2253,Alex Morgan,Denver,SIP_ENTERPRISE,CallForwardBusy,Success,,always,True,TERMINATING,2026-08-21
2026-08-13 21:23:03,73,Marcus Webb,Denver,SIP_INBOUND,,Success,,,True,ORIGINATING,2026-08-13
2026-08-14 13:12:34,1550,Jamie Ortiz,Dallas,SIP_ENTERPRISE,CallQueue,CallRejected,success,always,False,TERMINATING,2026-08-14
2026-08-13 01:37:20,443,Casey Rivera,Chicago,SIP_ENTERPRISE,Deflection,Success,,always,True,TERMINATING,2026-08-13
2026-08-31 23:07:14,1734,Jamie Ortiz,London,SIP_ENTERPRISE,CallForwardNoAnswer,TemporarilyUnavailable,,always,False,TERMINATING,2026-08-31
2026-08-07 04:20:37,94,Jordan Lee,Chicago,SIP_ENTERPRISE,CallForwardBusy,Success,,always,True,ORIGINATING,2026-08-07
2026-08-11 14:36:27,500,Taylor Brooks,Denver,SIP_INBOUND,ConsultativeTransfer,Success,,always-pause-resume,True,ORIGINATING,2026-08-11
2026-08-20 23:24:27,741,Sam Chen,Dallas,SIP_ENTERPRISE,,Success,,always,True,TERMINATING,2026-08-20
2026-08-22 10:28:40,2246,Alex Morgan,London,SIP_INBOUND,Deflection,Success,,,True,ORIGINATING,2026-08-22
2026-08-16 10:42:49,2302,Sam Chen,Chicago,SIP_ENTERPRISE,CallQueue,Success,,,True,ORIGINATING,2026-08-16
2026-08-06 03:25:24,1487,Priya Nair,Chicago,SIP_NATIONAL,,Success,,,True,TERMINATING,2026-08-06
2026-08-16 08:18:58,665,Marcus Webb,Singapore,SIP_ENTERPRISE,CallQueue,Success,,,True,ORIGINATING,2026-08-16
2026-08-31 11:00:11,2298,Morgan Quinn,Denver,SIP_SHORTCODE,CallForwardNoAnswer,Success,,always-pause-resume,True,TERMINATING,2026-08-31
2026-09-01 14:41:33,615,Jamie Ortiz,Chicago,UNKNOWN,ConsultativeTransfer,Success,,,True,ORIGINATING,2026-09-01
2026-08-19 05:53:50,470,Sam Chen,Chicago,SIP_INTERNATIONAL,ConsultativeTransfer,Success,,always,True,ORIGINATING,2026-08-19
2026-08-19 21:59:10,1230,Alex Morgan,London,SIP_ENTERPRISE,ConsultativeTransfer,Success,,always,True,ORIGINATING,2026-08-19
2026-09-04 05:39:07,1142,Riley Park,Singapore,SIP_SHORTCODE,,Success,,always-pause-resume,True,ORIGINATING,2026-09-04
2026-08-07 10:28:11,2220,Casey Rivera,Chicago,SIP_NATIONAL,CallForwardBusy,Success,,always,True,TERMINATING,2026-08-07
2026-08-31 06:18:28,360,Jamie Ortiz,Chicago,SIP_ENTERPRISE,CallQueue,TemporarilyUnavailable,,always-pause-resume,False,ORIGINATING,2026-08-31
2026-08-20 12:57:27,764,Casey Rivera,Denver,SIP_INBOUND,,Success,,always,True,ORIGINATING,2026-08-20
2026-08-14 01:38:45,921,Taylor Brooks,London,SIP_ENTERPRISE,CallForwardNoAnswer,Success,,always-pause-resume,True,ORIGINATING,2026-08-14
2026-08-25 13:19:39,407,Jamie Ortiz,Dallas,SIP_ENTERPRISE,Deflection,Success,,,True,TERMINATING,2026-08-25
2026-08-13 04:37:57,1065,Priya Nair,Dallas,SIP_ENTERPRISE,CallForwardBusy,Success,,always,True,ORIGINATING,2026-08-13
2026-09-02 20:46:03,1510,Casey Rivera,Singapore,SIP_ENTERPRISE,ConsultativeTransfer,TemporarilyUnavailable,,always,False,TERMINATING,2026-09-02
2026-09-02 11:14:31,2047,Jordan Lee,Dallas,SIP_ENTERPRISE,CallForwardNoAnswer,Success,,always,True,TERMINATING,2026-09-02
2026-08-29 21:13:01,1169,Jamie Ortiz,Chicago,SIP_ENTERPRISE,,Success,,,True,TERMINATING,2026-08-29
2026-08-20 21:39:01,721,Taylor Brooks,Singapore,SIP_MOBILE,,Success,,always,True,ORIGINATING,2026-08-20
2026-09-05 03:49:40,2270,Alex Morgan,Dallas,SIP_ENTERPRISE,CallQueue,TemporarilyUnavailable,,,False,ORIGINATING,2026-09-05
2026-08-27 05:04:17,12,Taylor Brooks,Singapore,SIP_MOBILE,ConsultativeTransfer,Success,success,always-pause-resume,True,ORIGINATING,2026-08-27
2026-08-27 11:41:29,2187,Morgan Quinn,Singapore,SIP_ENTERPRISE,CallQueue,Success,,always,True,ORIGINATING,2026-08-27
2026-08-12 12:39:51,1330,Marcus Webb,Singapore,SIP_ENTERPRISE,Deflection,Success,,always,True,ORIGINATING,2026-08-12
2026-08-31 17:49:34,2111,Jordan Lee,Denver,UNKNOWN,Deflection,Success,,always,True,TERMINATING,2026-08-31
2026-08-25 07:43:38,1501,Sam Chen,Denver,SIP_INBOUND,ConsultativeTransfer,Success,,,True,ORIGINATING,2026-08-25
2026-08-11 00:57:13,516,Jordan Lee,Singapore,SIP_ENTERPRISE,CallForwardNoAnswer,Success,,always-pause-resume,True,TERMINATING,2026-08-11
2026-08-20 08:42:59,1736,Alex Morgan,Dallas,SIP_NATIONAL,ConsultativeTransfer,Success,success,always,True,ORIGINATING,2026-08-20
2026-08-31 21:06:54,1956,Riley Park,Denver,SIP_INBOUND,Deflection,Success,,always-pause-resume,True,ORIGINATING,2026-08-31
2026-08-13 09:41:46,289,Sam Chen,Dallas,SIP_ENTERPRISE,ConsultativeTransfer,Success,,,True,ORIGINATING,2026-08-13
2026-08-19 03:09:05,1005,Priya Nair,London,SIP_ENTERPRISE,Deflection,Success,,,True,ORIGINATING,2026-08-19
2026-08-19 07:03:30,506,Alex Morgan,London,SIP_ENTERPRISE,,Success,,always,True,TERMINATING,2026-08-19
2026-08-21 17:07:43,788,Jordan Lee,Singapore,SIP_ENTERPRISE,CallForwardBusy,Success,,always-pause-resume,True,ORIGINATING,2026-08-21
2026-08-20 01:40:33,917,Jamie Ortiz,Chicago,SIP_ENTERPRISE,CallForwardNoAnswer,Success,,,True,TERMINATING,2026-08-20
2026-09-05 19:25:37,916,Casey Rivera,Denver,SIP_ENTERPRISE,Deflection,CallRejected,,always,False,ORIGINATING,2026-09-05
2026-08-08 04:25:10,1571,Casey Rivera,Chicago,SIP_ENTERPRISE,,Success,,always-pause-resume,True,ORIGINATING,2026-08-08
2026-08-31 01:43:36,524,Marcus Webb,London,SIP_ENTERPRISE,,Success,,always,True,ORIGINATING,2026-08-31
2026-08-11 17:31:12,467,Alex Morgan,Chicago,UNKNOWN,,Success,,always-pause-resume,True,TERMINATING,2026-08-11
2026-08-11 06:53:14,667,Riley Park,Denver,SIP_NATIONAL,Deflection,Success,success,,True,ORIGINATING,2026-08-11
2026-08-19 08:24:54,484,Sam Chen,Denver,SIP_ENTERPRISE,Deflection,UnassignedNumber,,always,False,ORIGINATING,2026-08-19
2026-09-02 02:20:02,1308,Casey Rivera,Singapore,SIP_ENTERPRISE,CallForwardNoAnswer,Success,,always-pause-resume,True,ORIGINATING,2026-09-02
2026-08-30 08:04:36,1279,Priya Nair,Dallas,SIP_NATIONAL,ConsultativeTransfer,Success,,always-pause-resume,True,ORIGINATING,2026-08-30
2026-08-23 07:58:08,2064,Marcus Webb,Denver,UNKNOWN,CallForwardNoAnswer,Success,,always,True,ORIGINATING,2026-08-23
2026-08-22 11:40:47,2124,Jamie Ortiz,Denver,SIP_ENTERPRISE,CallForwardNoAnswer,Success,,always-pause-resume,True,ORIGINATING,2026-08-22
2026-08-15 00:03:18,1981,Alex Morgan,Denver,SIP_ENTERPRISE,ConsultativeTransfer,Success,,,True,TERMINATING,2026-08-15
2026-08-20 02:31:47,962,Morgan Quinn,Dallas,SIP_ENTERPRISE,ConsultativeTransfer,Success,,,True,TERMINATING,2026-08-20
2026-08-27 11:57:50,1482,Alex Morgan,Denver,SIP_ENTERPRISE,,Success,,always-pause-resume,True,ORIGINATING,2026-08-27
2026-08-16 13:15:24,423,Sam Chen,London,SIP_ENTERPRISE,,Success,,always,True,TERMINATING,2026-08-16
2026-09-01 07:32:14,1730,Jamie Ortiz,Denver,SIP_MOBILE,,Success,,always,True,TERMINATING,2026-09-01
2026-08-14 17:00:49,155,Taylor Brooks,Denver,SIP_MOBILE,CallQueue,Success,,always,True,TERMINATING,2026-08-14
2026-08-21 18:52:17,2096,Casey Rivera,London,SIP_ENTERPRISE,Deflection,Success,,always-pause-resume,True,TERMINATING,2026-08-21
2026-08-11 18:16:19,1320,Morgan Quinn,Chicago,SIP_NATIONAL,CallQueue,Success,,always,True,ORIGINATING,2026-08-11
2026-08-23 23:04:48,407,Taylor Brooks,Denver,SIP_INBOUND,CallQueue,Success,,always-pause-resume,True,ORIGINATING,2026-08-23
2026-08-29 22:33:44,2346,Jordan Lee,Chicago,SIP_MOBILE,CallForwardNoAnswer,Success,,always-pause-resume,True,ORIGINATING,2026-08-29
2026-08-13 08:36:06,68,Riley Park,Denver,SIP_ENTERPRISE,CallQueue,Success,,,True,TERMINATING,2026-08-13
2026-08-13 13:13:05,2133,Riley Park,Chicago,SIP_INBOUND,,Success,,always-pause-resume,True,TERMINATING,2026-08-13
2026-09-05 14:19:55,938,Riley Park,London,SIP_ENTERPRISE,CallForwardBusy,Success,,,True,TERMINATING,2026-09-05
2026-08-10 22:53:39,875,Jamie Ortiz,Chicago,SIP_INTERNATIONAL,CallQueue,Success,,always-pause-resume,True,ORIGINATING,2026-08-10
2026-08-19 09:50:45,2118,Casey Rivera,Denver,SIP_ENTERPRISE,CallForwardNoAnswer,Success,success,always-pause-resume,True,ORIGINATING,2026-08-19
2026-08-17 12:37:43,1592,Taylor Brooks,Dallas,SIP_MOBILE,CallForwardNoAnswer,Success,,always-pause-resume,True,TERMINATING,2026-08-17
2026-08-29 14:31:51,1504,Morgan Quinn,Chicago,SIP_INBOUND,ConsultativeTransfer,Success,,,True,ORIGINATING,2026-08-29
2026-08-16 11:56:02,1651,Morgan Quinn,Dallas,SIP_ENTERPRISE,CallForwardNoAnswer,CallRejected,,always-pause-resume,False,TERMINATING,2026-08-16
2026-08-18 13:59:12,1540,Jamie Ortiz,Dallas,SIP_ENTERPRISE,ConsultativeTransfer,Success,,,True,TERMINATING,2026-08-18
2026-08-26 22:43:10,2223,Jamie Ortiz,Dallas,SIP_ENTERPRISE,ConsultativeTransfer,Success,,,True,ORIGINATING,2026-08-26
2026-08-10 05:18:15,1291,Sam Chen,Singapore,SIP_INBOUND,,Success,,,True,ORIGINATING,2026-08-10
2026-08-10 04:15:26,2345,Taylor Brooks,Singapore,SIP_ENTERPRISE,ConsultativeTransfer,Success,,,True,ORIGINATING,2026-08-10
2026-08-29 08:19:24,677,Jamie Ortiz,Singapore,SIP_ENTERPRISE,CallForwardNoAnswer,Success,success,,True,ORIGINATING,2026-08-29
2026-08-24 08:24:01,1100,Priya Nair,Dallas,SIP_INBOUND,CallForwardNoAnswer,Success,,always,True,ORIGINATING,2026-08-24
2026-08-25 04:13:59,2187,Jordan Lee,London,SIP_ENTERPRISE,,Success,,always-pause-resume,True,ORIGINATING,2026-08-25
2026-08-06 19:22:11,97,Jordan Lee,Chicago,SIP_ENTERPRISE,ConsultativeTransfer,Success,,,True,TERMINATING,2026-08-06
2026-08-15 07:43:28,1808,Jordan Lee,Dallas,SIP_NATIONAL,Deflection,Success,,always,True,ORIGINATING,2026-08-15
2026-08-14 21:01:00,592,Priya Nair,London,SIP_ENTERPRISE,CallForwardBusy,Success,,always,True,ORIGINATING,2026-08-14
2026-08-14 17:11:12,550,Priya Nair,Dallas,SIP_NATIONAL,CallQueue,Success,,always-pause-resume,True,TERMINATING,2026-08-14
2026-08-20 07:21:15,1467,Jamie Ortiz,Chicago,SIP_ENTERPRISE,,Success,,always-pause-resume,True,ORIGINATING,2026-08-20
2026-08-22 06:20:20,2080,Sam Chen,London,SIP_ENTERPRISE,CallQueue,Success,,always-pause-resume,True,ORIGINATING,2026-08-22
2026-08-31 04:27:34,501,Casey Rivera,Denver,SIP_ENTERPRISE,CallQueue,Success,,always-pause-resume,True,TERMINATING,2026-08-31
2026-08-31 00:46:02,569,Casey Rivera,Denver,SIP_MOBILE,CallQueue,Success,,,True,ORIGINATING,2026-08-31
2026-08-15 01:17:30,1793,Riley Park,London,SIP_MOBILE,Deflection,Success,,always,True,TERMINATING,2026-08-15
2026-08-11 08:11:35,1782,Morgan Quinn,Dallas,SIP_MOBILE,CallForwardNoAnswer,Success,,always,True,ORIGINATING,2026-08-11
2026-08-20 17:25:59,1996,Jamie Ortiz,Singapore,SIP_ENTERPRISE,CallQueue,Success,,always-pause-resume,True,ORIGINATING,2026-08-20
2026-09-02 13:48:49,1788,Jordan Lee,Singapore,SIP_INBOUND,,Success,,,True,ORIGINATING,2026-09-02
2026-09-04 02:59:19,432,Morgan Quinn,Denver,SIP_ENTERPRISE,,Success,,always-pause-resume,True,ORIGINATING,2026-09-04
2026-08-13 19:50:11,2350,Jordan Lee,Chicago,SIP_NATIONAL,Deflection,Success,,always-pause-resume,True,TERMINATING,2026-08-13
2026-08-31 20:08:15,5,Sam Chen,Denver,SIP_ENTERPRISE,,Success,,always-pause-resume,True,ORIGINATING,2026-08-31
2026-08-29 09:14:28,447,Jordan Lee,Denver,SIP_MOBILE,CallQueue,Success,success,always,True,TERMINATING,2026-08-29
2026-08-07 03:16:50,1612,Riley Park,Singapore,SIP_NATIONAL,CallForwardNoAnswer,Success,,,True,TERMINATING,2026-08-07
2026-08-26 23:31:33,1129,Priya Nair,London,SIP_INBOUND,CallForwardBusy,Success,,always,True,ORIGINATING,2026-08-26
2026-08-07 12:31:57,2288,Marcus Webb,Dallas,SIP_ENTERPRISE,CallForwardBusy,Success,,always,True,ORIGINATING,2026-08-07
2026-08-14 00:36:19,1930,Sam Chen,Dallas,SIP_ENTERPRISE,,Success,,,True,ORIGINATING,2026-08-14
2026-08-10 10:10:59,94,Alex Morgan,Denver,SIP_ENTERPRISE,CallQueue,Success,,always-pause-resume,True,ORIGINATING,2026-08-10
2026-08-09 23:21:30,1214,Casey Rivera,Chicago,SIP_INBOUND,Deflection,Success,,always,True,ORIGINATING,2026-08-09
2026-08-25 21:56:16,1515,Casey Rivera,Chicago,SIP_SHORTCODE,,Success,,always-pause-resume,True,ORIGINATING,2026-08-25
2026-08-09 15:38:13,1574,Jamie Ortiz,London,SIP_ENTERPRISE,CallQueue,UnassignedNumber,,always-pause-resume,False,TERMINATING,2026-08-09
2026-08-26 00:48:44,2283,Riley Park,Singapore,SIP_NATIONAL,CallForwardBusy,Success,success,always-pause-resume,True,ORIGINATING,2026-08-26
2026-08-10 18:08:47,1485,Marcus Webb,Denver,SIP_ENTERPRISE,ConsultativeTransfer,Success,,always,True,ORIGINATING,2026-08-10
2026-08-23 09:16:23,1825,Alex Morgan,Singapore,SIP_ENTERPRISE,CallForwardBusy,Success,,,True,ORIGINATING,2026-08-23
2026-08-09 04:08:14,2078,Riley Park,Denver,SIP_NATIONAL,CallQueue,Success,,always-pause-resume,True,ORIGINATING,2026-08-09
2026-08-06 11:45:28,375,Taylor Brooks,Chicago,SIP_ENTERPRISE,ConsultativeTransfer,Success,success,always-pause-resume,True,TERMINATING,2026-08-06
2026-08-13 19:23:48,404,Alex Morgan,Singapore,SIP_ENTERPRISE,Deflection,Success,,always,True,ORIGINATING,2026-08-13
2026-08-19 06:20:47,1142,Taylor Brooks,Singapore,SIP_INBOUND,Deflection,Success,,always-pause-resume,True,TERMINATING,2026-08-19
2026-08-24 03:44:40,355,Casey Rivera,Singapore,SIP_ENTERPRISE,ConsultativeTransfer,TemporarilyUnavailable,,always,False,TERMINATING,2026-08-24
2026-08-21 18:32:00,1018,Casey Rivera,Denver,SIP_ENTERPRISE,CallForwardNoAnswer,Success,,always,True,TERMINATING,2026-08-21
2026-09-04 05:47:40,557,Marcus Webb,Dallas,SIP_ENTERPRISE,CallForwardNoAnswer,Success,,always,True,ORIGINATING,2026-09-04
2026-08-13 23:28:05,799,Morgan Quinn,Denver,SIP_INBOUND,ConsultativeTransfer,Success,,,True,ORIGINATING,2026-08-13
2026-08-11 17:13:33,181,Priya Nair,London,SIP_INBOUND,,Success,,always-pause-resume,True,ORIGINATING,2026-08-11
2026-08-17 14:42:17,2337,Casey Rivera,London,SIP_INBOUND,CallQueue,Success,,,True,TERMINATING,2026-08-17
2026-09-05 18:28:01,316,Jordan Lee,Dallas,SIP_ENTERPRISE,ConsultativeTransfer,Success,,always-pause-resume,True,TERMINATING,2026-09-05
2026-08-16 07:19:46,729,Sam Chen,Singapore,SIP_INBOUND,CallQueue,Success,,always-pause-resume,True,TERMINATING,2026-08-16
2026-09-01 19:25:52,921,Sam Chen,Singapore,SIP_ENTERPRISE,ConsultativeTransfer,Success,,always-pause-resume,True,ORIGINATING,2026-09-01
2026-08-14 07:01:10,905,Alex Morgan,London,SIP_ENTERPRISE,CallForwardBusy,Success,,always,True,ORIGINATING,2026-08-14
2026-09-04 18:30:44,104,Casey Rivera,Dallas,SIP_ENTERPRISE,,Success,,,True,ORIGINATING,2026-09-04
2026-08-13 15:09:14,2355,Alex Morgan,Denver,SIP_ENTERPRISE,CallForwardNoAnswer,Success,,always,True,ORIGINATING,2026-08-13
2026-08-28 00:59:44,604,Jamie Ortiz,Singapore,SIP_NATIONAL,ConsultativeTransfer,Success,,always-pause-resume,True,TERMINATING,2026-08-28
2026-08-10 23:35:29,1781,Marcus Webb,Denver,SIP_ENTERPRISE,ConsultativeTransfer,Success,,always,True,ORIGINATING,2026-08-10
2026-08-17 12:06:05,1070,Morgan Quinn,Denver,SIP_ENTERPRISE,CallForwardBusy,Success,,always-pause-resume,True,TERMINATING,2026-08-17
2026-08-20 11:31:01,722,Jordan Lee,Singapore,SIP_INBOUND,,Success,,always,True,ORIGINATING,2026-08-20
2026-08-10 04:59:30,1370,Morgan Quinn,Dallas,SIP_ENTERPRISE,,Success,,always,True,ORIGINATING,2026-08-10
2026-08-11 09:49:06,78,Jamie Ortiz,Chicago,SIP_ENTERPRISE,Deflection,Success,,always-pause-resume,True,ORIGINATING,2026-08-11
2026-09-01 08:13:37,979,Marcus Webb,London,SIP_NATIONAL,Deflection,Success,,,True,ORIGINATING,2026-09-01
2026-08-06 06:56:40,912,Riley Park,Dallas,SIP_ENTERPRISE,Deflection,Success,success,always-pause-resume,True,TERMINATING,2026-08-06
2026-08-27 15:05:56,56,Marcus Webb,London,SIP_INTERNATIONAL,Deflection,Success,,always-pause-resume,True,ORIGINATING,2026-08-27
2026-08-22 08:04:58,423,Jordan Lee,London,SIP_ENTERPRISE,Deflection,Success,,always,True,ORIGINATING,2026-08-22
2026-08-24 13:45:53,1730,Casey Rivera,Chicago,SIP_MOBILE,CallForwardBusy,Success,,always,True,TERMINATING,2026-08-24
2026-08-23 21:15:54,220,Casey Rivera,Singapore,SIP_ENTERPRISE,CallForwardNoAnswer,Success,,always-pause-resume,True,ORIGINATING,2026-08-23
2026-08-30 18:26:06,2267,Riley Park,London,SIP_INBOUND,,Success,,always-pause-resume,True,TERMINATING,2026-08-30
2026-08-25 15:53:06,610,Casey Rivera,Chicago,SIP_ENTERPRISE,CallQueue,Success,success,always,True,ORIGINATING,2026-08-25
2026-08-11 02:33:14,2170,Riley Park,Dallas,SIP_ENTERPRISE,CallQueue,Success,,always,True,ORIGINATING,2026-08-11
2026-08-19 14:52:21,1841,Morgan Quinn,Dallas,SIP_MOBILE,ConsultativeTransfer,Success,,always,True,ORIGINATING,2026-08-19
2026-08-14 09:25:04,8,Jordan Lee,Dallas,SIP_ENTERPRISE,Deflection,Success,,always-pause-resume,True,TERMINATING,2026-08-14
2026-08-08 04:54:14,170,Casey Rivera,Singapore,SIP_ENTERPRISE,CallForwardNoAnswer,Success,,always,True,TERMINATING,2026-08-08
2026-08-31 10:24:56,1263,Taylor Brooks,Dallas,SIP_NATIONAL,ConsultativeTransfer,Success,failed,always,True,ORIGINATING,2026-08-31
2026-08-29 23:13:34,763,Morgan Quinn,Dallas,SIP_INBOUND,,Success,,,True,TERMINATING,2026-08-29
2026-08-14 13:04:23,559,Priya Nair,Dallas,SIP_ENTERPRISE,,Success,,,True,ORIGINATING,2026-08-14
2026-08-26 20:51:26,1259,Casey Rivera,Chicago,SIP_ENTERPRISE,,Success,,always-pause-resume,True,ORIGINATING,2026-08-26
2026-08-10 22:44:44,741,Morgan Quinn,London,SIP_ENTERPRISE,Deflection,Success,,,True,TERMINATING,2026-08-10
2026-08-08 14:05:41,1846,Alex Morgan,London,SIP_ENTERPRISE,CallForwardNoAnswer,UnassignedNumber,,always-pause-resume,False,ORIGINATING,2026-08-08
2026-08-16 18:01:16,1582,Morgan Quinn,Dallas,SIP_ENTERPRISE,Deflection,TemporarilyUnavailable,,always,False,TERMINATING,2026-08-16
2026-08-16 02:03:34,1560,Jamie Ortiz,Denver,SIP_ENTERPRISE,Deflection,Success,success,,True,TERMINATING,2026-08-16
2026-09-01 17:42:29,427,Casey Rivera,London,SIP_ENTERPRISE,CallForwardNoAnswer,Success,,always-pause-resume,True,ORIGINATING,2026-09-01
2026-09-05 17:02:13,1545,Riley Park,Denver,SIP_ENTERPRISE,Deflection,Success,,always-pause-resume,True,ORIGINATING,2026-09-05
2026-08-10 20:04:20,1334,Sam Chen,Denver,SIP_ENTERPRISE,CallForwardNoAnswer,Success,,always-pause-resume,True,ORIGINATING,2026-08-10
2026-09-04 21:29:54,69,Casey Rivera,Singapore,SIP_ENTERPRISE,CallForwardNoAnswer,Success,success,always-pause-resume,True,TERMINATING,2026-09-04
2026-09-02 03:56:22,1923,Riley Park,Chicago,SIP_MOBILE,,Success,,,True,ORIGINATING,2026-09-02
2026-08-08 18:13:03,2366,Riley Park,Dallas,SIP_INTERNATIONAL,CallForwardBusy,Success,,always-pause-resume,True,TERMINATING,2026-08-08
2026-08-09 07:55:44,2393,Priya Nair,Chicago,SIP_ENTERPRISE,,Success,,always-pause-resume,True,ORIGINATING,2026-08-09
2026-08-18 23:04:09,2228,Marcus Webb,Singapore,SIP_ENTERPRISE,CallForwardBusy,Success,,,True,TERMINATING,2026-08-18
2026-08-07 03:39:13,224,Priya Nair,Dallas,SIP_ENTERPRISE,Deflection,Success,,always,True,ORIGINATING,2026-08-07
2026-08-21 10:47:20,2187,Priya Nair,London,SIP_ENTERPRISE,CallQueue,TemporarilyUnavailable,,,False,ORIGINATING,2026-08-21
2026-08-17 18:58:54,279,Casey Rivera,Denver,SIP_MOBILE,Deflection,Success,,always,True,ORIGINATING,2026-08-17
2026-08-21 02:23:48,1526,Riley Park,Denver,SIP_ENTERPRISE,CallQueue,Success,,always,True,TERMINATING,2026-08-21
2026-09-04 07:40:26,1613,Sam Chen,Singapore,SIP_MOBILE,ConsultativeTransfer,Success,,,True,TERMINATING,2026-09-04
2026-08-22 12:09:34,1374,Jordan Lee,Singapore,SIP_INBOUND,Deflection,Success,,always-pause-resume,True,ORIGINATING,2026-08-22
2026-09-01 22:13:27,2049,Morgan Quinn,Denver,SIP_NATIONAL,,Success,,,True,TERMINATING,2026-09-01
2026-08-23 09:25:17,344,Morgan Quinn,London,SIP_ENTERPRISE,Deflection,Success,,,True,ORIGINATING,2026-08-23
2026-08-27 11:13:44,857,Morgan Quinn,London,SIP_INBOUND,CallQueue,Success,,always-pause-resume,True,ORIGINATING,2026-08-27
2026-08-20 13:21:10,7,Morgan Quinn,London,SIP_MOBILE,CallQueue,Success,,,True,TERMINATING,2026-08-20
2026-08-30 20:26:19,2196,Taylor Brooks,Denver,SIP_INBOUND,ConsultativeTransfer,Success,,always-pause-resume,True,TERMINATING,2026-08-30
2026-08-06 16:41:37,606,Taylor Brooks,Singapore,SIP_ENTERPRISE,CallForwardNoAnswer,Success,success,always,True,ORIGINATING,2026-08-06
2026-08-15 09:43:32,1868,Riley Park,Denver,SIP_NATIONAL,,Success,,,True,TERMINATING,2026-08-15
2026-08-13 21:39:45,1319,Alex Morgan,Dallas,SIP_INTERNATIONAL,ConsultativeTransfer,Success,,always,True,ORIGINATING,2026-08-13
2026-08-31 21:49:13,1120,Alex Morgan,Singapore,SIP_ENTERPRISE,ConsultativeTransfer,Success,,always,True,ORIGINATING,2026-08-31
2026-08-11 13:41:37,2048,Marcus Webb,London,SIP_ENTERPRISE,,Success,,always,True,TERMINATING,2026-08-11
2026-08-19 01:01:39,748,Casey Rivera,Singapore,SIP_INBOUND,ConsultativeTransfer,Success,,,True,ORIGINATING,2026-08-19
2026-08-09 01:22:50,812,Taylor Brooks,Chicago,SIP_MOBILE,CallForwardBusy,Success,,always-pause-resume,True,TERMINATING,2026-08-09
2026-08-17 13:51:36,2125,Taylor Brooks,London,SIP_ENTERPRISE,Deflection,Success,,always,True,TERMINATING,2026-08-17
2026-08-16 19:51:22,719,Priya Nair,Singapore,SIP_ENTERPRISE,CallQueue,Success,,always-pause-resume,True,ORIGINATING,2026-08-16
2026-08-15 09:44:18,328,Morgan Quinn,London,SIP_INBOUND,ConsultativeTransfer,Success,,always,True,TERMINATING,2026-08-15
2026-09-02 14:54:47,485,Priya Nair,Singapore,SIP_ENTERPRISE,CallQueue,Success,,,True,ORIGINATING,2026-09-02
2026-08-16 10:44:24,1305,Taylor Brooks,Singapore,SIP_ENTERPRISE,CallForwardNoAnswer,Success,success,always,True,TERMINATING,2026-08-16
2026-09-03 22:28:35,1111,Jamie Ortiz,London,SIP_ENTERPRISE,Deflection,Success,,always,True,TERMINATING,2026-09-03
2026-08-11 12:08:05,1746,Morgan Quinn,Singapore,SIP_ENTERPRISE,,Success,success,always,True,ORIGINATING,2026-08-11
2026-08-27 19:51:17,69,Marcus Webb,Dallas,SIP_INBOUND,,Success,,always-pause-resume,True,TERMINATING,2026-08-27
2026-09-03 09:33:06,2168,Marcus Webb,Denver,SIP_ENTERPRISE,,CallRejected,,always,False,ORIGINATING,2026-09-03
2026-08-10 12:59:36,542,Marcus Webb,Denver,SIP_MOBILE,CallForwardBusy,Success,,always-pause-resume,True,ORIGINATING,2026-08-10
2026-08-07 18:26:02,2399,Jordan Lee,London,SIP_SHORTCODE,,Success,success,always,True,TERMINATING,2026-08-07
2026-08-29 21:42:54,543,Priya Nair,London,SIP_ENTERPRISE,Deflection,Success,,always,True,ORIGINATING,2026-08-29
2026-08-20 06:04:15,2099,Marcus Webb,Chicago,SIP_INBOUND,CallQueue,Success,,always,True,ORIGINATING,2026-08-20
2026-08-16 04:23:51,1717,Jordan Lee,Chicago,SIP_ENTERPRISE,,Success,,,True,ORIGINATING,2026-08-16
2026-08-12 12:56:39,2277,Taylor Brooks,Dallas,SIP_ENTERPRISE,Deflection,Success,,always-pause-resume,True,ORIGINATING,2026-08-12
2026-08-31 13:15:25,1810,Jordan Lee,Dallas,SIP_NATIONAL,,UnassignedNumber,,,False,ORIGINATING,2026-08-31
2026-08-23 22:33:24,34,Alex Morgan,Denver,SIP_ENTERPRISE,CallQueue,Success,,always-pause-resume,True,TERMINATING,2026-08-23
2026-08-25 11:26:17,2132,Taylor Brooks,Singapore,SIP_ENTERPRISE,ConsultativeTransfer,Success,,always-pause-resume,True,ORIGINATING,2026-08-25
2026-08-08 19:12:33,2035,Jordan Lee,London,SIP_ENTERPRISE,CallQueue,Success,,,True,ORIGINATING,2026-08-08
2026-08-10 16:35:30,1331,Casey Rivera,London,SIP_ENTERPRISE,,Success,,always,True,TERMINATING,2026-08-10
2026-08-13 21:35:15,1592,Jamie Ortiz,London,SIP_INBOUND,ConsultativeTransfer,UnassignedNumber,,always,False,TERMINATING,2026-08-13
2026-08-24 09:44:42,252,Jamie Ortiz,Dallas,UNKNOWN,CallForwardBusy,Success,,,True,ORIGINATING,2026-08-24
2026-08-20 16:16:29,413,Marcus Webb,Dallas,SIP_MOBILE,CallForwardNoAnswer,Success,,,True,ORIGINATING,2026-08-20
2026-09-05 23:37:32,895,Jamie Ortiz,Denver,SIP_INBOUND,CallQueue,Success,,,True,ORIGINATING,2026-09-05
2026-08-22 01:19:23,82,Jordan Lee,Denver,SIP_INTERNATIONAL,,UnassignedNumber,,,False,TERMINATING,2026-08-22
2026-09-01 03:11:49,845,Morgan Quinn,Singapore,SIP_ENTERPRISE,CallForwardNoAnswer,Success,,always-pause-resume,True,TERMINATING,2026-09-01
2026-09-03 06:38:54,1205,Jamie Ortiz,Dallas,SIP_INBOUND,CallQueue,Success,,,True,ORIGINATING,2026-09-03
2026-08-19 18:23:28,1623,Morgan Quinn,Dallas,SIP_MOBILE,CallForwardBusy,Success,,always,True,TERMINATING,2026-08-19
2026-09-02 23:58:06,2156,Casey Rivera,Dallas,SIP_ENTERPRISE,CallQueue,Success,,always,True,TERMINATING,2026-09-02
2026-09-05 22:54:58,852,Priya Nair,Singapore,SIP_NATIONAL,CallForwardNoAnswer,Success,,always-pause-resume,True,ORIGINATING,2026-09-05
2026-08-26 21:12:29,1069,Sam Chen,Chicago,SIP_NATIONAL,CallForwardBusy,TemporarilyUnavailable,,always-pause-resume,False,ORIGINATING,2026-08-26
2026-08-13 16:56:19,227,Casey Rivera,Denver,SIP_ENTERPRISE,Deflection,Success,,,True,ORIGINATING,2026-08-13
2026-08-06 16:59:58,1765,Priya Nair,Chicago,SIP_INBOUND,ConsultativeTransfer,Success,,always-pause-resume,True,ORIGINATING,2026-08-06
2026-09-01 07:20:40,1464,Jordan Lee,London,SIP_ENTERPRISE,,Success,,always,True,ORIGINATING,2026-09-01
2026-08-25 22:21:15,1121,Casey Rivera,Denver,SIP_INBOUND,Deflection,Success,,,True,TERMINATING,2026-08-25
2026-08-16 20:20:36,1107,Riley Park,Denver,SIP_ENTERPRISE,,Success,,,True,ORIGINATING,2026-08-16
2026-08-15 03:39:45,718,Jordan Lee,Singapore,SIP_INBOUND,CallQueue,CallRejected,,,False,ORIGINATING,2026-08-15
2026-08-19 00:02:16,1530,Sam Chen,Chicago,SIP_INBOUND,CallQueue,Success,,always,True,ORIGINATING,2026-08-19
2026-08-07 20:38:55,449,Casey Rivera,Denver,SIP_ENTERPRISE,,Success,,always,True,ORIGINATING,2026-08-07
2026-08-26 10:17:48,679,Sam Chen,London,SIP_ENTERPRISE,CallQueue,Success,,,True,TERMINATING,2026-08-26
2026-08-23 02:46:14,1355,Jordan Lee,Singapore,SIP_ENTERPRISE,Deflection,Success,,,True,ORIGINATING,2026-08-23
2026-08-30 09:56:40,1051,Jordan Lee,Singapore,SIP_INBOUND,CallForwardBusy,Success,,always,True,ORIGINATING,2026-08-30
2026-08-09 00:50:05,1304,Riley Park,Denver,SIP_ENTERPRISE,Deflection,CallRejected,,always-pause-resume,False,TERMINATING,2026-08-09
2026-08-16 15:25:06,184,Jamie Ortiz,London,SIP_ENTERPRISE,,Success,,always-pause-resume,True,ORIGINATING,2026-08-16
2026-08-16 22:48:44,2273,Riley Park,Denver,SIP_INBOUND,Deflection,Success,,always-pause-resume,True,ORIGINATING,2026-08-16
2026-08-08 15:01:14,169,Riley Park,Chicago,SIP_ENTERPRISE,CallForwardNoAnswer,Success,,always,True,TERMINATING,2026-08-08
2026-09-03 07:39:50,426,Sam Chen,Dallas,SIP_ENTERPRISE,CallForwardNoAnswer,Success,,,True,ORIGINATING,2026-09-03
2026-09-03 20:25:25,630,Alex Morgan,Dallas,SIP_ENTERPRISE,CallForwardNoAnswer,Success,,,True,ORIGINATING,2026-09-03
2026-08-18 08:05:26,955,Casey Rivera,Chicago,SIP_ENTERPRISE,CallForwardBusy,Success,,always,True,TERMINATING,2026-08-18
2026-08-19 12:30:49,534,Marcus Webb,London,SIP_ENTERPRISE,,Success,,always,True,ORIGINATING,2026-08-19
2026-09-02 19:33:33,2258,Jamie Ortiz,Singapore,SIP_INBOUND,CallForwardBusy,Success,,always-pause-resume,True,ORIGINATING,2026-09-02
2026-09-05 19:38:22,1926,Alex Morgan,Chicago,SIP_INBOUND,ConsultativeTransfer,TemporarilyUnavailable,,,False,TERMINATING,2026-09-05
2026-08-26 01:47:28,1825,Priya Nair,Singapore,SIP_ENTERPRISE,CallForwardBusy,Success,,,True,ORIGINATING,2026-08-26
2026-08-31 14:31:56,1420,Jordan Lee,Singapore,SIP_ENTERPRISE,,Success,,always,True,ORIGINATING,2026-08-31
2026-08-12 20:53:36,1125,Alex Morgan,London,SIP_ENTERPRISE,,Success,,,True,TERMINATING,2026-08-12
2026-08-24 12:25:45,1934,Marcus Webb,Dallas,SIP_ENTERPRISE,Deflection,Success,,always-pause-resume,True,ORIGINATING,2026-08-24
2026-08-16 00:05:08,2005,Priya Nair,Chicago,SIP_INBOUND,CallForwardNoAnswer,Success,,,True,ORIGINATING,2026-08-16
2026-08-16 04:35:19,465,Morgan Quinn,London,SIP_INBOUND,,Success,,always-pause-resume,True,TERMINATING,2026-08-16
2026-08-10 09:46:53,263,Alex Morgan,Singapore,SIP_NATIONAL,CallQueue,Success,,,True,ORIGINATING,2026-08-10
2026-08-06 01:36:24,1061,Riley Park,Singapore,SIP_ENTERPRISE,CallForwardNoAnswer,Success,success,always-pause-resume,True,ORIGINATING,2026-08-06
2026-08-23 09:07:06,1571,Marcus Webb,Singapore,SIP_ENTERPRISE,Deflection,Success,,always-pause-resume,True,TERMINATING,2026-08-23
2026-08-06 18:14:32,207,Alex Morgan,Denver,SIP_ENTERPRISE,,Success,,always-pause-resume,True,ORIGINATING,2026-08-06
2026-08-24 10:09:42,1431,Priya Nair,Denver,SIP_ENTERPRISE,CallForwardBusy,TemporarilyUnavailable,,always-pause-resume,False,ORIGINATING,2026-08-24
2026-09-05 01:31:47,2128,Priya Nair,Denver,SIP_MOBILE,ConsultativeTransfer,Success,,always-pause-resume,True,ORIGINATING,2026-09-05
2026-08-23 07:49:54,105,Taylor Brooks,Chicago,SIP_NATIONAL,CallForwardBusy,Success,success,always-pause-resume,True,ORIGINATING,2026-08-23
2026-08-18 15:45:52,793,Casey Rivera,London,SIP_NATIONAL,CallQueue,CallRejected,,always,False,TERMINATING,2026-08-18
2026-08-19 17:30:17,116,Sam Chen,Chicago,SIP_INBOUND,CallForwardBusy,Success,success,always-pause-resume,True,ORIGINATING,2026-08-19
2026-08-13 11:47:13,312,Jamie Ortiz,Dallas,SIP_ENTERPRISE,Deflection,Success,,always-pause-resume,True,ORIGINATING,2026-08-13
2026-09-05 13:38:19,669,Morgan Quinn,London,SIP_ENTERPRISE,CallForwardBusy,Success,,always-pause-resume,True,ORIGINATING,2026-09-05
2026-08-22 14:15:16,2303,Jordan Lee,London,SIP_INBOUND,,Success,,always-pause-resume,True,ORIGINATING,2026-08-22
2026-08-08 14:27:53,1940,Riley Park,London,SIP_INBOUND,CallForwardBusy,Success,,always,True,TERMINATING,2026-08-08
2026-08-14 22:08:26,659,Marcus Webb,Singapore,SIP_ENTERPRISE,,Success,,always,True,ORIGINATING,2026-08-14
2026-08-19 19:37:54,2030,Riley Park,Singapore,SIP_NATIONAL,CallQueue,Success,,always,True,TERMINATING,2026-08-19
2026-08-31 20:39:14,487,Jordan Lee,Denver,SIP_ENTERPRISE,,Success,,always-pause-resume,True,ORIGINATING,2026-08-31
2026-08-18 11:58:36,774,Priya Nair,London,SIP_INBOUND,CallQueue,CallRejected,,always-pause-resume,False,TERMINATING,2026-08-18
2026-08-16 02:03:25,2224,Marcus Webb,Dallas,SIP_ENTERPRISE,CallQueue,Success,,always-pause-resume,True,ORIGINATING,2026-08-16
2026-09-02 08:18:54,61,Alex Morgan,Denver,SIP_ENTERPRISE,CallForwardBusy,Success,success,,True,TERMINATING,2026-09-02
2026-08-29 03:06:08,1854,Alex Morgan,Singapore,SIP_ENTERPRISE,,Success,,,True,ORIGINATING,2026-08-29
2026-08-20 09:31:10,86,Priya Nair,London,SIP_INBOUND,Deflection,Success,success,always-pause-resume,True,ORIGINATING,2026-08-20
2026-08-22 06:03:09,499,Jamie Ortiz,Chicago,SIP_MOBILE,CallForwardNoAnswer,Success,,,True,ORIGINATING,2026-08-22
2026-09-04 15:17:35,1335,Taylor Brooks,Chicago,SIP_ENTERPRISE,,Success,,,True,ORIGINATING,2026-09-04
2026-08-11 03:01:20,726,Alex Morgan,Chicago,SIP_ENTERPRISE,ConsultativeTransfer,Success,,always-pause-resume,True,ORIGINATING,2026-08-11
2026-08-16 17:16:13,820,Priya Nair,London,SIP_INBOUND,ConsultativeTransfer,Success,,always-pause-resume,True,ORIGINATING,2026-08-16
2026-08-29 01:50:43,173,Taylor Brooks,Denver,SIP_INBOUND,CallForwardBusy,Success,,,True,TERMINATING,2026-08-29
2026-08-08 09:09:21,510,Casey Rivera,Singapore,SIP_ENTERPRISE,,Success,success,,True,ORIGINATING,2026-08-08
2026-08-12 09:12:15,936,Marcus Webb,Singapore,SIP_INBOUND,ConsultativeTransfer,Success,,always,True,ORIGINATING,2026-08-12
2026-09-01 19:26:10,1087,Sam Chen,London,SIP_INBOUND,CallQueue,Success,,,True,ORIGINATING,2026-09-01
2026-08-20 22:26:53,2268,Marcus Webb,Singapore,SIP_MOBILE,CallForwardNoAnswer,Success,failed,,True,ORIGINATING,2026-08-20
2026-08-08 06:41:42,664,Sam Chen,Chicago,SIP_SHORTCODE,CallForwardBusy,Success,,always,True,TERMINATING,2026-08-08
2026-08-06 01:50:16,557,Taylor Brooks,Denver,SIP_ENTERPRISE,Deflection,Success,,,True,TERMINATING,2026-08-06
2026-08-28 21:15:36,333,Alex Morgan,Dallas,SIP_ENTERPRISE,CallForwardBusy,Success,,always,True,ORIGINATING,2026-08-28
2026-09-04 05:33:52,1313,Jordan Lee,Chicago,SIP_ENTERPRISE,CallForwardNoAnswer,Success,,,True,TERMINATING,2026-09-04
2026-08-22 10:40:07,1222,Taylor Brooks,Singapore,SIP_INBOUND,ConsultativeTransfer,TemporarilyUnavailable,,always,False,ORIGINATING,2026-08-22
2026-08-23 11:18:07,1070,Riley Park,Denver,SIP_INTERNATIONAL,ConsultativeTransfer,Success,,always-pause-resume,True,TERMINATING,2026-08-23
2026-08-09 02:33:40,562,Sam Chen,Dallas,SIP_NATIONAL,CallQueue,Success,,,True,ORIGINATING,2026-08-09
2026-08-29 07:48:40,852,Priya Nair,Dallas,SIP_ENTERPRISE,ConsultativeTransfer,Success,success,,True,TERMINATING,2026-08-29
2026-08-26 08:09:59,2174,Taylor Brooks,Chicago,SIP_ENTERPRISE,CallForwardNoAnswer,CallRejected,,always,False,ORIGINATING,2026-08-26
2026-08-29 22:57:17,2174,Marcus Webb,London,SIP_ENTERPRISE,CallForwardNoAnswer,Success,,always-pause-resume,True,ORIGINATING,2026-08-29
2026-08-22 17:56:07,188,Sam Chen,Singapore,SIP_NATIONAL,CallForwardNoAnswer,Success,,always-pause-resume,True,TERMINATING,2026-08-22
2026-09-03 03:54:50,300,Jamie Ortiz,Dallas,SIP_ENTERPRISE,,Success,,always-pause-resume,True,TERMINATING,2026-09-03
2026-08-30 19:09:25,1836,Jamie Ortiz,Chicago,SIP_ENTERPRISE,CallQueue,Success,,,True,TERMINATING,2026-08-30
2026-08-15 06:14:44,708,Jordan Lee,Chicago,SIP_ENTERPRISE,ConsultativeTransfer,Success,,,True,TERMINATING,2026-08-15
2026-08-18 01:02:09,357,Alex Morgan,Singapore,SIP_ENTERPRISE,ConsultativeTransfer,Success,,always-pause-resume,True,ORIGINATING,2026-08-18
2026-08-18 18:36:37,548,Alex Morgan,Dallas,SIP_INBOUND,ConsultativeTransfer,Success,,always-pause-resume,True,ORIGINATING,2026-08-18
2026-09-04 22:28:18,172,Marcus Webb,Singapore,SIP_ENTERPRISE,ConsultativeTransfer,Success,,,True,ORIGINATING,2026-09-04
2026-08-28 07:56:32,277,Marcus Webb,Singapore,SIP_ENTERPRISE,CallForwardBusy,Success,,always-pause-resume,True,TERMINATING,2026-08-28
2026-09-03 11:07:09,957,Casey Rivera,Singapore,SIP_ENTERPRISE,CallForwardNoAnswer,Success,,always,True,ORIGINATING,2026-09-03
2026-08-20 13:02:00,1052,Riley Park,Singapore,SIP_MOBILE,ConsultativeTransfer,Success,,always-pause-resume,True,ORIGINATING,2026-08-20
2026-08-20 14:55:31,1060,Jamie Ortiz,Denver,SIP_MOBILE,CallQueue,Success,,,True,ORIGINATING,2026-08-20
2026-08-23 18:55:21,1972,Sam Chen,Dallas,SIP_MOBILE,,Success,,,True,ORIGINATING,2026-08-23
2026-08-13 06:27:06,1198,Casey Rivera,Chicago,SIP_NATIONAL,CallQueue,Success,,always,True,ORIGINATING,2026-08-13
2026-08-10 05:56:46,552,Marcus Webb,London,SIP_ENTERPRISE,CallForwardNoAnswer,Success,,always-pause-resume,True,TERMINATING,2026-08-10
2026-08-14 20:16:24,0,Morgan Quinn,London,SIP_INTERNATIONAL,,Success,,always,True,ORIGINATING,2026-08-14
2026-08-13 15:31:50,0,Jamie Ortiz,Dallas,SIP_INTERNATIONAL,CallQueue,Success,,always,True,TERMINATING,2026-08-13
2026-09-04 14:07:31,394,Marcus Webb,London,SIP_ENTERPRISE,CallQueue,TemporarilyUnavailable,,always,False,ORIGINATING,2026-09-04
2026-09-02 04:50:18,358,Alex Morgan,Denver,SIP_ENTERPRISE,CallForwardNoAnswer,Success,,always-pause-resume,True,ORIGINATING,2026-09-02
2026-08-28 05:15:54,2214,Priya Nair,Dallas,SIP_ENTERPRISE,ConsultativeTransfer,Success,,always,True,TERMINATING,2026-08-28
2026-08-27 10:22:07,219,Jordan Lee,Denver,SIP_ENTERPRISE,Deflection,Success,,always-pause-resume,True,TERMINATING,2026-08-27
2026-08-09 20:32:47,2007,Jamie Ortiz,Dallas,SIP_NATIONAL,CallForwardNoAnswer,UnassignedNumber,,always,False,ORIGINATING,2026-08-09
2026-08-29 19:34:59,723,Alex Morgan,Chicago,SIP_INBOUND,Deflection,Success,,always,True,TERMINATING,2026-08-29
2026-09-02 19:10:05,748,Marcus Webb,Chicago,SIP_INBOUND,CallForwardNoAnswer,Success,,always,True,ORIGINATING,2026-09-02
2026-08-09 03:03:58,442,Alex Morgan,Chicago,SIP_ENTERPRISE,CallForwardBusy,Success,,always-pause-resume,True,TERMINATING,2026-08-09
2026-09-04 21:04:58,2321,Taylor Brooks,Chicago,SIP_INBOUND,CallForwardBusy,Success,,,True,TERMINATING,2026-09-04
2026-09-05 14:28:41,2389,Sam Chen,Chicago,SIP_INBOUND,CallQueue,Success,success,always,True,ORIGINATING,2026-09-05
2026-08-14 02:13:55,384,Jamie Ortiz,London,SIP_ENTERPRISE,CallForwardNoAnswer,Success,,always,True,TERMINATING,2026-08-14
2026-08-29 17:13:08,1043,Morgan Quinn,Denver,SIP_ENTERPRISE,ConsultativeTransfer,Success,,always,True,TERMINATING,2026-08-29
2026-08-08 04:58:15,1233,Alex Morgan,Chicago,SIP_INBOUND,CallQueue,Success,,always-pause-resume,True,TERMINATING,2026-08-08
2026-08-13 02:49:22,427,Jamie Ortiz,Singapore,SIP_ENTERPRISE,ConsultativeTransfer,UnassignedNumber,,,False,ORIGINATING,2026-08-13
2026-08-23 18:08:13,1925,Priya Nair,London,SIP_MOBILE,Deflection,CallRejected,success,always-pause-resume,False,TERMINATING,2026-08-23
2026-08-06 01:36:03,84,Taylor Brooks,Chicago,SIP_ENTERPRISE,CallQueue,Success,,always,True,TERMINATING,2026-08-06
2026-08-06 22:47:55,2054,Marcus Webb,Chicago,SIP_INBOUND,Deflection,CallRejected,,,False,ORIGINATING,2026-08-06
2026-08-07 08:52:27,678,Jordan Lee,Singapore,SIP_ENTERPRISE,,Success,,always,True,TERMINATING,2026-08-07
2026-08-20 08:49:15,752,Morgan Quinn,Dallas,SIP_NATIONAL,Deflection,Success,success,,True,ORIGINATING,2026-08-20
2026-08-19 15:41:38,616,Morgan Quinn,Dallas,SIP_INTERNATIONAL,,Success,,always,True,ORIGINATING,2026-08-19
2026-08-29 19:27:25,1555,Marcus Webb,Singapore,SIP_ENTERPRISE,,Success,success,always,True,ORIGINATING,2026-08-29
2026-08-28 15:25:09,1051,Priya Nair,Denver,SIP_ENTERPRISE,ConsultativeTransfer,Success,,always-pause-resume,True,TERMINATING,2026-08-28
2026-08-28 03:45:43,1987,Sam Chen,Denver,SIP_ENTERPRISE,CallForwardBusy,Success,,always,True,TERMINATING,2026-08-28
2026-09-02 03:04:00,393,Jordan Lee,Chicago,SIP_INBOUND,Deflection,Success,,,True,ORIGINATING,2026-09-02
2026-08-19 06:45:38,2396,Taylor Brooks,Singapore,SIP_NATIONAL,ConsultativeTransfer,Success,,always-pause-resume,True,ORIGINATING,2026-08-19
2026-08-23 14:44:39,531,Jamie Ortiz,London,SIP_ENTERPRISE,ConsultativeTransfer,Success,success,always-pause-resume,True,ORIGINATING,2026-08-23
2026-08-13 22:52:56,653,Jordan Lee,Denver,SIP_ENTERPRISE,Deflection,Success,,,True,ORIGINATING,2026-08-13
2026-08-24 18:05:05,2227,Casey Rivera,Denver,SIP_NATIONAL,Deflection,Success,,always-pause-resume,True,TERMINATING,2026-08-24
2026-08-17 05:01:29,2011,Marcus Webb,Denver,SIP_ENTERPRISE,Deflection,Success,,always-pause-resume,True,ORIGINATING,2026-08-17
2026-08-27 06:38:57,918,Jamie Ortiz,Denver,SIP_ENTERPRISE,CallForwardNoAnswer,Success,success,,True,TERMINATING,2026-08-27
2026-08-14 13:46:29,1476,Jordan Lee,Chicago,SIP_ENTERPRISE,CallForwardBusy,Success,,always,True,TERMINATING,2026-08-14
2026-09-04 13:58:52,1007,Alex Morgan,Singapore,SIP_MOBILE,CallForwardBusy,TemporarilyUnavailable,,always-pause-resume,False,TERMINATING,2026-09-04
2026-08-24 20:43:35,1342,Morgan Quinn,Singapore,SIP_ENTERPRISE,,Success,,,True,ORIGINATING,2026-08-24
2026-08-08 07:16:31,1941,Morgan Quinn,Singapore,SIP_ENTERPRISE,CallQueue,Success,,always,True,TERMINATING,2026-08-08
2026-08-23 09:30:23,1519,Sam Chen,Dallas,SIP_NATIONAL,,Success,,always,True,ORIGINATING,2026-08-23
2026-08-20 11:25:48,1390,Priya Nair,Dallas,SIP_MOBILE,CallQueue,TemporarilyUnavailable,,always-pause-resume,False,TERMINATING,2026-08-20
2026-09-05 19:27:13,1347,Alex Morgan,London,SIP_ENTERPRISE,CallForwardBusy,Success,,always-pause-resume,True,ORIGINATING,2026-09-05
2026-08-22 12:29:10,1889,Jamie Ortiz,Singapore,SIP_INBOUND,,Success,,always-pause-resume,True,ORIGINATING,2026-08-22
2026-08-12 09:08:47,1774,Jordan Lee,London,SIP_ENTERPRISE,,CallRejected,,always,False,ORIGINATING,2026-08-12
2026-08-23 01:07:36,449,Priya Nair,London,SIP_MOBILE,CallForwardBusy,Success,,,True,TERMINATING,2026-08-23
2026-08-07 21:32:55,1443,Sam Chen,Singapore,SIP_ENTERPRISE,ConsultativeTransfer,Success,,always,True,TERMINATING,2026-08-07
2026-09-03 11:24:26,498,Priya Nair,Singapore,SIP_ENTERPRISE,,Success,,always-pause-resume,True,TERMINATING,2026-09-03
2026-08-12 22:25:57,1762,Morgan Quinn,Singapore,SIP_INBOUND,ConsultativeTransfer,Success,,always,True,ORIGINATING,2026-08-12
2026-08-11 16:27:08,963,Morgan Quinn,Dallas,SIP_INBOUND,,Success,,,True,ORIGINATING,2026-08-11
2026-08-23 22:20:41,1760,Jordan Lee,London,SIP_ENTERPRISE,,Success,,always,True,TERMINATING,2026-08-23
2026-08-20 17:51:31,261,Jordan Lee,Chicago,SIP_INTERNATIONAL,CallForwardNoAnswer,Success,,always-pause-resume,True,ORIGINATING,2026-08-20
2026-08-12 12:08:45,1539,Priya Nair,Dallas,SIP_ENTERPRISE,CallForwardBusy,Success,,always,True,ORIGINATING,2026-08-12
2026-08-11 22:48:40,1106,Casey Rivera,Singapore,SIP_ENTERPRISE,CallQueue,Success,,,True,ORIGINATING,2026-08-11
2026-08-21 06:59:59,2358,Casey Rivera,London,SIP_ENTERPRISE,,Success,,always-pause-resume,True,ORIGINATING,2026-08-21
2026-08-31 18:04:10,1338,Sam Chen,Singapore,SIP_ENTERPRISE,,CallRejected,,always,False,TERMINATING,2026-08-31
2026-08-11 17:55:52,893,Alex Morgan,Dallas,SIP_ENTERPRISE,,Success,success,,True,TERMINATING,2026-08-11
2026-08-17 02:47:39,2286,Morgan Quinn,London,SIP_ENTERPRISE,CallForwardBusy,CallRejected,,,False,ORIGINATING,2026-08-17
2026-09-02 03:54:56,226,Sam Chen,London,SIP_ENTERPRISE,,Success,success,always,True,ORIGINATING,2026-09-02
2026-08-21 15:54:10,466,Sam Chen,Dallas,SIP_ENTERPRISE,Deflection,Success,,always-pause-resume,True,TERMINATING,2026-08-21
2026-09-01 23:02:34,344,Taylor Brooks,London,UNKNOWN,CallForwardNoAnswer,Success,success,always-pause-resume,True,ORIGINATING,2026-09-01
2026-08-07 07:40:46,343,Riley Park,London,SIP_ENTERPRISE,,Success,,always,True,TERMINATING,2026-08-07
2026-08-17 10:36:42,981,Marcus Webb,Singapore,SIP_ENTERPRISE,CallQueue,Success,,always-pause-resume,True,ORIGINATING,2026-08-17
2026-08-31 11:31:30,1866,Marcus Webb,Singapore,SIP_INBOUND,CallForwardNoAnswer,Success,,,True,ORIGINATING,2026-08-31
2026-08-06 23:39:44,403,Jamie Ortiz,Singapore,SIP_ENTERPRISE,CallForwardNoAnswer,Success,success,always,True,ORIGINATING,2026-08-06
2026-08-10 03:42:18,110,Riley Park,Singapore,SIP_NATIONAL,CallForwardNoAnswer,Success,,always-pause-resume,True,TERMINATING,2026-08-10
2026-08-11 19:00:27,388,Jordan Lee,London,SIP_ENTERPRISE,Deflection,Success,success,,True,ORIGINATING,2026-08-11
2026-08-29 09:06:37,1489,Marcus Webb,Dallas,SIP_INBOUND,CallForwardBusy,Success,,always,True,ORIGINATING,2026-08-29
2026-08-16 09:39:00,1704,Taylor Brooks,London,SIP_ENTERPRISE,CallForwardBusy,Success,,always-pause-resume,True,ORIGINATING,2026-08-16
2026-09-02 04:30:00,2025,Jamie Ortiz,Denver,SIP_ENTERPRISE,CallForwardNoAnswer,Success,,always-pause-resume,True,ORIGINATING,2026-09-02
2026-08-12 09:47:18,631,Taylor Brooks,Denver,SIP_ENTERPRISE,,Success,,always-pause-resume,True,ORIGINATING,2026-08-12
2026-08-16 01:03:22,2293,Taylor Brooks,London,SIP_INBOUND,CallForwardNoAnswer,Success,success,always,True,ORIGINATING,2026-08-16
2026-08-24 13:33:56,2257,Jamie Ortiz,Denver,SIP_NATIONAL,CallForwardNoAnswer,Success,,,True,ORIGINATING,2026-08-24
2026-08-18 18:26:21,2174,Sam Chen,Chicago,SIP_ENTERPRISE,CallForwardNoAnswer,Success,,,True,ORIGINATING,2026-08-18
2026-08-06 15:42:15,1541,Jordan Lee,Singapore,SIP_ENTERPRISE,CallQueue,Success,,always,True,TERMINATING,2026-08-06
2026-08-31 23:43:54,2299,Morgan Quinn,Denver,SIP_ENTERPRISE,Deflection,CallRejected,,,False,ORIGINATING,2026-08-31
2026-08-11 00:05:07,875,Alex Morgan,Chicago,SIP_NATIONAL,ConsultativeTransfer,Success,,always-pause-resume,True,ORIGINATING,2026-08-11
2026-08-09 10:55:38,706,Priya Nair,Chicago,SIP_NATIONAL,,Success,,,True,ORIGINATING,2026-08-09
2026-08-11 06:25:44,1373,Taylor Brooks,Dallas,SIP_ENTERPRISE,CallForwardNoAnswer,Success,,always-pause-resume,True,ORIGINATING,2026-08-11
2026-08-17 03:54:52,1668,Morgan Quinn,Dallas,SIP_ENTERPRISE,CallQueue,Success,,always-pause-resume,True,ORIGINATING,2026-08-17
2026-08-10 15:06:48,1352,Casey Rivera,Chicago,SIP_NATIONAL,Deflection,CallRejected,,,False,ORIGINATING,2026-08-10
2026-08-14 01:08:11,849,Casey Rivera,London,SIP_INBOUND,,Success,,always,True,ORIGINATING,2026-08-14
2026-09-04 23:33:48,2130,Alex Morgan,Chicago,SIP_ENTERPRISE,CallForwardNoAnswer,Success,,,True,ORIGINATING,2026-09-04
2026-08-19 19:43:51,1251,Jamie Ortiz,Dallas,SIP_ENTERPRISE,Deflection,Success,,always,True,TERMINATING,2026-08-19
2026-08-13 16:44:33,1620,Taylor Brooks,London,SIP_NATIONAL,ConsultativeTransfer,Success,,,True,ORIGINATING,2026-08-13
2026-08-28 18:46:59,2048,Riley Park,Singapore,SIP_INBOUND,CallForwardBusy,Success,,always,True,TERMINATING,2026-08-28
2026-08-27 14:51:39,745,Priya Nair,Singapore,SIP_INBOUND,CallForwardBusy,Success,,always,True,TERMINATING,2026-08-27
2026-08-20 11:47:57,619,Casey Rivera,London,SIP_ENTERPRISE,CallQueue,CallRejected,,always-pause-resume,False,ORIGINATING,2026-08-20
2026-09-03 21:03:48,1421,Jamie Ortiz,Singapore,SIP_ENTERPRISE,ConsultativeTransfer,Success,success,always-pause-resume,True,ORIGINATING,2026-09-03
2026-08-08 10:05:36,1307,Priya Nair,Dallas,SIP_NATIONAL,Deflection,Success,,always,True,ORIGINATING,2026-08-08
2026-08-13 13:45:55,1336,Taylor Brooks,Dallas,SIP_MOBILE,Deflection,Success,,always,True,TERMINATING,2026-08-13
2026-08-08 11:34:16,553,Jordan Lee,London,SIP_INBOUND,,Success,,always-pause-resume,True,ORIGINATING,2026-08-08
2026-08-23 20:19:50,2100,Priya Nair,London,SIP_ENTERPRISE,ConsultativeTransfer,Success,,,True,TERMINATING,2026-08-23
2026-09-01 10:46:36,2078,Jordan Lee,Dallas,SIP_INTERNATIONAL,ConsultativeTransfer,Success,,,True,TERMINATING,2026-09-01
2026-08-26 20:40:29,2350,Jamie Ortiz,Denver,SIP_ENTERPRISE,CallForwardNoAnswer,Success,,,True,ORIGINATING,2026-08-26
2026-09-02 14:24:14,465,Casey Rivera,Dallas,SIP_ENTERPRISE,,Success,,always-pause-resume,True,ORIGINATING,2026-09-02
2026-09-03 00:42:59,1248,Morgan Quinn,Denver,SIP_MOBILE,Deflection,Success,,,True,TERMINATING,2026-09-03
2026-09-01 01:15:36,2088,Sam Chen,Chicago,SIP_INBOUND,Deflection,Success,,,True,ORIGINATING,2026-09-01
2026-08-24 12:36:33,1233,Taylor Brooks,Singapore,SIP_ENTERPRISE,Deflection,UnassignedNumber,,always-pause-resume,False,ORIGINATING,2026-08-24
2026-08-09 22:10:23,391,Alex Morgan,Singapore,SIP_NATIONAL,ConsultativeTransfer,Success,,,True,TERMINATING,2026-08-09
2026-08-13 04:12:14,710,Taylor Brooks,London,SIP_ENTERPRISE,CallForwardNoAnswer,TemporarilyUnavailable,,always,False,ORIGINATING,2026-08-13
2026-08-24 11:30:12,1090,Priya Nair,Singapore,SIP_NATIONAL,Deflection,Success,,always-pause-resume,True,ORIGINATING,2026-08-24
2026-08-26 13:55:29,2169,Sam Chen,Dallas,SIP_NATIONAL,CallForwardBusy,Success,,,True,ORIGINATING,2026-08-26
2026-08-20 04:12:02,1760,Alex Morgan,Chicago,SIP_ENTERPRISE,ConsultativeTransfer,UnassignedNumber,,always,False,TERMINATING,2026-08-20
2026-09-04 18:29:48,1525,Taylor Brooks,Denver,SIP_ENTERPRISE,,Success,,always-pause-resume,True,TERMINATING,2026-09-04
2026-08-22 04:39:38,1945,Morgan Quinn,Dallas,SIP_ENTERPRISE,CallForwardBusy,Success,,,True,TERMINATING,2026-08-22
2026-09-02 17:16:12,1517,Morgan Quinn,Dallas,SIP_MOBILE,CallQueue,Success,,,True,TERMINATING,2026-09-02
2026-08-21 06:48:01,1016,Riley Park,Dallas,SIP_INBOUND,CallQueue,Success,,,True,TERMINATING,2026-08-21
2026-09-02 21:16:53,11,Riley Park,Dallas,SIP_ENTERPRISE,Deflection,Success,,always,True,TERMINATING,2026-09-02
2026-09-01 20:08:18,323,Sam Chen,Singapore,SIP_INBOUND,,Success,,always,True,ORIGINATING,2026-09-01
2026-08-13 17:43:38,874,Priya Nair,Chicago,SIP_ENTERPRISE,Deflection,Success,,always-pause-resume,True,ORIGINATING,2026-08-13
2026-09-05 02:19:21,1566,Sam Chen,Chicago,SIP_ENTERPRISE,Deflection,Success,,,True,TERMINATING,2026-09-05
2026-08-30 18:02:31,410,Alex Morgan,Chicago,SIP_ENTERPRISE,CallQueue,Success,,always-pause-resume,True,TERMINATING,2026-08-30
2026-08-27 08:32:19,519,Jordan Lee,Dallas,SIP_NATIONAL,ConsultativeTransfer,Success,,always,True,ORIGINATING,2026-08-27
2026-08-28 06:42:36,180,Taylor Brooks,Denver,SIP_INBOUND,CallQueue,Success,,,True,TERMINATING,2026-08-28
2026-09-02 06:26:10,1879,Riley Park,Singapore,SIP_ENTERPRISE,CallForwardNoAnswer,Success,success,always-pause-resume,True,TERMINATING,2026-09-02
2026-08-12 10:28:52,1282,Alex Morgan,Dallas,SIP_NATIONAL,CallQueue,Success,,,True,ORIGINATING,2026-08-12
2026-08-08 15:50:01,1858,Jordan Lee,London,SIP_ENTERPRISE,,Success,,always,True,TERMINATING,2026-08-08
2026-09-01 03:51:07,1250,Sam Chen,London,SIP_ENTERPRISE,CallForwardNoAnswer,Success,,always,True,ORIGINATING,2026-09-01
2026-08-24 00:04:44,1091,Taylor Brooks,Chicago,SIP_INBOUND,ConsultativeTransfer,Success,,always-pause-resume,True,TERMINATING,2026-08-24
2026-08-25 20:36:34,232,Jordan Lee,Denver,SIP_MOBILE,Deflection,CallRejected,,always-pause-resume,False,TERMINATING,2026-08-25
2026-08-28 09:51:54,483,Jordan Lee,Singapore,SIP_ENTERPRISE,CallForwardNoAnswer,Success,,always,True,ORIGINATING,2026-08-28
2026-08-11 11:44:59,2292,Sam Chen,Denver,SIP_MOBILE,Deflection,Success,,always,True,TERMINATING,2026-08-11
2026-08-07 21:18:50,1232,Sam Chen,Chicago,SIP_ENTERPRISE,CallForwardNoAnswer,Success,,always,True,ORIGINATING,2026-08-07
2026-08-26 23:25:36,1965,Jordan Lee,Singapore,SIP_ENTERPRISE,CallForwardNoAnswer,Success,,always,True,ORIGINATING,2026-08-26
2026-08-08 07:34:38,463,Alex Morgan,London,SIP_INBOUND,ConsultativeTransfer,Success,,,True,ORIGINATING,2026-08-08
2026-08-24 17:28:29,2162,Riley Park,Denver,SIP_ENTERPRISE,CallForwardBusy,Success,,always,True,ORIGINATING,2026-08-24
2026-08-18 08:57:58,52,Casey Rivera,London,SIP_ENTERPRISE,CallForwardNoAnswer,Success,,always,True,ORIGINATING,2026-08-18
2026-08-23 13:57:00,380,Jordan Lee,Chicago,SIP_INTERNATIONAL,Deflection,TemporarilyUnavailable,,,False,TERMINATING,2026-08-23
2026-09-01 02:21:30,1313,Taylor Brooks,Denver,SIP_ENTERPRISE,CallForwardNoAnswer,Success,,,True,ORIGINATING,2026-09-01
2026-08-18 22:58:39,1041,Morgan Quinn,Dallas,UNKNOWN,CallForwardBusy,Success,,always-pause-resume,True,TERMINATING,2026-08-18
2026-08-25 07:41:22,716,Marcus Webb,Denver,SIP_ENTERPRISE,CallForwardBusy,Success,,,True,ORIGINATING,2026-08-25
2026-09-02 20:05:32,1003,Jamie Ortiz,London,SIP_MOBILE,Deflection,CallRejected,,always-pause-resume,False,ORIGINATING,2026-09-02
2026-09-04 11:51:25,2164,Priya Nair,Dallas,SIP_ENTERPRISE,CallForwardNoAnswer,Success,,,True,TERMINATING,2026-09-04
2026-08-12 02:56:30,1698,Jamie Ortiz,Denver,SIP_NATIONAL,CallQueue,Success,,,True,TERMINATING,2026-08-12
2026-08-26 14:54:22,1787,Riley Park,Dallas,SIP_ENTERPRISE,CallForwardNoAnswer,Success,,always,True,ORIGINATING,2026-08-26
2026-08-25 17:52:12,2389,Alex Morgan,Singapore,SIP_MOBILE,,UnassignedNumber,,always-pause-resume,False,TERMINATING,2026-08-25
2026-08-22 05:21:31,944,Morgan Quinn,Dallas,SIP_ENTERPRISE,Deflection,Success,,always-pause-resume,True,ORIGINATING,2026-08-22
2026-08-31 10:58:58,1667,Jordan Lee,London,SIP_INBOUND,ConsultativeTransfer,Success,,,True,ORIGINATING,2026-08-31
2026-08-11 04:50:43,793,Alex Morgan,London,SIP_MOBILE,ConsultativeTransfer,Success,,always-pause-resume,True,TERMINATING,2026-08-11
2026-08-24 13:44:13,1273,Taylor Brooks,Chicago,SIP_ENTERPRISE,CallForwardNoAnswer,Success,,always,True,ORIGINATING,2026-08-24
2026-08-29 14:07:09,1821,Sam Chen,Chicago,SIP_ENTERPRISE,CallQueue,Success,,always,True,TERMINATING,2026-08-29
2026-08-10 03:43:34,627,Jamie Ortiz,Chicago,SIP_INBOUND,CallQueue,Success,,always-pause-resume,True,ORIGINATING,2026-08-10
2026-08-20 10:56:44,0,Taylor Brooks,Singapore,SIP_INTERNATIONAL,CallForwardBusy,Success,success,always,True,ORIGINATING,2026-08-20
2026-08-25 03:41:22,1037,Alex Morgan,Chicago,SIP_ENTERPRISE,ConsultativeTransfer,Success,,always-pause-resume,True,ORIGINATING,2026-08-25
2026-08-14 12:11:17,2102,Priya Nair,Chicago,SIP_ENTERPRISE,CallQueue,Success,,always,True,ORIGINATING,2026-08-14
2026-08-23 13:06:42,43,Jamie Ortiz,Chicago,SIP_ENTERPRISE,ConsultativeTransfer,Success,,,True,ORIGINATING,2026-08-23
2026-08-29 04:38:48,1853,Riley Park,Denver,SIP_NATIONAL,Deflection,Success,,always-pause-resume,True,TERMINATING,2026-08-29
2026-08-29 19:10:41,718,Taylor Brooks,Chicago,SIP_INBOUND,Deflection,Success,,,True,ORIGINATING,2026-08-29
2026-08-15 22:50:05,538,Sam Chen,London,SIP_NATIONAL,CallForwardNoAnswer,Success,,always,True,ORIGINATING,2026-08-15
2026-08-22 02:51:07,1629,Priya Nair,Chicago,SIP_ENTERPRISE,Deflection,Success,,always,True,ORIGINATING,2026-08-22
2026-08-14 09:39:14,19,Priya Nair,London,SIP_ENTERPRISE,Deflection,Success,,always-pause-resume,True,ORIGINATING,2026-08-14
2026-08-23 04:06:25,1777,Taylor Brooks,Dallas,SIP_ENTERPRISE,CallForwardBusy,UnassignedNumber,,,False,ORIGINATING,2026-08-23
2026-08-18 02:47:37,2213,Alex Morgan,Denver,SIP_ENTERPRISE,CallForwardNoAnswer,Success,,,True,ORIGINATING,2026-08-18
2026-08-28 19:36:51,674,Alex Morgan,Denver,SIP_ENTERPRISE,ConsultativeTransfer,Success,,always-pause-resume,True,TERMINATING,2026-08-28
2026-08-18 04:02:07,948,Sam Chen,Denver,SIP_INBOUND,Deflection,Success,,always-pause-resume,True,TERMINATING,2026-08-18
2026-08-25 17:40:54,1885,Casey Rivera,Dallas,SIP_NATIONAL,,Success,,always,True,ORIGINATING,2026-08-25
2026-08-13 01:28:44,1312,Marcus Webb,Denver,SIP_ENTERPRISE,Deflection,Success,,always-pause-resume,True,ORIGINATING,2026-08-13
2026-08-27 21:51:26,1445,Casey Rivera,London,SIP_ENTERPRISE,CallForwardNoAnswer,Success,,always,True,TERMINATING,2026-08-27
2026-08-31 13:43:44,1530,Jamie Ortiz,London,SIP_ENTERPRISE,ConsultativeTransfer,UnassignedNumber,,always,False,TERMINATING,2026-08-31
2026-08-14 09:13:53,1531,Casey Rivera,Chicago,SIP_INTERNATIONAL,ConsultativeTransfer,Success,,always,True,TERMINATING,2026-08-14
2026-08-11 07:12:59,2168,Casey Rivera,Singapore,SIP_ENTERPRISE,Deflection,Success,success,always-pause-resume,True,TERMINATING,2026-08-11
2026-08-20 23:49:36,1901,Taylor Brooks,Denver,SIP_ENTERPRISE,CallForwardBusy,Success,,,True,ORIGINATING,2026-08-20
2026-09-04 00:48:01,1157,Sam Chen,Chicago,SIP_ENTERPRISE,,Success,,always,True,ORIGINATING,2026-09-04
2026-08-28 22:33:57,1323,Jordan Lee,Denver,SIP_ENTERPRISE,,Success,success,,True,TERMINATING,2026-08-28
2026-08-17 08:19:42,910,Riley Park,Denver,SIP_ENTERPRISE,CallForwardBusy,Success,,always-pause-resume,True,ORIGINATING,2026-08-17
2026-08-10 15:57:14,1645,Taylor Brooks,Chicago,SIP_NATIONAL,ConsultativeTransfer,Success,,always-pause-resume,True,ORIGINATING,2026-08-10
2026-08-31 17:32:30,744,Priya Nair,London,SIP_ENTERPRISE,Deflection,CallRejected,,always,False,ORIGINATING,2026-08-31
2026-08-15 12:44:59,1394,Morgan Quinn,Chicago,SIP_INTERNATIONAL,,Success,,always-pause-resume,True,ORIGINATING,2026-08-15
2026-08-10 23:20:14,2338,Morgan Quinn,London,SIP_ENTERPRISE,ConsultativeTransfer,Success,,,True,ORIGINATING,2026-08-10
2026-08-17 15:26:25,443,Riley Park,Chicago,SIP_INBOUND,CallForwardNoAnswer,Success,,,True,ORIGINATING,2026-08-17
2026-08-29 10:11:02,2348,Priya Nair,Chicago,SIP_ENTERPRISE,Deflection,Success,,always-pause-resume,True,TERMINATING,2026-08-29
2026-08-25 04:18:12,896,Priya Nair,Dallas,SIP_ENTERPRISE,CallForwardBusy,Success,,always-pause-resume,True,TERMINATING,2026-08-25
2026-09-05 09:31:58,174,Sam Chen,Dallas,SIP_INBOUND,,Success,,always-pause-resume,True,TERMINATING,2026-09-05
2026-08-24 13:29:36,434,Jamie Ortiz,Singapore,SIP_ENTERPRISE,CallForwardNoAnswer,Success,,always,True,ORIGINATING,2026-08-24
2026-08-12 22:07:45,1602,Riley Park,London,SIP_NATIONAL,ConsultativeTransfer,Success,,always-pause-resume,True,TERMINATING,2026-08-12
2026-08-17 08:40:49,253,Riley Park,Dallas,SIP_ENTERPRISE,CallForwardNoAnswer,Success,,,True,ORIGINATING,2026-08-17
2026-08-15 06:53:52,901,Riley Park,London,SIP_NATIONAL,CallForwardNoAnswer,Success,,always-pause-resume,True,ORIGINATING,2026-08-15
2026-08-25 20:21:11,2361,Alex Morgan,Denver,SIP_ENTERPRISE,,Success,success,always-pause-resume,True,ORIGINATING,2026-08-25
2026-08-28 22:36:11,809,Taylor Brooks,London,SIP_ENTERPRISE,CallForwardNoAnswer,CallRejected,,always-pause-resume,False,ORIGINATING,2026-08-28
2026-08-29 19:43:49,2164,Riley Park,Chicago,SIP_INBOUND,CallQueue,Success,,always-pause-resume,True,ORIGINATING,2026-08-29
2026-08-11 10:36:11,2355,Sam Chen,London,SIP_NATIONAL,CallQueue,Success,,always-pause-resume,True,ORIGINATING,2026-08-11
2026-08-13 18:57:59,1101,Jordan Lee,Denver,SIP_ENTERPRISE,CallForwardBusy,Success,,always-pause-resume,True,ORIGINATING,2026-08-13
2026-08-17 13:32:15,620,Morgan Quinn,Singapore,SIP_INBOUND,Deflection,Success,,always,True,ORIGINATING,2026-08-17
2026-08-15 22:12:03,408,Casey Rivera,Dallas,SIP_ENTERPRISE,Deflection,Success,success,always-pause-resume,True,ORIGINATING,2026-08-15
2026-09-03 04:45:42,1297,Jamie Ortiz,Singapore,SIP_NATIONAL,CallForwardBusy,Success,,always-pause-resume,True,TERMINATING,2026-09-03
2026-08-23 11:01:53,1382,Morgan Quinn,Denver,SIP_ENTERPRISE,ConsultativeTransfer,Success,,,True,ORIGINATING,2026-08-23
2026-08-26 03:04:05,1002,Jordan Lee,Singapore,SIP_ENTERPRISE,,UnassignedNumber,,,False,ORIGINATING,2026-08-26
2026-09-01 03:30:45,1349,Priya Nair,Denver,SIP_ENTERPRISE,ConsultativeTransfer,Success,,always-pause-resume,True,TERMINATING,2026-09-01
2026-08-28 08:43:54,1620,Jamie Ortiz,Chicago,SIP_INBOUND,CallForwardNoAnswer,Success,,always-pause-resume,True,ORIGINATING,2026-08-28
2026-08-07 14:42:57,2048,Priya Nair,London,SIP_INBOUND,CallForwardNoAnswer,Success,,,True,ORIGINATING,2026-08-07
2026-09-05 01:46:44,304,Morgan Quinn,Chicago,SIP_INTERNATIONAL,CallForwardBusy,UnassignedNumber,,always-pause-resume,False,TERMINATING,2026-09-05
2026-09-05 11:23:04,847,Marcus Webb,Denver,SIP_ENTERPRISE,,Success,,always,True,ORIGINATING,2026-09-05
2026-08-13 20:09:02,70,Priya Nair,Singapore,SIP_ENTERPRISE,Deflection,Success,,always,True,ORIGINATING,2026-08-13
2026-08-24 15:25:36,233,Taylor Brooks,Singapore,SIP_ENTERPRISE,CallForwardBusy,TemporarilyUnavailable,,always,False,ORIGINATING,2026-08-24
2026-08-09 02:35:53,1870,Priya Nair,Denver,SIP_MOBILE,ConsultativeTransfer,Success,,always-pause-resume,True,ORIGINATING,2026-08-09
2026-08-31 11:26:04,1903,Riley Park,Dallas,SIP_ENTERPRISE,ConsultativeTransfer,Success,,,True,ORIGINATING,2026-08-31
2026-09-03 15:55:31,2272,Jamie Ortiz,Dallas,SIP_INTERNATIONAL,CallForwardBusy,Success,,always,True,ORIGINATING,2026-09-03
2026-08-21 04:03:56,412,Alex Morgan,Denver,SIP_ENTERPRISE,CallQueue,CallRejected,,always-pause-resume,False,ORIGINATING,2026-08-21
2026-08-16 22:12:16,0,Riley Park,Singapore,SIP_INTERNATIONAL,CallForwardBusy,Success,,,True,TERMINATING,2026-08-16
2026-08-24 11:32:45,551,Casey Rivera,Chicago,SIP_INBOUND,CallForwardBusy,Success,,always,True,TERMINATING,2026-08-24
2026-08-23 07:11:04,1840,Riley Park,Singapore,SIP_INTERNATIONAL,CallQueue,Success,,always,True,ORIGINATING,2026-08-23
2026-08-18 08:22:44,1566,Jordan Lee,Denver,SIP_ENTERPRISE,CallForwardBusy,Success,,always,True,ORIGINATING,2026-08-18
2026-09-03 07:57:58,1334,Priya Nair,Denver,SIP_MOBILE,Deflection,CallRejected,,,False,ORIGINATING,2026-09-03
2026-08-30 21:33:50,2170,Casey Rivera,Dallas,SIP_NATIONAL,CallQueue,Success,success,,True,ORIGINATING,2026-08-30
2026-08-15 11:42:24,226,Jamie Ortiz,Singapore,SIP_INTERNATIONAL,CallForwardNoAnswer,Success,,always-pause-resume,True,ORIGINATING,2026-08-15
2026-08-29 05:35:09,136,Alex Morgan,Dallas,SIP_ENTERPRISE,ConsultativeTransfer,Success,,always,True,TERMINATING,2026-08-29
2026-08-06 09:31:44,2075,Jordan Lee,London,SIP_ENTERPRISE,CallForwardNoAnswer,Success,,always,True,ORIGINATING,2026-08-06
2026-09-02 22:50:28,809,Jordan Lee,Denver,SIP_ENTERPRISE,CallQueue,Success,success,,True,ORIGINATING,2026-09-02
2026-08-28 07:02:42,2200,Casey Rivera,London,SIP_NATIONAL,ConsultativeTransfer,Success,success,always-pause-resume,True,ORIGINATING,2026-08-28
2026-08-10 00:08:08,2255,Jamie Ortiz,Dallas,SIP_ENTERPRISE,CallQueue,Success,,always-pause-resume,True,ORIGINATING,2026-08-10
2026-08-09 07:44:02,2129,Taylor Brooks,Dallas,SIP_INBOUND,CallForwardBusy,Success,,always-pause-resume,True,ORIGINATING,2026-08-09
2026-08-27 01:49:41,1963,Riley Park,Chicago,SIP_NATIONAL,Deflection,Success,,,True,TERMINATING,2026-08-27
2026-08-28 02:37:54,1736,Jamie Ortiz,Chicago,SIP_ENTERPRISE,CallQueue,TemporarilyUnavailable,,always-pause-resume,False,ORIGINATING,2026-08-28
2026-08-08 09:02:38,2077,Priya Nair,Singapore,SIP_ENTERPRISE,Deflection,Success,,,True,ORIGINATING,2026-08-08
2026-08-27 17:43:13,231,Riley Park,Chicago,SIP_ENTERPRISE,CallForwardNoAnswer,Success,,,True,TERMINATING,2026-08-27
2026-08-09 16:08:18,1391,Morgan Quinn,London,SIP_ENTERPRISE,CallForwardBusy,Success,,always-pause-resume,True,ORIGINATING,2026-08-09
2026-08-10 12:04:15,1894,Alex Morgan,Denver,SIP_INTERNATIONAL,CallForwardNoAnswer,Success,,always-pause-resume,True,TERMINATING,2026-08-10
2026-08-19 01:14:28,627,Jamie Ortiz,London,SIP_INBOUND,CallQueue,Success,,,True,ORIGINATING,2026-08-19
2026-09-04 10:02:34,1289,Sam Chen,Denver,SIP_ENTERPRISE,,Success,success,,True,ORIGINATING,2026-09-04
2026-08-17 11:43:20,1710,Marcus Webb,Denver,SIP_ENTERPRISE,CallQueue,Success,,always,True,ORIGINATING,2026-08-17
2026-08-15 00:22:15,1994,Marcus Webb,Singapore,SIP_ENTERPRISE,,Success,,always,True,TERMINATING,2026-08-15
2026-08-16 05:17:42,1473,Sam Chen,Singapore,SIP_ENTERPRISE,,Success,,always-pause-resume,True,ORIGINATING,2026-08-16
2026-09-04 21:52:07,1349,Jamie Ortiz,London,SIP_INTERNATIONAL,ConsultativeTransfer,Success,,,True,ORIGINATING,2026-09-04
2026-08-09 08:45:17,1667,Riley Park,Singapore,SIP_ENTERPRISE,CallForwardNoAnswer,Success,success,always,True,ORIGINATING,2026-08-09
2026-08-16 10:33:58,1663,Sam Chen,Chicago,SIP_ENTERPRISE,CallQueue,TemporarilyUnavailable,,,False,ORIGINATING,2026-08-16
2026-08-10 16:02:23,1919,Taylor Brooks,Denver,SIP_INBOUND,ConsultativeTransfer,Success,,,True,TERMINATING,2026-08-10
2026-08-19 13:30:45,2071,Riley Park,Denver,SIP_INBOUND,Deflection,Success,,always,True,TERMINATING,2026-08-19
2026-08-20 12:55:59,643,Jordan Lee,Dallas,SIP_ENTERPRISE,CallForwardNoAnswer,TemporarilyUnavailable,success,,False,ORIGINATING,2026-08-20
2026-08-18 16:39:18,1295,Morgan Quinn,Chicago,SIP_INBOUND,ConsultativeTransfer,Success,,always-pause-resume,True,TERMINATING,2026-08-18
2026-08-16 00:56:13,1249,Marcus Webb,Dallas,SIP_INBOUND,,Success,,always-pause-resume,True,ORIGINATING,2026-08-16
2026-08-30 09:57:22,294,Morgan Quinn,London,SIP_ENTERPRISE,,Success,,always-pause-resume,True,ORIGINATING,2026-08-30
2026-08-20 20:54:03,725,Jordan Lee,Denver,SIP_ENTERPRISE,CallForwardBusy,Success,,always,True,ORIGINATING,2026-08-20
2026-08-06 17:48:57,2074,Casey Rivera,Singapore,SIP_ENTERPRISE,CallForwardBusy,Success,failed,,True,ORIGINATING,2026-08-06
2026-08-19 14:42:14,432,Sam Chen,Dallas,SIP_ENTERPRISE,CallForwardBusy,Success,,always-pause-resume,True,TERMINATING,2026-08-19
2026-08-11 07:24:41,1738,Jordan Lee,Chicago,SIP_INBOUND,ConsultativeTransfer,UnassignedNumber,,,False,TERMINATING,2026-08-11
2026-09-02 21:59:05,385,Jordan Lee,Singapore,SIP_ENTERPRISE,CallForwardBusy,Success,,always-pause-resume,True,ORIGINATING,2026-09-02
2026-08-30 01:58:10,1470,Jordan Lee,Dallas,SIP_ENTERPRISE,,Success,,,True,ORIGINATING,2026-08-30
2026-08-07 06:06:25,1713,Jordan Lee,Dallas,SIP_INBOUND,ConsultativeTransfer,Success,success,always-pause-resume,True,ORIGINATING,2026-08-07
2026-08-23 03:10:28,1820,Morgan Quinn,Dallas,SIP_ENTERPRISE,,Success,,always-pause-resume,True,ORIGINATING,2026-08-23
2026-08-27 01:57:25,1109,Priya Nair,London,SIP_ENTERPRISE,CallQueue,Success,,,True,TERMINATING,2026-08-27
2026-08-16 13:46:59,2325,Taylor Brooks,Dallas,SIP_INBOUND,,Success,success,,True,ORIGINATING,2026-08-16
2026-08-26 02:23:14,1317,Taylor Brooks,Singapore,SIP_ENTERPRISE,Deflection,Success,,,True,ORIGINATING,2026-08-26
2026-08-17 22:11:50,192,Riley Park,Singapore,SIP_INTERNATIONAL,,Success,,always-pause-resume,True,TERMINATING,2026-08-17
2026-08-30 21:55:42,1776,Riley Park,Denver,SIP_ENTERPRISE,CallForwardBusy,Success,,always-pause-resume,True,ORIGINATING,2026-08-30
2026-08-09 13:31:29,1813,Jamie Ortiz,London,SIP_ENTERPRISE,CallForwardBusy,Success,,always,True,TERMINATING,2026-08-09
2026-08-15 23:23:26,915,Marcus Webb,Singapore,SIP_ENTERPRISE,CallForwardBusy,Success,,always,True,TERMINATING,2026-08-15
2026-08-29 01:14:16,129,Taylor Brooks,Dallas,SIP_ENTERPRISE,CallForwardBusy,Success,,always,True,ORIGINATING,2026-08-29
2026-08-26 16:03:42,2121,Jamie Ortiz,Singapore,SIP_ENTERPRISE,ConsultativeTransfer,Success,,always-pause-resume,True,TERMINATING,2026-08-26
2026-08-29 23:10:35,127,Jordan Lee,London,SIP_INBOUND,CallQueue,CallRejected,,,False,TERMINATING,2026-08-29
2026-08-27 04:22:03,74,Morgan Quinn,Dallas,SIP_ENTERPRISE,Deflection,Success,,,True,TERMINATING,2026-08-27
2026-08-28 09:50:07,760,Alex Morgan,Denver,SIP_ENTERPRISE,Deflection,Success,,,True,ORIGINATING,2026-08-28
2026-08-18 16:09:54,625,Jamie Ortiz,Chicago,SIP_INTERNATIONAL,CallQueue,Success,,always,True,TERMINATING,2026-08-18
2026-08-09 20:08:43,1806,Taylor Brooks,Dallas,SIP_INBOUND,,UnassignedNumber,,always,False,ORIGINATING,2026-08-09
2026-08-12 20:19:44,1098,Jordan Lee,Dallas,SIP_ENTERPRISE,,Success,,,True,ORIGINATING,2026-08-12
2026-08-15 00:20:36,1869,Priya Nair,Chicago,SIP_ENTERPRISE,,Success,success,always-pause-resume,True,ORIGINATING,2026-08-15
2026-08-19 12:49:29,2012,Jamie Ortiz,Dallas,SIP_ENTERPRISE,CallForwardBusy,Success,,always,True,ORIGINATING,2026-08-19
2026-08-14 19:12:49,1126,Taylor Brooks,Denver,SIP_NATIONAL,ConsultativeTransfer,Success,,,True,TERMINATING,2026-08-14
2026-09-03 16:04:25,2150,Alex Morgan,London,SIP_ENTERPRISE,CallQueue,Success,,,True,TERMINATING,2026-09-03
2026-08-22 17:15:04,1426,Riley Park,London,SIP_ENTERPRISE,,Success,,always,True,ORIGINATING,2026-08-22
2026-08-19 09:09:39,2124,Priya Nair,London,SIP_ENTERPRISE,CallForwardBusy,Success,,always,True,TERMINATING,2026-08-19
2026-08-22 04:23:02,1469,Morgan Quinn,Dallas,SIP_ENTERPRISE,,Success,,,True,ORIGINATING,2026-08-22
2026-08-23 21:06:26,1297,Taylor Brooks,Dallas,SIP_MOBILE,CallForwardBusy,Success,success,,True,TERMINATING,2026-08-23
2026-08-12 04:09:59,2326,Priya Nair,Dallas,SIP_ENTERPRISE,CallForwardNoAnswer,Success,,always-pause-resume,True,TERMINATING,2026-08-12
2026-09-01 15:10:31,1782,Morgan Quinn,Singapore,SIP_ENTERPRISE,CallForwardNoAnswer,Success,,always,True,ORIGINATING,2026-09-01
2026-08-17 06:04:07,2384,Priya Nair,London,SIP_ENTERPRISE,CallForwardNoAnswer,Success,,,True,ORIGINATING,2026-08-17
2026-08-22 04:59:00,1048,Taylor Brooks,Dallas,SIP_INBOUND,CallForwardNoAnswer,Success,,always,True,ORIGINATING,2026-08-22
2026-09-01 01:06:25,1263,Taylor Brooks,Denver,SIP_ENTERPRISE,CallForwardBusy,Success,,always,True,ORIGINATING,2026-09-01
2026-08-13 04:04:07,1213,Riley Park,Chicago,SIP_INBOUND,CallQueue,Success,,always-pause-resume,True,ORIGINATING,2026-08-13
2026-08-13 03:21:39,60,Taylor Brooks,Dallas,SIP_ENTERPRISE,,Success,,always-pause-resume,True,ORIGINATING,2026-08-13
2026-08-13 03:36:43,2279,Riley Park,Chicago,SIP_ENTERPRISE,ConsultativeTransfer,Success,,always-pause-resume,True,ORIGINATING,2026-08-13
2026-09-03 17:30:07,788,Morgan Quinn,London,SIP_SHORTCODE,ConsultativeTransfer,Success,,always,True,ORIGINATING,2026-09-03
2026-08-28 16:44:17,1675,Marcus Webb,Dallas,SIP_ENTERPRISE,CallForwardBusy,Success,,always,True,ORIGINATING,2026-08-28
2026-08-06 11:43:42,1756,Morgan Quinn,Denver,SIP_MOBILE,CallForwardBusy,Success,,,True,TERMINATING,2026-08-06
2026-08-31 08:34:59,219,Taylor Brooks,Dallas,SIP_MOBILE,CallForwardNoAnswer,Success,,always-pause-resume,True,ORIGINATING,2026-08-31
2026-08-28 01:50:20,1714,Marcus Webb,London,SIP_ENTERPRISE,,CallRejected,,always,False,ORIGINATING,2026-08-28
2026-08-19 13:04:27,576,Taylor Brooks,Singapore,SIP_ENTERPRISE,Deflection,Success,success,always-pause-resume,True,TERMINATING,2026-08-19
2026-08-18 18:30:04,630,Riley Park,London,SIP_ENTERPRISE,CallQueue,CallRejected,,always,False,ORIGINATING,2026-08-18
2026-08-20 11:40:25,1792,Sam Chen,Singapore,SIP_ENTERPRISE,ConsultativeTransfer,Success,success,,True,ORIGINATING,2026-08-20
2026-08-14 20:02:29,738,Sam Chen,London,SIP_MOBILE,Deflection,Success,,,True,ORIGINATING,2026-08-14
2026-08-28 13:47:06,1038,Riley Park,Denver,SIP_ENTERPRISE,CallForwardBusy,Success,,always,True,TERMINATING,2026-08-28
2026-08-23 16:37:10,2295,Jordan Lee,Chicago,SIP_ENTERPRISE,CallForwardBusy,Success,,always,True,TERMINATING,2026-08-23
2026-08-24 21:43:43,168,Jamie Ortiz,Singapore,SIP_INBOUND,Deflection,Success,,always,True,TERMINATING,2026-08-24
2026-08-18 20:10:48,1198,Priya Nair,London,SIP_ENTERPRISE,Deflection,Success,,always,True,ORIGINATING,2026-08-18
2026-09-03 19:41:36,1253,Casey Rivera,Singapore,SIP_INBOUND,,Success,,always-pause-resume,True,ORIGINATING,2026-09-03
2026-08-22 01:28:43,2220,Alex Morgan,Singapore,SIP_INTERNATIONAL,CallForwardBusy,Success,,,True,ORIGINATING,2026-08-22
2026-08-11 22:16:08,561,Marcus Webb,Denver,SIP_MOBILE,CallForwardBusy,Success,,always,True,TERMINATING,2026-08-11
2026-08-10 14:29:25,740,Riley Park,Singapore,SIP_INBOUND,CallForwardNoAnswer,Success,success,always-pause-resume,True,ORIGINATING,2026-08-10
2026-08-18 06:46:43,2378,Morgan Quinn,Denver,SIP_ENTERPRISE,CallForwardBusy,Success,,always-pause-resume,True,TERMINATING,2026-08-18
2026-08-15 07:38:17,486,Alex Morgan,Denver,SIP_ENTERPRISE,Deflection,TemporarilyUnavailable,,,False,ORIGINATING,2026-08-15
2026-08-06 01:01:05,363,Casey Rivera,Singapore,SIP_ENTERPRISE,Deflection,Success,,always-pause-resume,True,TERMINATING,2026-08-06
2026-08-08 19:35:45,1838,Alex Morgan,Singapore,SIP_MOBILE,CallForwardNoAnswer,Success,,always,True,TERMINATING,2026-08-08
2026-08-10 03:04:07,1889,Taylor Brooks,London,SIP_INBOUND,CallForwardBusy,Success,,always-pause-resume,True,TERMINATING,2026-08-10
2026-08-14 09:00:15,1075,Marcus Webb,Denver,SIP_ENTERPRISE,CallForwardBusy,Success,success,always-pause-resume,True,TERMINATING,2026-08-14
2026-08-06 01:05:25,86,Jamie Ortiz,Denver,SIP_ENTERPRISE,ConsultativeTransfer,Success,,,True,TERMINATING,2026-08-06
2026-08-31 09:45:57,1392,Casey Rivera,Chicago,SIP_INBOUND,CallForwardNoAnswer,Success,,always-pause-resume,True,TERMINATING,2026-08-31
2026-09-03 20:59:24,17,Morgan Quinn,Singapore,SIP_MOBILE,CallQueue,Success,,,True,TERMINATING,2026-09-03
2026-08-06 19:03:08,2216,Marcus Webb,Chicago,SIP_ENTERPRISE,CallQueue,Success,,always,True,TERMINATING,2026-08-06
2026-08-17 09:38:01,693,Riley Park,Chicago,SIP_ENTERPRISE,CallQueue,Success,,always-pause-resume,True,TERMINATING,2026-08-17
2026-08-06 02:54:42,874,Jordan Lee,Singapore,SIP_ENTERPRISE,CallForwardNoAnswer,Success,,always-pause-resume,True,ORIGINATING,2026-08-06
2026-09-05 03:25:52,1477,Morgan Quinn,Denver,SIP_INBOUND,,Success,,always-pause-resume,True,TERMINATING,2026-09-05
2026-08-17 11:53:32,168,Jordan Lee,Singapore,SIP_ENTERPRISE,ConsultativeTransfer,Success,,,True,TERMINATING,2026-08-17
2026-08-29 23:29:06,1645,Priya Nair,Singapore,SIP_ENTERPRISE,,CallRejected,,,False,ORIGINATING,2026-08-29
2026-08-16 21:12:30,370,Taylor Brooks,Dallas,SIP_ENTERPRISE,Deflection,TemporarilyUnavailable,,,False,ORIGINATING,2026-08-16
2026-08-13 11:35:35,96,Casey Rivera,Singapore,SIP_ENTERPRISE,Deflection,Success,,,True,TERMINATING,2026-08-13
2026-08-10 07:19:43,143,Taylor Brooks,Denver,SIP_ENTERPRISE,,Success,,always-pause-resume,True,ORIGINATING,2026-08-10
2026-09-01 08:32:40,1984,Morgan Quinn,Dallas,SIP_ENTERPRISE,Deflection,Success,,,True,TERMINATING,2026-09-01
2026-08-25 07:20:15,1024,Sam Chen,Chicago,SIP_ENTERPRISE,CallForwardBusy,Success,,,True,ORIGINATING,2026-08-25
2026-08-11 02:58:51,242,Marcus Webb,Singapore,SIP_INBOUND,ConsultativeTransfer,Success,,always-pause-resume,True,ORIGINATING,2026-08-11
2026-08-18 19:35:29,898,Jamie Ortiz,London,SIP_INBOUND,CallForwardNoAnswer,Success,,,True,ORIGINATING,2026-08-18
2026-08-24 03:39:31,965,Jamie Ortiz,London,SIP_INBOUND,CallQueue,Success,,,True,TERMINATING,2026-08-24
2026-08-15 04:35:18,1775,Riley Park,Dallas,SIP_INBOUND,Deflection,Success,,always,True,ORIGINATING,2026-08-15
2026-08-30 10:19:07,161,Taylor Brooks,Chicago,SIP_NATIONAL,Deflection,Success,,,True,ORIGINATING,2026-08-30
2026-08-24 18:09:18,2319,Alex Morgan,Singapore,SIP_ENTERPRISE,ConsultativeTransfer,Success,,always-pause-resume,True,ORIGINATING,2026-08-24
2026-08-22 07:22:46,1376,Marcus Webb,London,SIP_INBOUND,Deflection,TemporarilyUnavailable,,always-pause-resume,False,ORIGINATING,2026-08-22
2026-09-02 12:05:59,843,Alex Morgan,Chicago,SIP_ENTERPRISE,CallForwardBusy,Success,,always-pause-resume,True,TERMINATING,2026-09-02
2026-09-02 14:54:27,2180,Alex Morgan,Dallas,SIP_ENTERPRISE,,Success,,,True,ORIGINATING,2026-09-02
2026-09-02 01:56:43,1279,Alex Morgan,Dallas,SIP_INBOUND,ConsultativeTransfer,Success,,always,True,ORIGINATING,2026-09-02
2026-09-01 19:57:51,1930,Casey Rivera,Denver,SIP_INBOUND,Deflection,Success,success,always,True,ORIGINATING,2026-09-01
2026-09-03 01:10:53,2083,Casey Rivera,London,SIP_NATIONAL,CallForwardBusy,Success,,,True,ORIGINATING,2026-09-03
2026-08-21 04:07:33,1141,Riley Park,Chicago,SIP_INBOUND,,Success,,always,True,ORIGINATING,2026-08-21
2026-08-13 22:25:38,2105,Jordan Lee,Denver,SIP_ENTERPRISE,,Success,,always-pause-resume,True,TERMINATING,2026-08-13
2026-08-22 03:10:30,548,Taylor Brooks,Denver,SIP_ENTERPRISE,CallQueue,Success,,always-pause-resume,True,ORIGINATING,2026-08-22
2026-08-30 05:47:55,460,Taylor Brooks,Dallas,SIP_INTERNATIONAL,CallForwardNoAnswer,Success,,always,True,ORIGINATING,2026-08-30
2026-08-13 13:13:42,1136,Priya Nair,London,SIP_NATIONAL,Deflection,Success,,always,True,ORIGINATING,2026-08-13
2026-08-19 00:04:20,1952,Priya Nair,Dallas,SIP_ENTERPRISE,Deflection,Success,,always,True,TERMINATING,2026-08-19
2026-09-03 23:49:32,370,Jordan Lee,Singapore,SIP_INBOUND,CallForwardBusy,Success,,always-pause-resume,True,ORIGINATING,2026-09-03
2026-08-31 02:23:58,764,Casey Rivera,London,SIP_INBOUND,ConsultativeTransfer,Success,success,,True,TERMINATING,2026-08-31
2026-09-05 13:14:39,2326,Jamie Ortiz,London,SIP_INBOUND,CallForwardNoAnswer,Success,,always,True,TERMINATING,2026-09-05
2026-08-27 06:34:44,12,Riley Park,Dallas,SIP_ENTERPRISE,Deflection,Success,,always-pause-resume,True,TERMINATING,2026-08-27
2026-08-06 17:27:56,81,Priya Nair,London,SIP_ENTERPRISE,,Success,,always-pause-resume,True,ORIGINATING,2026-08-06
2026-08-11 00:10:35,2115,Marcus Webb,Singapore,SIP_ENTERPRISE,Deflection,Success,success,always-pause-resume,True,ORIGINATING,2026-08-11
2026-08-26 03:26:20,884,Taylor Brooks,London,SIP_ENTERPRISE,CallForwardBusy,Success,,,True,TERMINATING,2026-08-26
2026-08-26 05:17:22,1179,Jamie Ortiz,Dallas,SIP_INBOUND,CallForwardBusy,Success,success,,True,TERMINATING,2026-08-26
2026-08-13 19:49:39,1788,Marcus Webb,London,SIP_ENTERPRISE,CallQueue,Success,,,True,ORIGINATING,2026-08-13
2026-08-20 07:47:09,1956,Priya Nair,Chicago,SIP_ENTERPRISE,ConsultativeTransfer,UnassignedNumber,,,False,ORIGINATING,2026-08-20
2026-08-30 06:25:07,327,Riley Park,Singapore,SIP_ENTERPRISE,,Success,,always,True,ORIGINATING,2026-08-30
2026-09-05 06:15:23,2213,Morgan Quinn,London,SIP_MOBILE,,Success,,always-pause-resume,True,TERMINATING,2026-09-05
2026-08-24 22:39:04,56,Jamie Ortiz,Chicago,SIP_ENTERPRISE,CallForwardNoAnswer,Success,,,True,ORIGINATING,2026-08-24
2026-08-21 22:30:31,1731,Jamie Ortiz,Singapore,SIP_SHORTCODE,,Success,,,True,ORIGINATING,2026-08-21
2026-08-22 17:01:35,1009,Jamie Ortiz,Denver,SIP_ENTERPRISE,ConsultativeTransfer,Success,,always-pause-resume,True,ORIGINATING,2026-08-22
2026-08-19 12:04:26,1160,Priya Nair,Singapore,SIP_ENTERPRISE,ConsultativeTransfer,Success,,always-pause-resume,True,ORIGINATING,2026-08-19
2026-08-16 02:21:48,1615,Priya Nair,Dallas,SIP_ENTERPRISE,ConsultativeTransfer,Success,success,,True,ORIGINATING,2026-08-16
2026-08-19 23:10:32,1583,Taylor Brooks,Dallas,SIP_INTERNATIONAL,ConsultativeTransfer,TemporarilyUnavailable,,always-pause-resume,False,TERMINATING,2026-08-19
2026-08-14 10:56:03,2301,Casey Rivera,London,SIP_ENTERPRISE,CallForwardNoAnswer,CallRejected,,,False,TERMINATING,2026-08-14
2026-08-16 05:10:01,1551,Alex Morgan,Chicago,SIP_NATIONAL,Deflection,Success,,always,True,TERMINATING,2026-08-16
2026-08-16 15:12:43,364,Alex Morgan,Dallas,SIP_MOBILE,,Success,,always-pause-resume,True,TERMINATING,2026-08-16
2026-08-12 22:17:54,80,Priya Nair,London,SIP_ENTERPRISE,CallQueue,Success,,always-pause-resume,True,TERMINATING,2026-08-12
2026-08-19 23:34:00,1248,Jamie Ortiz,London,SIP_MOBILE,ConsultativeTransfer,Success,success,,True,ORIGINATING,2026-08-19
2026-08-18 21:13:40,1172,Priya Nair,Dallas,UNKNOWN,ConsultativeTransfer,CallRejected,success,,False,ORIGINATING,2026-08-18
2026-08-14 10:00:24,1366,Priya Nair,Denver,SIP_ENTERPRISE,Deflection,Success,,always,True,TERMINATING,2026-08-14
2026-08-23 04:27:30,1088,Jamie Ortiz,Chicago,SIP_ENTERPRISE,CallForwardNoAnswer,Success,,always,True,TERMINATING,2026-08-23
2026-08-31 13:06:08,2086,Priya Nair,Denver,SIP_ENTERPRISE,CallForwardBusy,Success,,always-pause-resume,True,ORIGINATING,2026-08-31
2026-08-24 12:39:44,1275,Jordan Lee,London,SIP_ENTERPRISE,Deflection,Success,,always,True,ORIGINATING,2026-08-24
2026-09-02 05:51:08,851,Alex Morgan,Chicago,SIP_MOBILE,CallForwardBusy,Success,,,True,ORIGINATING,2026-09-02
2026-08-08 18:11:51,529,Morgan Quinn,Singapore,SIP_ENTERPRISE,Deflection,Success,,always,True,ORIGINATING,2026-08-08
2026-09-03 06:43:43,515,Morgan Quinn,Dallas,SIP_ENTERPRISE,CallForwardNoAnswer,Success,,always-pause-resume,True,TERMINATING,2026-09-03
2026-08-07 23:04:45,2279,Taylor Brooks,London,SIP_ENTERPRISE,ConsultativeTransfer,Success,,always,True,ORIGINATING,2026-08-07
2026-08-28 08:25:01,613,Morgan Quinn,Chicago,SIP_ENTERPRISE,ConsultativeTransfer,Success,,always,True,ORIGINATING,2026-08-28
2026-09-03 08:09:49,659,Alex Morgan,Dallas,SIP_MOBILE,CallQueue,Success,,always-pause-resume,True,ORIGINATING,2026-09-03
2026-08-13 14:50:33,586,Riley Park,Dallas,SIP_ENTERPRISE,CallQueue,Success,,always-pause-resume,True,ORIGINATING,2026-08-13
2026-08-27 04:00:32,2161,Casey Rivera,Singapore,SIP_ENTERPRISE,ConsultativeTransfer,Success,,always-pause-resume,True,ORIGINATING,2026-08-27
2026-09-05 12:38:25,175,Alex Morgan,Chicago,SIP_SHORTCODE,CallForwardBusy,Success,,,True,ORIGINATING,2026-09-05
2026-09-04 22:31:42,1125,Jordan Lee,Chicago,SIP_ENTERPRISE,CallForwardNoAnswer,Success,,,True,ORIGINATING,2026-09-04
2026-09-04 18:18:48,1996,Priya Nair,Singapore,SIP_ENTERPRISE,,Success,,always-pause-resume,True,ORIGINATING,2026-09-04
2026-09-01 05:56:01,1052,Jamie Ortiz,London,SIP_ENTERPRISE,CallQueue,Success,,always-pause-resume,True,ORIGINATING,2026-09-01
2026-08-06 11:37:16,978,Riley Park,London,SIP_NATIONAL,CallQueue,Success,success,always-pause-resume,True,ORIGINATING,2026-08-06
2026-09-02 11:21:33,1406,Casey Rivera,Chicago,SIP_INBOUND,,Success,,,True,TERMINATING,2026-09-02
2026-08-08 02:05:28,713,Riley Park,London,SIP_MOBILE,CallForwardBusy,Success,,,True,TERMINATING,2026-08-08
2026-08-09 08:18:52,349,Priya Nair,Dallas,SIP_ENTERPRISE,,CallRejected,,always,False,ORIGINATING,2026-08-09
2026-08-25 13:42:39,1269,Sam Chen,Chicago,SIP_ENTERPRISE,Deflection,Success,,always,True,ORIGINATING,2026-08-25
2026-08-12 17:49:06,2391,Jamie Ortiz,Dallas,SIP_ENTERPRISE,,TemporarilyUnavailable,,always,False,ORIGINATING,2026-08-12
2026-08-27 19:37:04,756,Jamie Ortiz,Denver,SIP_ENTERPRISE,ConsultativeTransfer,Success,,always,True,ORIGINATING,2026-08-27
2026-08-07 20:07:28,777,Marcus Webb,London,SIP_INTERNATIONAL,CallQueue,Success,,always,True,TERMINATING,2026-08-07
2026-08-26 18:34:52,0,Morgan Quinn,Dallas,SIP_INTERNATIONAL,CallForwardBusy,Success,,,True,ORIGINATING,2026-08-26
2026-08-09 21:40:44,80,Marcus Webb,Chicago,SIP_ENTERPRISE,Deflection,Success,,,True,ORIGINATING,2026-08-09
2026-08-09 09:43:12,1588,Jordan Lee,Singapore,SIP_MOBILE,ConsultativeTransfer,CallRejected,,always-pause-resume,False,ORIGINATING,2026-08-09
2026-08-08 13:23:00,1032,Jamie Ortiz,London,SIP_INBOUND,CallForwardNoAnswer,Success,,always-pause-resume,True,TERMINATING,2026-08-08
2026-08-10 08:02:15,1711,Alex Morgan,Singapore,SIP_MOBILE,CallForwardNoAnswer,UnassignedNumber,,,False,TERMINATING,2026-08-10
2026-08-19 01:00:46,625,Taylor Brooks,Singapore,SIP_MOBILE,CallForwardNoAnswer,Success,,,True,ORIGINATING,2026-08-19
2026-08-28 11:53:04,1177,Jamie Ortiz,Dallas,SIP_ENTERPRISE,CallQueue,Success,,always,True,TERMINATING,2026-08-28
2026-08-26 09:03:24,1342,Casey Rivera,Dallas,SIP_MOBILE,,Success,,,True,ORIGINATING,2026-08-26
2026-08-29 14:38:55,177,Casey Rivera,Denver,SIP_ENTERPRISE,CallQueue,Success,,always-pause-resume,True,TERMINATING,2026-08-29
2026-08-12 01:58:37,2387,Morgan Quinn,Dallas,SIP_ENTERPRISE,CallQueue,Success,,,True,TERMINATING,2026-08-12
2026-09-04 00:04:58,965,Priya Nair,Chicago,SIP_MOBILE,,Success,,,True,ORIGINATING,2026-09-04
2026-08-21 23:16:21,25,Taylor Brooks,Chicago,SIP_ENTERPRISE,Deflection,Success,,always,True,TERMINATING,2026-08-21
2026-08-07 11:59:19,676,Priya Nair,Denver,SIP_ENTERPRISE,,Success,,always,True,ORIGINATING,2026-08-07
2026-08-21 08:18:43,2180,Priya Nair,Singapore,SIP_ENTERPRISE,,Success,,always,True,TERMINATING,2026-08-21
2026-08-23 08:26:05,1264,Alex Morgan,Denver,SIP_MOBILE,,Success,,always-pause-resume,True,ORIGINATING,2026-08-23
2026-08-21 06:04:20,2255,Alex Morgan,Chicago,SIP_ENTERPRISE,,Success,,always,True,ORIGINATING,2026-08-21
2026-08-28 03:38:10,798,Jamie Ortiz,Chicago,SIP_ENTERPRISE,CallForwardNoAnswer,Success,,always-pause-resume,True,ORIGINATING,2026-08-28
2026-08-30 06:01:20,1497,Sam Chen,Dallas,SIP_MOBILE,Deflection,Success,,always-pause-resume,True,ORIGINATING,2026-08-30
2026-08-25 10:17:51,1733,Sam Chen,Denver,SIP_ENTERPRISE,,Success,,always,True,ORIGINATING,2026-08-25
2026-08-23 20:41:13,962,Marcus Webb,Chicago,SIP_INBOUND,CallForwardNoAnswer,Success,,,True,TERMINATING,2026-08-23
2026-08-26 21:40:24,1239,Jamie Ortiz,London,SIP_ENTERPRISE,CallForwardBusy,Success,,always,True,ORIGINATING,2026-08-26
2026-08-10 08:39:33,1158,Jordan Lee,Chicago,SIP_ENTERPRISE,CallQueue,Success,,always-pause-resume,True,ORIGINATING,2026-08-10
2026-08-24 16:50:22,2333,Priya Nair,London,SIP_INBOUND,ConsultativeTransfer,Success,,,True,TERMINATING,2026-08-24
2026-08-11 22:55:01,270,Taylor Brooks,London,SIP_INBOUND,CallForwardBusy,Success,,always,True,ORIGINATING,2026-08-11
2026-08-31 00:34:42,101,Jordan Lee,Chicago,SIP_MOBILE,Deflection,CallRejected,,,False,ORIGINATING,2026-08-31
2026-08-22 10:49:21,475,Sam Chen,Denver,SIP_ENTERPRISE,CallQueue,Success,,always,True,ORIGINATING,2026-08-22
2026-08-22 06:28:24,2060,Jamie Ortiz,Denver,SIP_ENTERPRISE,CallQueue,Success,,always,True,ORIGINATING,2026-08-22
2026-08-22 16:14:43,188,Marcus Webb,Denver,SIP_NATIONAL,ConsultativeTransfer,Success,,always-pause-resume,True,ORIGINATING,2026-08-22
2026-08-19 23:02:41,2258,Marcus Webb,Singapore,SIP_NATIONAL,CallForwardBusy,Success,,always,True,TERMINATING,2026-08-19
2026-08-11 11:07:39,2279,Jordan Lee,London,SIP_ENTERPRISE,CallQueue,Success,,always,True,ORIGINATING,2026-08-11
2026-09-02 14:47:08,124,Riley Park,Dallas,SIP_ENTERPRISE,CallForwardBusy,Success,,always,True,TERMINATING,2026-09-02
2026-08-20 19:34:56,1435,Casey Rivera,Dallas,SIP_ENTERPRISE,CallQueue,Success,,always,True,ORIGINATING,2026-08-20
2026-08-06 00:18:26,63,Taylor Brooks,Singapore,SIP_NATIONAL,,Success,,always,True,TERMINATING,2026-08-06
2026-08-07 17:05:11,1043,Alex Morgan,Denver,SIP_NATIONAL,ConsultativeTransfer,Success,,always,True,ORIGINATING,2026-08-07
2026-08-14 10:02:27,1356,Jordan Lee,London,SIP_ENTERPRISE,CallQueue,TemporarilyUnavailable,,always-pause-resume,False,ORIGINATING,2026-08-14
