Start time,Duration,User,Location,Call type,Direction,Calling number,Called number,Calling display,Called display,Correlation ID,Related reason,User type,Answered,Answer indicator,Call outcome,Call outcome reason,Call Recording Result,Call Recording Trigger,_day
2026-08-27 02:07:51,147,Priya Nair,Singapore,SIP_ENTERPRISE,ORIGINATING,+13125551008,+13125551000,Priya Nair,Alex Morgan,story-0,,User,True,Yes,Success,Success,,,2026-08-27
2026-08-27 02:07:53,147,Alex Morgan,Denver,SIP_ENTERPRISE,TERMINATING,+13125551008,+13125551000,Priya Nair,Alex Morgan,story-0,,User,True,Yes,Success,Success,,,2026-08-27
2026-08-15 02:21:50,191,Morgan Quinn,London,SIP_ENTERPRISE,ORIGINATING,+13125551005,+13125551001,Morgan Quinn,Jordan Lee,story-2,,User,True,Yes,Success,Success,,,2026-08-15
2026-08-15 02:21:52,191,Jordan Lee,Chicago,SIP_ENTERPRISE,TERMINATING,+13125551005,+13125551001,Morgan Quinn,Jordan Lee,story-2,,User,True,Yes,Success,Success,,,2026-08-15
2026-08-29 14:53:59,549,Casey Rivera,Chicago,SIP_ENTERPRISE,ORIGINATING,+13125551004,+13125551008,Casey Rivera,Priya Nair,story-4,,User,True,Yes,Success,Success,,,2026-08-29
2026-08-29 14:54:01,549,Priya Nair,Denver,SIP_ENTERPRISE,TERMINATING,+13125551004,+13125551008,Casey Rivera,Priya Nair,story-4,,User,True,Yes,Success,Success,,,2026-08-29
2026-08-10 17:42:44,810,Priya Nair,Dallas,SIP_ENTERPRISE,ORIGINATING,+13125551008,+13125551003,Priya Nair,Taylor Brooks,story-6,,User,True,Yes,Success,Success,,,2026-08-10
2026-08-10 17:42:46,810,Taylor Brooks,Singapore,SIP_ENTERPRISE,TERMINATING,+13125551008,+13125551003,Priya Nair,Taylor Brooks,story-6,,User,True,Yes,Success,Success,,,2026-08-10
2026-08-24 13:36:53,530,Priya Nair,Chicago,SIP_ENTERPRISE,ORIGINATING,+13125551008,+13125551000,Priya Nair,Alex Morgan,story-8,,User,True,Yes,Success,Success,,,2026-08-24
2026-08-24 13:36:55,530,Alex Morgan,Chicago,SIP_ENTERPRISE,TERMINATING,+13125551008,+13125551000,Priya Nair,Alex Morgan,story-8,,User,True,Yes,Success,Success,,,2026-08-24
2026-08-13 10:09:09,276,Morgan Quinn,Singapore,SIP_ENTERPRISE,ORIGINATING,+13125551005,+13125551004,Morgan Quinn,Casey Rivera,story-10,,User,True,Yes,Success,Success,,,2026-08-13
2026-08-13 10:09:11,276,Casey Rivera,Chicago,SIP_ENTERPRISE,TERMINATING,+13125551005,+13125551004,Morgan Quinn,Casey Rivera,story-10,,User,True,Yes,Success,Success,,,2026-08-13
2026-08-31 07:07:16,808,Jordan Lee,Singapore,SIP_ENTERPRISE,ORIGINATING,+13125551001,+13125551007,Jordan Lee,Jamie Ortiz,story-12,,User,True,Yes,Success,Success,,,2026-08-31
2026-08-31 07:07:18,808,Jamie Ortiz,Dallas,SIP_ENTERPRISE,TERMINATING,+13125551001,+13125551007,Jordan Lee,Jamie Ortiz,story-12,,User,True,Yes,Success,Success,,,2026-08-31
2026-09-04 08:27:19,199,Sam Chen,Denver,SIP_ENTERPRISE,ORIGINATING,+13125551002,+13125551007,Sam Chen,Jamie Ortiz,story-14,,User,True,Yes,Success,Success,,,2026-09-04
2026-09-04 08:27:21,199,Jamie Ortiz,Singapore,SIP_ENTERPRISE,TERMINATING,+13125551002,+13125551007,Sam Chen,Jamie Ortiz,story-14,,User,True,Yes,Success,Success,,,2026-09-04
2026-08-15 15:55:00,0,Marcus Webb,London,SIP_INBOUND,TERMINATING,+155501065,+13125551009,+155501065,Marcus Webb,story-16,CallForwardNoAnswer,User,False,No,Success,NoAnswer,,,2026-08-15
2026-08-15 15:55:08,115,Marcus Webb,Singapore,SIP_INBOUND,TERMINATING,+155501065,+13125551009,+155501065,Marcus Webb's voicemail,story-16,CallForwardNoAnswer,VoiceMailRetrieval,True,Yes-PostRedirection,Success,Normal,,,2026-08-15
2026-08-09 18:01:37,0,Riley Park,Chicago,SIP_INBOUND,TERMINATING,+155501048,+13125551006,+155501048,Riley Park,story-18,CallForwardNoAnswer,User,False,No,Success,NoAnswer,,,2026-08-09
2026-08-09 18:01:45,77,Riley Park,Denver,SIP_INBOUND,TERMINATING,+155501048,+13125551006,+155501048,Riley Park's voicemail,story-18,CallForwardNoAnswer,VoiceMailRetrieval,True,Yes-PostRedirection,Success,Normal,,,2026-08-09
2026-08-24 05:42:06,0,Taylor Brooks,Singapore,SIP_INBOUND,TERMINATING,+155501021,+13125551003,+155501021,Taylor Brooks,story-20,CallForwardNoAnswer,User,False,No,Success,NoAnswer,,,2026-08-24
2026-08-24 05:42:14,78,Taylor Brooks,Dallas,SIP_INBOUND,TERMINATING,+155501021,+13125551003,+155501021,Taylor Brooks's voicemail,story-20,CallForwardNoAnswer,VoiceMailRetrieval,True,Yes-PostRedirection,Success,Normal,,,2026-08-24
2026-08-08 04:49:07,0,Casey Rivera,Dallas,SIP_INBOUND,TERMINATING,+155501020,+13125551004,+155501020,Casey Rivera,story-22,CallForwardNoAnswer,User,False,No,Success,NoAnswer,,,2026-08-08
2026-08-08 04:49:15,35,Casey Rivera,Chicago,SIP_INBOUND,TERMINATING,+155501020,+13125551004,+155501020,Casey Rivera's voicemail,story-22,CallForwardNoAnswer,VoiceMailRetrieval,True,Yes-PostRedirection,Success,Normal,,,2026-08-08
2026-08-06 23:22:16,0,Morgan Quinn,Chicago,SIP_INBOUND,TERMINATING,+155501077,+13125551005,+155501077,Morgan Quinn,story-24,CallForwardNoAnswer,User,False,No,Success,NoAnswer,,,2026-08-06
2026-08-06 23:22:24,104,Morgan Quinn,Singapore,SIP_INBOUND,TERMINATING,+155501077,+13125551005,+155501077,Morgan Quinn's voicemail,story-24,CallForwardNoAnswer,VoiceMailRetrieval,True,Yes-PostRedirection,Success,Normal,,,2026-08-06
2026-08-14 15:11:13,0,Jordan Lee,Dallas,SIP_INBOUND,TERMINATING,+155501035,+13125551001,+155501035,Jordan Lee,story-26,CallForwardNoAnswer,User,False,No,Success,NoAnswer,,,2026-08-14
2026-08-14 15:11:21,144,Jordan Lee,Singapore,SIP_INBOUND,TERMINATING,+155501035,+13125551001,+155501035,Jordan Lee's voicemail,story-26,CallForwardNoAnswer,VoiceMailRetrieval,True,Yes-PostRedirection,Success,Normal,,,2026-08-14
2026-08-20 15:40:02,17,Sales IVR,London,SIP_INBOUND,TERMINATING,+155501056,+13125552002,+155501056,Sales IVR,story-28,Deflection,AutomatedAttendantVideo,True,Yes,Success,Success,,,2026-08-20
2026-08-20 15:40:22,544,Marcus Webb,Chicago,SIP_INBOUND,TERMINATING,+155501056,+13125553005,+155501056,Technical Triage,story-28,CallQueue,CallCenterPremium,True,Yes,Success,Success,,,2026-08-20
2026-08-19 03:08:32,11,After Hours AA,Chicago,SIP_INBOUND,TERMINATING,+155501042,+13125552001,+155501042,After Hours AA,story-30,Deflection,AutomatedAttendantVideo,True,Yes,Success,Success,,,2026-08-19
2026-08-19 03:08:52,538,Riley Park,Chicago,SIP_INBOUND,TERMINATING,+155501042,+13125553005,+155501042,Technical Triage,story-30,CallQueue,CallCenterPremium,True,Yes,Success,Success,,,2026-08-19
2026-09-01 17:05:03,17,Facilities AA,Dallas,SIP_INBOUND,TERMINATING,+155501071,+13125552006,+155501071,Facilities AA,story-32,Deflection,AutomatedAttendantVideo,True,Yes,Success,Success,,,2026-09-01
2026-09-01 17:05:23,314,Morgan Quinn,Singapore,SIP_INBOUND,TERMINATING,+155501071,+13125553005,+155501071,Technical Triage,story-32,CallQueue,CallCenterPremium,True,Yes,Success,Success,,,2026-09-01
2026-08-14 15:14:15,33,Executive AA,Chicago,SIP_INBOUND,TERMINATING,+155501031,+13125552007,+155501031,Executive AA,story-34,Deflection,AutomatedAttendantVideo,True,Yes,Success,Success,,,2026-08-14
2026-08-14 15:14:35,315,Riley Park,Singapore,SIP_INBOUND,TERMINATING,+155501031,+13125553001,+155501031,Support Queue East,story-34,CallQueue,CallCenterPremium,True,Yes,Success,Success,,,2026-08-14
2026-08-06 10:58:47,15,After Hours AA,Dallas,SIP_INBOUND,TERMINATING,+155501073,+13125552001,+155501073,After Hours AA,story-36,Deflection,AutomatedAttendantVideo,True,Yes,Success,Success,,,2026-08-06
2026-08-06 10:59:07,155,Priya Nair,London,SIP_INBOUND,TERMINATING,+155501073,+13125553000,+155501073,Sales Queue East,story-36,CallQueue,CallCenterPremium,True,Yes,Success,Success,,,2026-08-06
2026-09-01 19:17:59,51,Jamie Ortiz,Chicago,SIP_INBOUND,TERMINATING,+155501033,+13125551007,+155501033,Jamie Ortiz,story-38,,User,True,Yes,Success,Success,,,2026-09-01
2026-09-01 19:19:29,60,Marcus Webb,London,SIP_INBOUND,TERMINATING,+155501033,+13125551009,+155501033,Marcus Webb,story-38,ConsultativeTransfer,User,True,Yes,Success,Success,,,2026-09-01
2026-08-30 07:20:54,66,Riley Park,London,SIP_INBOUND,TERMINATING,+155501079,+13125551006,+155501079,Riley Park,story-40,,User,True,Yes,Success,Success,,,2026-08-30
2026-08-30 07:22:24,238,Casey Rivera,London,SIP_INBOUND,TERMINATING,+155501079,+13125551004,+155501079,Casey Rivera,story-40,ConsultativeTransfer,User,True,Yes,Success,Success,,,2026-08-30
2026-08-11 21:17:02,37,Priya Nair,Dallas,SIP_INBOUND,TERMINATING,+155501029,+13125551008,+155501029,Priya Nair,story-42,,User,True,Yes,Success,Success,,,2026-08-11
2026-08-11 21:18:32,248,Jamie Ortiz,Singapore,SIP_INBOUND,TERMINATING,+155501029,+13125551007,+155501029,Jamie Ortiz,story-42,ConsultativeTransfer,User,True,Yes,Success,Success,,,2026-08-11
2026-08-15 17:19:19,104,Priya Nair,Chicago,SIP_INBOUND,TERMINATING,+155501067,+13125551008,+155501067,Priya Nair,story-44,,User,True,Yes,Success,Success,,,2026-08-15
2026-08-15 17:20:49,188,Alex Morgan,London,SIP_INBOUND,TERMINATING,+155501067,+13125551000,+155501067,Alex Morgan,story-44,ConsultativeTransfer,User,True,Yes,Success,Success,,,2026-08-15
2026-09-03 12:01:26,333,Alex Morgan,Singapore,SIP_ENTERPRISE,ORIGINATING,+13125551003,+13125551007,Taylor Brooks,Jamie Ortiz,rnd-0-42,Deflection,AutomatedAttendantVideo,True,Yes,Success,Success,success,always-pause-resume,2026-09-03
2026-08-26 09:05:08,841,Morgan Quinn,Denver,SIP_INBOUND,TERMINATING,+155509968,+13125551005,+155509968,Morgan Quinn,rnd-1-42,CallQueue,User,True,No,Success,Success,,,2026-08-26
2026-09-05 22:51:00,878,Jordan Lee,Singapore,SIP_SHORTCODE,TERMINATING,+13125551001,+155509957,Jordan Lee,+155509957,rnd-2-42,ConsultativeTransfer,CallCenterPremium,True,Yes-PostRedirection,Success,Success,,,2026-09-05
2026-08-15 09:04:21,2276,Priya Nair,Chicago,UNKNOWN,ORIGINATING,+13125551008,+155509924,Priya Nair,+155509924,rnd-3-42,ConsultativeTransfer,User,True,No,Success,Success,,,2026-08-15
2026-08-12 12:42:30,2006,Casey Rivera,Singapore,SIP_ENTERPRISE,ORIGINATING,+13125551006,+13125551004,Riley Park,Casey Rivera,rnd-4-42,HuntGroup,User,True,Yes-PostRedirection,Success,Success,success,always-pause-resume,2026-08-12
2026-08-11 00:13:01,44,Riley Park,Singapore,SIP_ENTERPRISE,TERMINATING,+13125551002,+13125551009,Sam Chen,Marcus Webb,rnd-5-42,ConsultativeTransfer,CallCenterPremium,False,Yes,Refusal,UnassignedNumber,,always,2026-08-11
2026-08-15 13:20:39,865,Alex Morgan,Denver,SIP_MOBILE,ORIGINATING,+13125551000,+155509989,Alex Morgan,+155509989,rnd-6-42,CallForwardBusy,User,True,Yes,Success,Success,,always-pause-resume,2026-08-15
2026-08-06 18:26:27,1021,Morgan Quinn,London,SIP_NATIONAL,ORIGINATING,+13125551005,+155509938,Morgan Quinn,+155509938,rnd-7-42,,User,True,No,Success,Success,success,always,2026-08-06
2026-08-12 21:51:18,1146,Riley Park,Denver,SIP_INBOUND,TERMINATING,+155509996,+13125551006,+155509996,Riley Park,rnd-8-42,Deflection,User,True,No,Success,Success,,always,2026-08-12
2026-08-23 23:57:31,1784,Alex Morgan,Chicago,UNKNOWN,ORIGINATING,+13125551000,+155509959,Alex Morgan,+155509959,rnd-9-42,CallForwardNoAnswer,User,True,Yes-PostRedirection,Success,Success,,always-pause-resume,2026-08-23
2026-08-06 01:15:29,1496,Priya Nair,Dallas,SIP_MOBILE,ORIGINATING,+13125551008,+155509994,Priya Nair,+155509994,rnd-10-42,CallForwardNoAnswer,AutomatedAttendantVideo,True,No,Success,Success,,,2026-08-06
2026-08-18 15:50:39,526,Casey Rivera,Singapore,SIP_ENTERPRISE,ORIGINATING,+13125551002,+13125551005,Sam Chen,Morgan Quinn,rnd-11-42,CallForwardNoAnswer,User,True,Yes,Success,Success,,always-pause-resume,2026-08-18
2026-08-30 08:36:16,1814,Morgan Quinn,London,SIP_INBOUND,TERMINATING,+155509946,+13125551005,+155509946,Morgan Quinn,rnd-12-42,CallQueue,User,True,Yes-PostRedirection,Success,Success,,always-pause-resume,2026-08-30
2026-08-12 23:07:57,1007,Alex Morgan,Chicago,SIP_ENTERPRISE,ORIGINATING,+13125551007,+13125551006,Jamie Ortiz,Riley Park,rnd-13-42,SimultaneousRingPersonal,CallCenterPremium,True,No,Success,Success,,always,2026-08-12
2026-08-10 13:47:35,901,Jordan Lee,London,SIP_INBOUND,ORIGINATING,+155509941,+13125551001,+155509941,Jordan Lee,rnd-14-42,,User,True,No,Success,Success,,,2026-08-10
2026-08-22 11:09:43,2072,Morgan Quinn,London,SIP_INBOUND,TERMINATING,+155509967,+13125551005,+155509967,Morgan Quinn,rnd-15-42,CallForwardBusy,HuntGroup,True,No,Success,Success,,,2026-08-22
2026-08-21 00:32:24,1175,Jamie Ortiz,Chicago,SIP_ENTERPRISE,ORIGINATING,+13125551001,+13125551003,Jordan Lee,Taylor Brooks,rnd-16-42,SimultaneousRingPersonal,HuntGroup,True,Yes,Success,Success,,,2026-08-21
2026-08-12 15:10:51,1913,Morgan Quinn,Singapore,SIP_ENTERPRISE,TERMINATING,+13125551009,+13125551000,Marcus Webb,Alex Morgan,rnd-17-42,,User,True,No,Success,Success,,always-pause-resume,2026-08-12
2026-08-29 08:35:07,2241,Riley Park,Singapore,SIP_MOBILE,ORIGINATING,+13125551006,+155509972,Riley Park,+155509972,rnd-18-42,SimultaneousRingPersonal,User,True,Yes-PostRedirection,Success,Success,,,2026-08-29
2026-08-30 17:49:04,2192,Jamie Ortiz,Dallas,SIP_INBOUND,TERMINATING,+155509992,+13125551007,+155509992,Jamie Ortiz,rnd-19-42,ConsultativeTransfer,CallCenterPremium,False,Yes,Refusal,CallRejected,,always,2026-08-30
2026-08-14 01:33:22,1387,Jamie Ortiz,Denver,SIP_ENTERPRISE,TERMINATING,+13125551006,+13125551004,Riley Park,Casey Rivera,rnd-20-42,Deflection,HuntGroup,True,Yes-PostRedirection,Success,Success,,always,2026-08-14
2026-09-05 23:55:53,132,Jordan Lee,Chicago,SIP_ENTERPRISE,TERMINATING,+13125551002,+13125551004,Sam Chen,Casey Rivera,rnd-21-42,CallQueue,AutomatedAttendantVideo,True,Yes,Success,Success,success,always-pause-resume,2026-09-05
2026-08-27 16:24:06,474,Sam Chen,Singapore,SIP_NATIONAL,TERMINATING,+13125551002,+155509949,Sam Chen,+155509949,rnd-22-42,SimultaneousRingPersonal,HuntGroup,True,Yes,Success,Success,,always,2026-08-27
2026-08-24 08:31:14,1240,Taylor Brooks,Chicago,SIP_NATIONAL,TERMINATING,+13125551003,+155509954,Taylor Brooks,+155509954,rnd-23-42,HuntGroup,User,True,Yes-PostRedirection,Success,Success,,,2026-08-24
2026-08-16 13:52:33,1780,Jamie Ortiz,Chicago,SIP_NATIONAL,TERMINATING,+13125551007,+155509932,Jamie Ortiz,+155509932,rnd-24-42,,CallCenterPremium,True,No,Success,Success,,,2026-08-16
2026-08-24 08:48:04,1147,Taylor Brooks,Chicago,SIP_ENTERPRISE,ORIGINATING,+13125551009,+13125551006,Marcus Webb,Riley Park,rnd-25-42,,User,True,Yes,Success,Success,,always-pause-resume,2026-08-24
2026-08-12 13:49:01,1136,Morgan Quinn,Denver,SIP_NATIONAL,ORIGINATING,+13125551005,+155509972,Morgan Quinn,+155509972,rnd-26-42,,HuntGroup,True,Yes-PostRedirection,Success,Success,,always-pause-resume,2026-08-12
2026-08-19 21:26:30,1661,Casey Rivera,Dallas,SIP_ENTERPRISE,TERMINATING,+13125551007,+13125551009,Jamie Ortiz,Marcus Webb,rnd-27-42,SimultaneousRingPersonal,HuntGroup,True,Yes-PostRedirection,Success,Success,,always-pause-resume,2026-08-19
2026-08-16 21:44:49,949,Casey Rivera,Denver,SIP_ENTERPRISE,ORIGINATING,+13125551008,+13125551002,Priya Nair,Sam Chen,rnd-28-42,,User,True,Yes-PostRedirection,Success,Success,success,,2026-08-16
2026-09-05 06:35:44,800,Casey Rivera,Chicago,SIP_ENTERPRISE,ORIGINATING,+13125551008,+13125551002,Priya Nair,Sam Chen,rnd-29-42,Deflection,AutomatedAttendantVideo,True,No,Success,Success,,,2026-09-05
2026-09-04 06:24:09,55,Jamie Ortiz,Chicago,SIP_INBOUND,TERMINATING,+155509942,+13125551007,+155509942,Jamie Ortiz,rnd-30-42,CallQueue,User,True,No,Success,Success,,always-pause-resume,2026-09-04
2026-08-08 07:07:01,616,Alex Morgan,Dallas,SIP_INBOUND,TERMINATING,+155509981,+13125551000,+155509981,Alex Morgan,rnd-31-42,CallForwardBusy,AutomatedAttendantVideo,True,No,Success,Success,success,always-pause-resume,2026-08-08
2026-09-03 03:55:38,1255,Marcus Webb,London,SIP_ENTERPRISE,ORIGINATING,+13125551001,+13125551004,Jordan Lee,Casey Rivera,rnd-32-42,CallForwardNoAnswer,HuntGroup,True,Yes,Success,Success,,always,2026-09-03
2026-08-13 10:27:34,1678,Sam Chen,Chicago,SIP_INBOUND,TERMINATING,+155509946,+13125551002,+155509946,Sam Chen,rnd-33-42,CallQueue,HuntGroup,True,Yes,Success,Success,,always-pause-resume,2026-08-13
2026-08-30 10:08:38,475,Taylor Brooks,London,SIP_INBOUND,ORIGINATING,+155509917,+13125551003,+155509917,Taylor Brooks,rnd-34-42,CallForwardNoAnswer,AutomatedAttendantVideo,True,Yes-PostRedirection,Success,Success,,,2026-08-30
2026-09-03 13:22:02,1653,Jamie Ortiz,Denver,SIP_ENTERPRISE,TERMINATING,+13125551001,+13125551000,Jordan Lee,Alex Morgan,rnd-35-42,CallForwardNoAnswer,User,True,Yes,Success,Success,,always,2026-09-03
2026-09-04 19:39:42,89,Marcus Webb,Singapore,SIP_NATIONAL,TERMINATING,+13125551009,+155509970,Marcus Webb,+155509970,rnd-36-42,CallForwardNoAnswer,User,True,Yes-PostRedirection,Success,Success,,always-pause-resume,2026-09-04
2026-08-25 16:16:47,1430,Jordan Lee,London,SIP_ENTERPRISE,TERMINATING,+13125551002,+13125551006,Sam Chen,Riley Park,rnd-37-42,CallForwardNoAnswer,HuntGroup,True,No,Success,Success,success,,2026-08-25
2026-08-07 03:18:09,479,Casey Rivera,Denver,SIP_ENTERPRISE,TERMINATING,+13125551000,+13125551009,Alex Morgan,Marcus Webb,rnd-38-42,Deflection,User,True,Yes-PostRedirection,Success,Success,,always-pause-resume,2026-08-07
2026-08-25 07:14:22,838,Jamie Ortiz,Chicago,SIP_ENTERPRISE,ORIGINATING,+13125551007,+13125551001,Jamie Ortiz,Jordan Lee,rnd-39-42,ConsultativeTransfer,User,True,Yes-PostRedirection,Success,Success,,always,2026-08-25
2026-08-23 02:52:30,486,Jordan Lee,London,SIP_ENTERPRISE,TERMINATING,+13125551004,+13125551009,Casey Rivera,Marcus Webb,rnd-40-42,,CallCenterPremium,True,Yes,Success,Success,,always-pause-resume,2026-08-23
2026-08-23 02:08:28,564,Marcus Webb,Singapore,SIP_ENTERPRISE,TERMINATING,+13125551006,+13125551005,Riley Park,Morgan Quinn,rnd-41-42,Deflection,User,True,Yes-PostRedirection,Success,Success,,always-pause-resume,2026-08-23
2026-08-31 23:04:55,1834,Jamie Ortiz,Dallas,SIP_INBOUND,TERMINATING,+155509968,+13125551007,+155509968,Jamie Ortiz,rnd-42-42,CallForwardBusy,HuntGroup,True,Yes,Success,Success,,,2026-08-31
2026-08-17 20:55:49,1308,Riley Park,Chicago,SIP_MOBILE,ORIGINATING,+13125551006,+155509973,Riley Park,+155509973,rnd-43-42,ConsultativeTransfer,AutomatedAttendantVideo,True,Yes-PostRedirection,Success,Success,,always-pause-resume,2026-08-17
2026-09-01 23:03:25,2159,Jamie Ortiz,Chicago,SIP_MOBILE,TERMINATING,+13125551007,+155509970,Jamie Ortiz,+155509970,rnd-44-42,HuntGroup,AutomatedAttendantVideo,True,Yes-PostRedirection,Success,Success,,always-pause-resume,2026-09-01
2026-08-26 03:28:42,1302,Priya Nair,London,SIP_MOBILE,ORIGINATING,+13125551008,+155509989,Priya Nair,+155509989,rnd-45-42,CallForwardBusy,HuntGroup,True,Yes-PostRedirection,Success,Success,,always-pause-resume,2026-08-26
2026-09-05 22:05:05,416,Riley Park,Chicago,SIP_NATIONAL,TERMINATING,+13125551006,+155509917,Riley Park,+155509917,rnd-46-42,HuntGroup,User,True,No,Success,Success,,always,2026-09-05
2026-08-13 13:40:58,722,Sam Chen,Dallas,SIP_ENTERPRISE,ORIGINATING,+13125551003,+13125551008,Taylor Brooks,Priya Nair,rnd-47-42,CallForwardBusy,CallCenterPremium,False,Yes-PostRedirection,Refusal,TemporarilyUnavailable,,always-pause-resume,2026-08-13
2026-08-20 05:55:13,2243,Jamie Ortiz,Denver,SIP_INBOUND,TERMINATING,+155509991,+13125551007,+155509991,Jamie Ortiz,rnd-48-42,CallForwardNoAnswer,CallCenterPremium,True,No,Success,Success,,always,2026-08-20
2026-09-05 23:32:02,1567,Jordan Lee,Dallas,SIP_MOBILE,TERMINATING,+13125551001,+155509994,Jordan Lee,+155509994,rnd-49-42,CallForwardNoAnswer,User,True,Yes-PostRedirection,Success,Success,,,2026-09-05
2026-08-30 03:03:49,947,Jamie Ortiz,Denver,SIP_INTERNATIONAL,ORIGINATING,+13125551007,+155509996,Jamie Ortiz,+155509996,rnd-50-42,CallQueue,HuntGroup,True,Yes-PostRedirection,Success,Success,,always,2026-08-30
2026-08-15 13:50:45,543,Marcus Webb,Denver,SIP_ENTERPRISE,TERMINATING,+13125551002,+13125551004,Sam Chen,Casey Rivera,rnd-51-42,CallForwardNoAnswer,User,False,No,Refusal,TemporarilyUnavailable,,always-pause-resume,2026-08-15
2026-09-04 23:44:01,1923,Morgan Quinn,Chicago,SIP_ENTERPRISE,ORIGINATING,+13125551006,+13125551009,Riley Park,Marcus Webb,rnd-52-42,SimultaneousRingPersonal,User,True,No,Success,Success,,,2026-09-04
2026-08-09 19:57:00,1565,Casey Rivera,Singapore,SIP_ENTERPRISE,TERMINATING,+13125551003,+13125551008,Taylor Brooks,Priya Nair,rnd-53-42,CallForwardBusy,HuntGroup,True,Yes,Success,Success,success,,2026-08-09
2026-08-31 12:56:54,482,Casey Rivera,London,SIP_MOBILE,ORIGINATING,+13125551004,+155509922,Casey Rivera,+155509922,rnd-54-42,ConsultativeTransfer,CallCenterPremium,True,No,Success,Success,,always-pause-resume,2026-08-31
2026-08-26 18:50:30,637,Priya Nair,London,SIP_NATIONAL,ORIGINATING,+13125551008,+155509945,Priya Nair,+155509945,rnd-55-42,HuntGroup,User,True,No,Success,Success,,always-pause-resume,2026-08-26
2026-09-04 11:12:46,2235,Jordan Lee,Denver,SIP_MOBILE,TERMINATING,+13125551001,+155509925,Jordan Lee,+155509925,rnd-56-42,CallQueue,HuntGroup,True,Yes,Success,Success,success,,2026-09-04
2026-08-25 19:46:57,2317,Morgan Quinn,Dallas,SIP_INTERNATIONAL,TERMINATING,+13125551005,+155509939,Morgan Quinn,+155509939,rnd-57-42,ConsultativeTransfer,AutomatedAttendantVideo,True,Yes,Success,Success,,always-pause-resume,2026-08-25
2026-09-01 14:39:14,1031,Sam Chen,Singapore,SIP_ENTERPRISE,ORIGINATING,+13125551002,+13125551000,Sam Chen,Alex Morgan,rnd-58-42,HuntGroup,User,True,Yes,Success,Success,,always-pause-resume,2026-09-01
2026-08-07 14:59:05,265,Priya Nair,Chicago,SIP_NATIONAL,ORIGINATING,+13125551008,+155509974,Priya Nair,+155509974,rnd-59-42,Deflection,HuntGroup,True,Yes-PostRedirection,Success,Success,,,2026-08-07
2026-08-15 08:24:46,1966,Alex Morgan,Chicago,SIP_INBOUND,TERMINATING,+155509920,+13125551000,+155509920,Alex Morgan,rnd-60-42,ConsultativeTransfer,User,True,Yes,Success,Success,success,always-pause-resume,2026-08-15
2026-08-25 08:29:31,2178,Morgan Quinn,London,SIP_INBOUND,TERMINATING,+155509937,+13125551005,+155509937,Morgan Quinn,rnd-61-42,,User,True,No,Success,Success,,always-pause-resume,2026-08-25
2026-08-31 15:35:59,1753,Jordan Lee,Denver,SIP_ENTERPRISE,ORIGINATING,+13125551007,+13125551001,Jamie Ortiz,Jordan Lee,rnd-62-42,CallQueue,CallCenterPremium,True,Yes,Success,Success,,,2026-08-31
2026-08-28 21:39:51,2305,Priya Nair,Chicago,SIP_NATIONAL,TERMINATING,+13125551008,+155509946,Priya Nair,+155509946,rnd-63-42,HuntGroup,User,True,Yes-PostRedirection,Success,Success,,,2026-08-28
2026-08-12 14:16:39,1439,Taylor Brooks,Chicago,SIP_INBOUND,ORIGINATING,+155509964,+13125551003,+155509964,Taylor Brooks,rnd-64-42,CallForwardNoAnswer,User,True,Yes,Success,Success,,always-pause-resume,2026-08-12
2026-08-27 18:48:28,30,Morgan Quinn,Denver,SIP_ENTERPRISE,ORIGINATING,+13125551001,+13125551003,Jordan Lee,Taylor Brooks,rnd-65-42,CallQueue,HuntGroup,True,Yes-PostRedirection,Success,Success,,always,2026-08-27
2026-08-17 15:53:19,1281,Sam Chen,Denver,SIP_ENTERPRISE,ORIGINATING,+13125551001,+13125551000,Jordan Lee,Alex Morgan,rnd-66-42,Deflection,HuntGroup,True,Yes,Success,Success,,always-pause-resume,2026-08-17
2026-08-19 17:40:33,1701,Marcus Webb,London,SIP_ENTERPRISE,TERMINATING,+13125551006,+13125551001,Riley Park,Jordan Lee,rnd-67-42,CallForwardNoAnswer,User,True,Yes,Success,Success,success,always-pause-resume,2026-08-19
2026-09-05 12:25:39,870,Taylor Brooks,Denver,SIP_ENTERPRISE,TERMINATING,+13125551001,+13125551000,Jordan Lee,Alex Morgan,rnd-68-42,ConsultativeTransfer,User,True,No,Success,Success,,,2026-09-05
2026-08-27 19:31:53,1631,Morgan Quinn,Chicago,SIP_ENTERPRISE,TERMINATING,+13125551001,+13125551006,Jordan Lee,Riley Park,rnd-69-42,SimultaneousRingPersonal,HuntGroup,True,Yes-PostRedirection,Success,Success,success,always-pause-resume,2026-08-27
2026-08-14 23:23:57,1889,Morgan Quinn,Dallas,SIP_ENTERPRISE,TERMINATING,+13125551001,+13125551004,Jordan Lee,Casey Rivera,rnd-70-42,CallQueue,CallCenterPremium,True,No,Success,Success,success,,2026-08-14
2026-08-16 12:35:52,2095,Sam Chen,Chicago,SIP_ENTERPRISE,ORIGINATING,+13125551005,+13125551006,Morgan Quinn,Riley Park,rnd-71-42,CallForwardBusy,User,True,Yes,Success,Success,,always-pause-resume,2026-08-16
2026-08-12 02:46:12,2028,Jordan Lee,Dallas,SIP_INBOUND,TERMINATING,+155509990,+13125551001,+155509990,Jordan Lee,rnd-72-42,ConsultativeTransfer,CallCenterPremium,True,Yes,Success,Success,,always-pause-resume,2026-08-12
2026-08-19 17:00:10,235,Casey Rivera,Singapore,SIP_ENTERPRISE,TERMINATING,+13125551000,+13125551001,Alex Morgan,Jordan Lee,rnd-73-42,CallQueue,HuntGroup,True,Yes,Success,Success,,,2026-08-19
2026-08-24 09:59:43,173,Marcus Webb,Singapore,SIP_ENTERPRISE,ORIGINATING,+13125551005,+13125551008,Morgan Quinn,Priya Nair,rnd-74-42,Deflection,CallCenterPremium,True,Yes,Success,Success,,always-pause-resume,2026-08-24
2026-09-05 10:53:41,1019,Sam Chen,Chicago,SIP_ENTERPRISE,TERMINATING,+13125551009,+13125551002,Marcus Webb,Sam Chen,rnd-75-42,CallForwardNoAnswer,CallCenterPremium,True,No,Success,Success,,always-pause-resume,2026-09-05
2026-08-27 01:05:59,1355,Morgan Quinn,Chicago,SIP_ENTERPRISE,ORIGINATING,+13125551009,+13125551002,Marcus Webb,Sam Chen,rnd-76-42,ConsultativeTransfer,User,False,No,Refusal,TemporarilyUnavailable,,,2026-08-27
2026-08-27 15:40:08,1273,Marcus Webb,Chicago,SIP_ENTERPRISE,TERMINATING,+13125551002,+13125551009,Sam Chen,Marcus Webb,rnd-77-42,HuntGroup,User,True,No,Success,Success,,always-pause-resume,2026-08-27
2026-08-11 14:06:56,932,Jamie Ortiz,Dallas,SIP_ENTERPRISE,ORIGINATING,+13125551001,+13125551009,Jordan Lee,Marcus Webb,rnd-78-42,HuntGroup,AutomatedAttendantVideo,True,Yes,Success,Success,,,2026-08-11
2026-08-17 16:16:46,1797,Marcus Webb,Dallas,SIP_ENTERPRISE,ORIGINATING,+13125551007,+13125551004,Jamie Ortiz,Casey Rivera,rnd-79-42,CallForwardBusy,User,False,No,Refusal,CallRejected,,always,2026-08-17
2026-08-17 09:40:25,2064,Jamie Ortiz,Denver,SIP_INTERNATIONAL,ORIGINATING,+13125551007,+155509942,Jamie Ortiz,+155509942,rnd-80-42,,User,True,Yes-PostRedirection,Success,Success,,always,2026-08-17
2026-08-28 01:16:56,348,Jordan Lee,Denver,SIP_ENTERPRISE,ORIGINATING,+13125551002,+13125551007,Sam Chen,Jamie Ortiz,rnd-81-42,,User,True,Yes,Success,Success,,always-pause-resume,2026-08-28
2026-08-07 15:37:23,339,Taylor Brooks,London,SIP_ENTERPRISE,ORIGINATING,+13125551005,+13125551002,Morgan Quinn,Sam Chen,rnd-82-42,CallForwardNoAnswer,CallCenterPremium,True,Yes-PostRedirection,Success,Success,,always,2026-08-07
2026-08-29 12:34:40,329,Marcus Webb,Chicago,SIP_ENTERPRISE,ORIGINATING,+13125551009,+13125551008,Marcus Webb,Priya Nair,rnd-83-42,CallForwardNoAnswer,User,False,No,Refusal,CallRejected,,always,2026-08-29
2026-08-07 11:31:32,262,Marcus Webb,London,SIP_ENTERPRISE,ORIGINATING,+13125551000,+13125551009,Alex Morgan,Marcus Webb,rnd-84-42,ConsultativeTransfer,User,False,No,Refusal,UnassignedNumber,,always,2026-08-07
2026-08-25 01:25:05,355,Riley Park,Dallas,SIP_ENTERPRISE,ORIGINATING,+13125551008,+13125551009,Priya Nair,Marcus Webb,rnd-85-42,SimultaneousRingPersonal,CallCenterPremium,True,Yes,Success,Success,,,2026-08-25
2026-08-17 23:50:22,281,Alex Morgan,Denver,SIP_ENTERPRISE,ORIGINATING,+13125551009,+13125551005,Marcus Webb,Morgan Quinn,rnd-86-42,HuntGroup,AutomatedAttendantVideo,True,No,Success,Success,,,2026-08-17
2026-08-11 10:15:58,751,Jamie Ortiz,London,SIP_NATIONAL,ORIGINATING,+13125551007,+155509947,Jamie Ortiz,+155509947,rnd-87-42,Deflection,User,True,Yes,Success,Success,,always-pause-resume,2026-08-11
2026-09-03 22:25:40,1042,Priya Nair,London,SIP_ENTERPRISE,ORIGINATING,+13125551000,+13125551006,Alex Morgan,Riley Park,rnd-88-42,HuntGroup,CallCenterPremium,False,No,Refusal,CallRejected,,,2026-09-03
2026-08-19 15:09:50,1509,Sam Chen,London,SIP_INTERNATIONAL,ORIGINATING,+13125551002,+155509965,Sam Chen,+155509965,rnd-89-42,CallForwardNoAnswer,User,True,Yes,Success,Success,,always,2026-08-19
2026-08-16 03:58:20,1750,Jamie Ortiz,Singapore,SIP_ENTERPRISE,ORIGINATING,+13125551005,+13125551007,Morgan Quinn,Jamie Ortiz,rnd-90-42,CallQueue,HuntGroup,True,Yes-PostRedirection,Success,Success,,always-pause-resume,2026-08-16
2026-08-17 06:18:12,589,Sam Chen,Chicago,SIP_NATIONAL,TERMINATING,+13125551002,+155509940,Sam Chen,+155509940,rnd-91-42,HuntGroup,CallCenterPremium,True,Yes-PostRedirection,Success,Success,,always,2026-08-17
2026-08-24 18:11:25,1823,Morgan Quinn,Denver,SIP_INBOUND,TERMINATING,+155509993,+13125551005,+155509993,Morgan Quinn,rnd-92-42,CallForwardBusy,User,True,Yes,Success,Success,,,2026-08-24
2026-08-11 18:25:11,1077,Priya Nair,Chicago,SIP_ENTERPRISE,TERMINATING,+13125551009,+13125551004,Marcus Webb,Casey Rivera,rnd-93-42,CallForwardBusy,User,True,Yes,Success,Success,,always,2026-08-11
2026-08-20 00:19:11,1314,Jamie Ortiz,Chicago,SIP_MOBILE,ORIGINATING,+13125551007,+155509930,Jamie Ortiz,+155509930,rnd-94-42,HuntGroup,AutomatedAttendantVideo,True,Yes,Success,Success,,always,2026-08-20
2026-09-05 12:56:19,112,Taylor Brooks,London,SIP_NATIONAL,ORIGINATING,+13125551003,+155509988,Taylor Brooks,+155509988,rnd-95-42,CallQueue,User,True,No,Success,Success,,,2026-09-05
2026-08-28 06:50:20,307,Riley Park,Singapore,SIP_ENTERPRISE,ORIGINATING,+13125551007,+13125551009,Jamie Ortiz,Marcus Webb,rnd-96-42,ConsultativeTransfer,User,True,No,Success,Success,success,,2026-08-28
2026-09-03 05:34:11,631,Jordan Lee,Singapore,SIP_ENTERPRISE,TERMINATING,+13125551003,+13125551006,Taylor Brooks,Riley Park,rnd-97-42,CallQueue,User,True,Yes,Success,Success,,,2026-09-03
2026-09-04 15:31:32,2190,Casey Rivera,Singapore,SIP_ENTERPRISE,TERMINATING,+13125551009,+13125551002,Marcus Webb,Sam Chen,rnd-98-42,Deflection,User,False,Yes,Refusal,TemporarilyUnavailable,,always,2026-09-04
2026-09-04 09:43:07,2348,Casey Rivera,Dallas,SIP_NATIONAL,TERMINATING,+13125551004,+155509992,Casey Rivera,+155509992,rnd-99-42,,User,True,Yes-PostRedirection,Success,Success,,always-pause-resume,2026-09-04
2026-08-15 05:17:26,1805,Alex Morgan,Dallas,SIP_ENTERPRISE,TERMINATING,+13125551002,+13125551006,Sam Chen,Riley Park,rnd-100-42,SimultaneousRingPersonal,User,True,No,Success,Success,,,2026-08-15
2026-08-23 09:52:06,1100,Jamie Ortiz,Chicago,SIP_ENTERPRISE,ORIGINATING,+13125551006,+13125551007,Riley Park,Jamie Ortiz,rnd-101-42,HuntGroup,AutomatedAttendantVideo,True,Yes-PostRedirection,Success,Success,success,always-pause-resume,2026-08-23
2026-08-11 21:14:11,2047,Priya Nair,London,SIP_ENTERPRISE,ORIGINATING,+13125551006,+13125551009,Riley Park,Marcus Webb,rnd-102-42,CallForwardBusy,AutomatedAttendantVideo,True,No,Success,Success,success,always,2026-08-11
2026-08-07 13:36:07,2203,Jamie Ortiz,Denver,SIP_ENTERPRISE,TERMINATING,+13125551004,+13125551006,Casey Rivera,Riley Park,rnd-103-42,Deflection,CallCenterPremium,False,Yes,Refusal,CallRejected,,,2026-08-07
2026-08-23 09:59:30,1587,Casey Rivera,Chicago,SIP_ENTERPRISE,ORIGINATING,+13125551009,+13125551001,Marcus Webb,Jordan Lee,rnd-104-42,SimultaneousRingPersonal,User,True,No,Success,Success,,,2026-08-23
2026-09-04 02:34:39,2090,Taylor Brooks,Singapore,SIP_NATIONAL,TERMINATING,+13125551003,+155509976,Taylor Brooks,+155509976,rnd-105-42,ConsultativeTransfer,AutomatedAttendantVideo,True,Yes-PostRedirection,Success,Success,success,always,2026-09-04
2026-08-16 04:00:23,1230,Sam Chen,London,SIP_INBOUND,ORIGINATING,+155509970,+13125551002,+155509970,Sam Chen,rnd-106-42,HuntGroup,User,True,Yes-PostRedirection,Success,Success,,always,2026-08-16
2026-09-05 09:02:38,1948,Alex Morgan,Singapore,SIP_INBOUND,TERMINATING,+155509916,+13125551000,+155509916,Alex Morgan,rnd-107-42,ConsultativeTransfer,AutomatedAttendantVideo,True,Yes-PostRedirection,Success,Success,,,2026-09-05
2026-08-25 05:05:00,134,Sam Chen,Dallas,SIP_NATIONAL,ORIGINATING,+13125551002,+155509963,Sam Chen,+155509963,rnd-108-42,SimultaneousRingPersonal,HuntGroup,True,Yes,Success,Success,,always-pause-resume,2026-08-25
2026-08-21 13:21:13,570,Jamie Ortiz,Chicago,SIP_INBOUND,TERMINATING,+155509958,+13125551007,+155509958,Jamie Ortiz,rnd-109-42,ConsultativeTransfer,CallCenterPremium,True,Yes-PostRedirection,Success,Success,,always-pause-resume,2026-08-21
2026-08-22 22:25:38,1988,Casey Rivera,Singapore,SIP_INBOUND,ORIGINATING,+155509946,+13125551004,+155509946,Casey Rivera,rnd-110-42,,User,True,No,Success,Success,,always-pause-resume,2026-08-22
2026-08-23 09:00:09,2229,Casey Rivera,Chicago,SIP_INTERNATIONAL,TERMINATING,+13125551004,+155509915,Casey Rivera,+155509915,rnd-111-42,CallQueue,User,True,No,Success,Success,,,2026-08-23
2026-08-13 22:47:39,1115,Taylor Brooks,Singapore,SIP_ENTERPRISE,ORIGINATING,+13125551009,+13125551003,Marcus Webb,Taylor Brooks,rnd-112-42,CallForwardBusy,HuntGroup,True,Yes,Success,Success,,always,2026-08-13
2026-08-09 02:32:50,568,Jamie Ortiz,Chicago,SIP_ENTERPRISE,ORIGINATING,+13125551006,+13125551008,Riley Park,Priya Nair,rnd-113-42,CallForwardNoAnswer,User,False,No,Refusal,CallRejected,,,2026-08-09
2026-08-07 20:01:01,2196,Marcus Webb,Dallas,SIP_NATIONAL,ORIGINATING,+13125551009,+155509932,Marcus Webb,+155509932,rnd-114-42,SimultaneousRingPersonal,CallCenterPremium,True,Yes,Success,Success,success,,2026-08-07
2026-09-04 19:49:32,1227,Alex Morgan,Chicago,SIP_MOBILE,TERMINATING,+13125551000,+155509992,Alex Morgan,+155509992,rnd-115-42,ConsultativeTransfer,AutomatedAttendantVideo,True,No,Success,Success,,always-pause-resume,2026-09-04
2026-08-11 23:27:06,1058,Sam Chen,London,SIP_ENTERPRISE,TERMINATING,+13125551004,+13125551003,Casey Rivera,Taylor Brooks,rnd-116-42,SimultaneousRingPersonal,AutomatedAttendantVideo,True,No,Success,Success,,always,2026-08-11
2026-08-18 10:13:11,1330,Sam Chen,London,SIP_ENTERPRISE,TERMINATING,+13125551007,+13125551004,Jamie Ortiz,Casey Rivera,rnd-117-42,Deflection,User,True,Yes-PostRedirection,Success,Success,,always-pause-resume,2026-08-18
2026-08-27 11:25:11,1261,Jordan Lee,London,SIP_ENTERPRISE,TERMINATING,+13125551004,+13125551001,Casey Rivera,Jordan Lee,rnd-118-42,HuntGroup,AutomatedAttendantVideo,True,Yes,Success,Success,,always,2026-08-27
2026-09-04 16:16:34,1535,Jamie Ortiz,Singapore,SIP_ENTERPRISE,ORIGINATING,+13125551008,+13125551003,Priya Nair,Taylor Brooks,rnd-119-42,,AutomatedAttendantVideo,True,Yes-PostRedirection,Success,Success,,always-pause-resume,2026-09-04
2026-08-08 10:06:30,2075,Alex Morgan,Singapore,SIP_INBOUND,ORIGINATING,+155509924,+13125551000,+155509924,Alex Morgan,rnd-120-42,,User,True,Yes-PostRedirection,Success,Success,,always-pause-resume,2026-08-08
2026-08-31 01:40:00,1876,Priya Nair,London,SIP_ENTERPRISE,TERMINATING,+13125551004,+13125551000,Casey Rivera,Alex Morgan,rnd-121-42,Deflection,HuntGroup,True,Yes,Success,Success,,,2026-08-31
2026-08-08 06:20:02,251,Jordan Lee,Singapore,SIP_ENTERPRISE,ORIGINATING,+13125551000,+13125551005,Alex Morgan,Morgan Quinn,rnd-122-42,ConsultativeTransfer,HuntGroup,True,Yes-PostRedirection,Success,Success,,,2026-08-08
2026-09-04 21:03:15,1551,Riley Park,London,SIP_ENTERPRISE,TERMINATING,+13125551008,+13125551002,Priya Nair,Sam Chen,rnd-123-42,CallQueue,User,True,Yes-PostRedirection,Success,Success,,always-pause-resume,2026-09-04
2026-08-22 09:27:31,98,Taylor Brooks,Chicago,SIP_INBOUND,ORIGINATING,+155509958,+13125551003,+155509958,Taylor Brooks,rnd-124-42,CallForwardBusy,CallCenterPremium,True,No,Success,Success,,always,2026-08-22
2026-08-14 13:05:00,1722,Jordan Lee,Chicago,SIP_INTERNATIONAL,ORIGINATING,+13125551001,+155509918,Jordan Lee,+155509918,rnd-125-42,Deflection,CallCenterPremium,True,Yes-PostRedirection,Success,Success,,,2026-08-14
2026-08-27 19:14:41,1802,Alex Morgan,London,SIP_ENTERPRISE,TERMINATING,+13125551000,+13125551003,Alex Morgan,Taylor Brooks,rnd-126-42,CallForwardBusy,HuntGroup,True,Yes-PostRedirection,Success,Success,,always-pause-resume,2026-08-27
2026-08-23 21:38:28,1241,Morgan Quinn,Dallas,SIP_NATIONAL,ORIGINATING,+13125551005,+155509945,Morgan Quinn,+155509945,rnd-127-42,ConsultativeTransfer,HuntGroup,True,Yes-PostRedirection,Success,Success,,always-pause-resume,2026-08-23
2026-08-23 05:33:10,2153,Morgan Quinn,London,SIP_ENTERPRISE,TERMINATING,+13125551006,+13125551002,Riley Park,Sam Chen,rnd-128-42,CallForwardBusy,User,True,No,Success,Success,,,2026-08-23
2026-08-10 11:23:51,1695,Alex Morgan,Singapore,SIP_ENTERPRISE,TERMINATING,+13125551003,+13125551005,Taylor Brooks,Morgan Quinn,rnd-129-42,CallQueue,CallCenterPremium,True,No,Success,Success,,always,2026-08-10
2026-08-22 14:30:46,1549,Alex Morgan,Denver,SIP_NATIONAL,TERMINATING,+13125551000,+155509937,Alex Morgan,+155509937,rnd-130-42,CallForwardBusy,User,True,No,Success,Success,,always,2026-08-22
2026-08-12 13:35:05,998,Jordan Lee,London,SIP_ENTERPRISE,TERMINATING,+13125551003,+13125551009,Taylor Brooks,Marcus Webb,rnd-131-42,SimultaneousRingPersonal,CallCenterPremium,True,Yes-PostRedirection,Success,Success,,,2026-08-12
2026-08-17 03:17:20,1913,Priya Nair,London,SIP_ENTERPRISE,TERMINATING,+13125551005,+13125551003,Morgan Quinn,Taylor Brooks,rnd-132-42,SimultaneousRingPersonal,User,False,Yes-PostRedirection,Refusal,TemporarilyUnavailable,,always,2026-08-17
2026-08-28 23:29:30,2377,Priya Nair,Singapore,SIP_ENTERPRISE,ORIGINATING,+13125551003,+13125551007,Taylor Brooks,Jamie Ortiz,rnd-133-42,,AutomatedAttendantVideo,True,Yes-PostRedirection,Success,Success,,,2026-08-28
2026-08-16 11:08:52,1892,Jamie Ortiz,London,SIP_NATIONAL,ORIGINATING,+13125551007,+155509933,Jamie Ortiz,+155509933,rnd-134-42,Deflection,User,True,Yes-PostRedirection,Success,Success,,always,2026-08-16
2026-08-29 16:40:05,623,Taylor Brooks,Chicago,SIP_ENTERPRISE,TERMINATING,+13125551009,+13125551007,Marcus Webb,Jamie Ortiz,rnd-135-42,Deflection,User,False,Yes-PostRedirection,Refusal,CallRejected,,,2026-08-29
2026-08-18 18:02:09,1179,Casey Rivera,Singapore,SIP_ENTERPRISE,ORIGINATING,+13125551002,+13125551001,Sam Chen,Jordan Lee,rnd-136-42,CallForwardBusy,User,False,Yes-PostRedirection,Refusal,CallRejected,,,2026-08-18
2026-08-13 19:47:56,1533,Riley Park,Chicago,SIP_ENTERPRISE,ORIGINATING,+13125551003,+13125551005,Taylor Brooks,Morgan Quinn,rnd-137-42,Deflection,User,True,No,Success,Success,,always-pause-resume,2026-08-13
2026-08-17 16:36:50,343,Alex Morgan,Dallas,SIP_ENTERPRISE,ORIGINATING,+13125551009,+13125551001,Marcus Webb,Jordan Lee,rnd-138-42,CallForwardBusy,User,True,Yes-PostRedirection,Success,Success,,,2026-08-17
2026-08-20 17:46:19,2229,Jordan Lee,Denver,SIP_ENTERPRISE,ORIGINATING,+13125551005,+13125551000,Morgan Quinn,Alex Morgan,rnd-139-42,SimultaneousRingPersonal,User,True,No,Success,Success,,always,2026-08-20
2026-08-23 11:35:05,1363,Riley Park,Singapore,SIP_INBOUND,ORIGINATING,+155509954,+13125551006,+155509954,Riley Park,rnd-140-42,CallQueue,CallCenterPremium,True,Yes,Success,Success,,always,2026-08-23
2026-08-16 13:24:03,1341,Marcus Webb,London,SIP_NATIONAL,TERMINATING,+13125551009,+155509955,Marcus Webb,+155509955,rnd-141-42,SimultaneousRingPersonal,User,False,Yes-PostRedirection,Refusal,CallRejected,,,2026-08-16
2026-08-26 11:32:23,1014,Marcus Webb,Denver,SIP_ENTERPRISE,TERMINATING,+13125551002,+13125551007,Sam Chen,Jamie Ortiz,rnd-142-42,CallQueue,User,True,Yes,Success,Success,,always-pause-resume,2026-08-26
2026-08-19 18:53:00,362,Jordan Lee,Dallas,SIP_NATIONAL,ORIGINATING,+13125551001,+155509913,Jordan Lee,+155509913,rnd-143-42,HuntGroup,AutomatedAttendantVideo,True,Yes,Success,Success,,,2026-08-19
2026-08-24 12:56:40,1200,Riley Park,Chicago,SIP_ENTERPRISE,ORIGINATING,+13125551008,+13125551003,Priya Nair,Taylor Brooks,rnd-144-42,SimultaneousRingPersonal,User,True,Yes,Success,Success,,always-pause-resume,2026-08-24
2026-08-15 08:02:29,1785,Jordan Lee,Dallas,SIP_ENTERPRISE,TERMINATING,+13125551005,+13125551004,Morgan Quinn,Casey Rivera,rnd-145-42,CallForwardBusy,CallCenterPremium,True,Yes,Success,Success,,always,2026-08-15
2026-08-15 10:39:55,1354,Marcus Webb,London,SIP_INTERNATIONAL,TERMINATING,+13125551009,+155509948,Marcus Webb,+155509948,rnd-146-42,CallForwardBusy,CallCenterPremium,True,No,Success,Success,,always,2026-08-15
2026-09-04 21:38:36,1339,Jamie Ortiz,Singapore,SIP_INTERNATIONAL,ORIGINATING,+13125551007,+155509985,Jamie Ortiz,+155509985,rnd-147-42,Deflection,HuntGroup,True,No,Success,Success,,,2026-09-04
2026-08-12 11:58:42,2050,Jordan Lee,London,SIP_NATIONAL,ORIGINATING,+13125551001,+155509958,Jordan Lee,+155509958,rnd-148-42,,AutomatedAttendantVideo,True,No,Success,Success,,,2026-08-12
2026-08-18 10:11:56,155,Riley Park,Singapore,SIP_ENTERPRISE,ORIGINATING,+13125551008,+13125551001,Priya Nair,Jordan Lee,rnd-149-42,HuntGroup,User,True,Yes-PostRedirection,Success,Success,,,2026-08-18
2026-08-07 08:57:24,1768,Riley Park,Denver,UNKNOWN,ORIGINATING,+13125551006,+155509984,Riley Park,+155509984,rnd-150-42,,User,False,No,Refusal,UnassignedNumber,,always-pause-resume,2026-08-07
2026-08-29 22:37:21,1417,Priya Nair,Dallas,SIP_INBOUND,TERMINATING,+155509928,+13125551008,+155509928,Priya Nair,rnd-151-42,CallForwardNoAnswer,User,True,No,Success,Success,,always,2026-08-29
2026-08-22 03:42:33,1858,Jordan Lee,London,SIP_ENTERPRISE,ORIGINATING,+13125551001,+13125551000,Jordan Lee,Alex Morgan,rnd-152-42,ConsultativeTransfer,HuntGroup,True,Yes,Success,Success,,,2026-08-22
2026-08-11 09:47:35,1897,Priya Nair,London,SIP_ENTERPRISE,ORIGINATING,+13125551006,+13125551007,Riley Park,Jamie Ortiz,rnd-153-42,,AutomatedAttendantVideo,True,No,Success,Success,,always-pause-resume,2026-08-11
2026-08-06 03:18:38,2369,Casey Rivera,Chicago,SIP_ENTERPRISE,ORIGINATING,+13125551005,+13125551003,Morgan Quinn,Taylor Brooks,rnd-154-42,CallForwardNoAnswer,HuntGroup,False,No,Refusal,UnassignedNumber,,,2026-08-06
2026-09-04 22:38:30,1612,Riley Park,Singapore,SIP_ENTERPRISE,TERMINATING,+13125551009,+13125551002,Marcus Webb,Sam Chen,rnd-155-42,CallQueue,HuntGroup,True,Yes,Success,Success,,always-pause-resume,2026-09-04
2026-08-09 15:41:20,584,Sam Chen,Denver,SIP_ENTERPRISE,TERMINATING,+13125551006,+13125551007,Riley Park,Jamie Ortiz,rnd-156-42,ConsultativeTransfer,AutomatedAttendantVideo,True,Yes,Success,Success,,always-pause-resume,2026-08-09
2026-08-14 22:53:35,224,Jamie Ortiz,Singapore,SIP_ENTERPRISE,TERMINATING,+13125551003,+13125551007,Taylor Brooks,Jamie Ortiz,rnd-157-42,SimultaneousRingPersonal,HuntGroup,True,No,Success,Success,,always-pause-resume,2026-08-14
2026-08-28 00:20:45,2320,Sam Chen,Chicago,SIP_ENTERPRISE,TERMINATING,+13125551004,+13125551003,Casey Rivera,Taylor Brooks,rnd-158-42,ConsultativeTransfer,CallCenterPremium,False,Yes-PostRedirection,Refusal,CallRejected,,,2026-08-28
2026-08-29 22:46:31,2350,Priya Nair,Chicago,SIP_ENTERPRISE,TERMINATING,+13125551005,+13125551009,Morgan Quinn,Marcus Webb,rnd-159-42,CallForwardBusy,CallCenterPremium,False,Yes,Refusal,UnassignedNumber,,,2026-08-29
2026-08-31 17:34:21,1847,Casey Rivera,Chicago,SIP_NATIONAL,TERMINATING,+13125551004,+155509936,Casey Rivera,+155509936,rnd-160-42,SimultaneousRingPersonal,User,True,Yes-PostRedirection,Success,Success,success,always,2026-08-31
2026-08-30 07:55:40,1441,Alex Morgan,Singapore,SIP_NATIONAL,TERMINATING,+13125551000,+155509983,Alex Morgan,+155509983,rnd-161-42,CallQueue,User,True,No,Success,Success,,always,2026-08-30
2026-09-05 18:24:35,1027,Sam Chen,Dallas,SIP_MOBILE,TERMINATING,+13125551002,+155509928,Sam Chen,+155509928,rnd-162-42,SimultaneousRingPersonal,CallCenterPremium,True,No,Success,Success,,always,2026-09-05
2026-08-25 15:25:08,2116,Jordan Lee,London,SIP_MOBILE,ORIGINATING,+13125551001,+155509951,Jordan Lee,+155509951,rnd-163-42,CallQueue,HuntGroup,True,No,Success,Success,,,2026-08-25
2026-08-26 14:07:22,1634,Jordan Lee,Singapore,SIP_ENTERPRISE,TERMINATING,+13125551004,+13125551006,Casey Rivera,Riley Park,rnd-164-42,ConsultativeTransfer,AutomatedAttendantVideo,True,No,Success,Success,,always-pause-resume,2026-08-26
2026-09-02 17:15:03,1887,Alex Morgan,Chicago,SIP_NATIONAL,ORIGINATING,+13125551000,+155509964,Alex Morgan,+155509964,rnd-165-42,ConsultativeTransfer,HuntGroup,False,No,Refusal,CallRejected,,always,2026-09-02
2026-09-02 02:34:15,1030,Jordan Lee,Denver,SIP_MOBILE,TERMINATING,+13125551001,+155509990,Jordan Lee,+155509990,rnd-166-42,CallForwardBusy,CallCenterPremium,False,Yes-PostRedirection,Refusal,TemporarilyUnavailable,,always,2026-09-02
2026-08-27 19:33:04,548,Jamie Ortiz,Chicago,SIP_ENTERPRISE,TERMINATING,+13125551000,+13125551006,Alex Morgan,Riley Park,rnd-167-42,ConsultativeTransfer,CallCenterPremium,True,Yes,Success,Success,,always,2026-08-27
2026-08-17 21:00:14,1288,Jordan Lee,Chicago,SIP_NATIONAL,ORIGINATING,+13125551001,+155509918,Jordan Lee,+155509918,rnd-168-42,ConsultativeTransfer,CallCenterPremium,True,No,Success,Success,,,2026-08-17
2026-08-12 14:30:47,1817,Riley Park,Singapore,SIP_NATIONAL,TERMINATING,+13125551006,+155509954,Riley Park,+155509954,rnd-169-42,HuntGroup,User,True,Yes,Success,Success,success,always-pause-resume,2026-08-12
2026-08-25 23:35:51,1172,Marcus Webb,Singapore,SIP_ENTERPRISE,ORIGINATING,+13125551004,+13125551003,Casey Rivera,Taylor Brooks,rnd-170-42,SimultaneousRingPersonal,User,True,Yes-PostRedirection,Success,Success,,always,2026-08-25
2026-08-30 07:08:54,1585,Taylor Brooks,London,SIP_NATIONAL,TERMINATING,+13125551003,+155509956,Taylor Brooks,+155509956,rnd-171-42,ConsultativeTransfer,CallCenterPremium,False,Yes-PostRedirection,Refusal,UnassignedNumber,,always-pause-resume,2026-08-30
2026-08-17 07:52:00,73,Jamie Ortiz,Chicago,SIP_INBOUND,TERMINATING,+155509974,+13125551007,+155509974,Jamie Ortiz,rnd-172-42,SimultaneousRingPersonal,CallCenterPremium,True,Yes-PostRedirection,Success,Success,,always-pause-resume,2026-08-17
2026-08-08 13:19:34,1141,Marcus Webb,Dallas,SIP_ENTERPRISE,TERMINATING,+13125551002,+13125551009,Sam Chen,Marcus Webb,rnd-173-42,CallQueue,User,False,Yes-PostRedirection,Refusal,TemporarilyUnavailable,,always-pause-resume,2026-08-08
2026-08-28 15:05:20,358,Alex Morgan,Dallas,SIP_NATIONAL,ORIGINATING,+13125551000,+155509995,Alex Morgan,+155509995,rnd-174-42,CallQueue,User,True,Yes-PostRedirection,Success,Success,,always,2026-08-28
2026-08-27 17:54:56,2123,Morgan Quinn,Singapore,SIP_ENTERPRISE,ORIGINATING,+13125551002,+13125551005,Sam Chen,Morgan Quinn,rnd-175-42,HuntGroup,CallCenterPremium,True,No,Success,Success,,,2026-08-27
2026-08-07 23:31:14,2037,Marcus Webb,Chicago,SIP_INBOUND,ORIGINATING,+155509957,+13125551009,+155509957,Marcus Webb,rnd-176-42,CallForwardNoAnswer,User,True,Yes-PostRedirection,Success,Success,,,2026-08-07
2026-08-28 09:44:49,185,Priya Nair,Chicago,SIP_ENTERPRISE,ORIGINATING,+13125551005,+13125551007,Morgan Quinn,Jamie Ortiz,rnd-177-42,Deflection,AutomatedAttendantVideo,True,Yes-PostRedirection,Success,Success,success,,2026-08-28
2026-08-26 07:50:35,1315,Taylor Brooks,London,SIP_ENTERPRISE,ORIGINATING,+13125551008,+13125551000,Priya Nair,Alex Morgan,rnd-178-42,Deflection,CallCenterPremium,True,Yes,Success,Success,,always-pause-resume,2026-08-26
2026-09-01 20:19:40,358,Casey Rivera,Denver,SIP_NATIONAL,ORIGINATING,+13125551004,+155509989,Casey Rivera,+155509989,rnd-179-42,,User,True,Yes-PostRedirection,Success,Success,,always-pause-resume,2026-09-01
2026-09-05 22:21:13,621,Priya Nair,Dallas,SIP_NATIONAL,ORIGINATING,+13125551008,+155509952,Priya Nair,+155509952,rnd-180-42,SimultaneousRingPersonal,HuntGroup,False,Yes-PostRedirection,Refusal,CallRejected,,always-pause-resume,2026-09-05
2026-08-09 05:20:17,2020,Taylor Brooks,London,SIP_ENTERPRISE,ORIGINATING,+13125551004,+13125551001,Casey Rivera,Jordan Lee,rnd-181-42,SimultaneousRingPersonal,HuntGroup,True,No,Success,Success,,always-pause-resume,2026-08-09
2026-09-05 05:04:07,551,Jordan Lee,Singapore,SIP_ENTERPRISE,ORIGINATING,+13125551000,+13125551007,Alex Morgan,Jamie Ortiz,rnd-182-42,CallForwardBusy,User,True,No,Success,Success,,always-pause-resume,2026-09-05
2026-09-03 16:58:30,1859,Morgan Quinn,Denver,SIP_ENTERPRISE,ORIGINATING,+13125551009,+13125551001,Marcus Webb,Jordan Lee,rnd-183-42,ConsultativeTransfer,CallCenterPremium,True,No,Success,Success,,always-pause-resume,2026-09-03
2026-08-18 14:26:43,1267,Taylor Brooks,London,SIP_ENTERPRISE,TERMINATING,+13125551004,+13125551000,Casey Rivera,Alex Morgan,rnd-184-42,ConsultativeTransfer,User,True,Yes-PostRedirection,Success,Success,success,always,2026-08-18
2026-09-05 00:29:22,1070,Alex Morgan,Denver,SIP_ENTERPRISE,ORIGINATING,+13125551007,+13125551009,Jamie Ortiz,Marcus Webb,rnd-185-42,CallQueue,CallCenterPremium,True,Yes,Success,Success,,always,2026-09-05
2026-08-09 18:21:40,816,Taylor Brooks,Dallas,SIP_ENTERPRISE,ORIGINATING,+13125551001,+13125551005,Jordan Lee,Morgan Quinn,rnd-186-42,CallQueue,User,True,Yes-PostRedirection,Success,Success,,always-pause-resume,2026-08-09
2026-08-31 02:07:05,179,Morgan Quinn,Chicago,SIP_ENTERPRISE,ORIGINATING,+13125551006,+13125551007,Riley Park,Jamie Ortiz,rnd-187-42,SimultaneousRingPersonal,HuntGroup,True,No,Success,Success,,always,2026-08-31
2026-08-16 23:20:01,1831,Casey Rivera,Denver,SIP_MOBILE,TERMINATING,+13125551004,+155509973,Casey Rivera,+155509973,rnd-188-42,,User,True,Yes,Success,Success,,always-pause-resume,2026-08-16
2026-08-17 20:57:48,2231,Priya Nair,Dallas,SIP_ENTERPRISE,TERMINATING,+13125551005,+13125551008,Morgan Quinn,Priya Nair,rnd-189-42,HuntGroup,AutomatedAttendantVideo,True,Yes-PostRedirection,Success,Success,,always-pause-resume,2026-08-17
2026-08-18 00:57:20,902,Morgan Quinn,Singapore,SIP_ENTERPRISE,ORIGINATING,+13125551007,+13125551009,Jamie Ortiz,Marcus Webb,rnd-190-42,ConsultativeTransfer,User,False,Yes,Refusal,CallRejected,,,2026-08-18
2026-08-13 11:25:03,2363,Alex Morgan,Dallas,SIP_ENTERPRISE,TERMINATING,+13125551002,+13125551003,Sam Chen,Taylor Brooks,rnd-191-42,HuntGroup,AutomatedAttendantVideo,True,Yes,Success,Success,,,2026-08-13
2026-08-27 17:13:02,2021,Marcus Webb,Dallas,SIP_INTERNATIONAL,ORIGINATING,+13125551009,+155509987,Marcus Webb,+155509987,rnd-192-42,Deflection,AutomatedAttendantVideo,True,No,Success,Success,success,always,2026-08-27
2026-08-16 06:48:36,731,Sam Chen,Denver,SIP_INBOUND,ORIGINATING,+155509985,+13125551002,+155509985,Sam Chen,rnd-193-42,CallQueue,AutomatedAttendantVideo,True,No,Success,Success,,always,2026-08-16
2026-08-17 13:57:05,563,Jordan Lee,Denver,SIP_INTERNATIONAL,TERMINATING,+13125551001,+155509932,Jordan Lee,+155509932,rnd-194-42,CallForwardBusy,HuntGroup,True,Yes-PostRedirection,Success,Success,,always,2026-08-17
2026-08-17 17:31:03,732,Casey Rivera,Dallas,SIP_NATIONAL,TERMINATING,+13125551004,+155509933,Casey Rivera,+155509933,rnd-195-42,CallForwardBusy,HuntGroup,True,Yes-PostRedirection,Success,Success,,always,2026-08-17
2026-09-04 00:53:44,1425,Jordan Lee,Dallas,SIP_ENTERPRISE,ORIGINATING,+13125551001,+13125551006,Jordan Lee,Riley Park,rnd-196-42,CallForwardNoAnswer,User,True,Yes,Success,Success,,,2026-09-04
2026-08-08 02:26:21,202,Jordan Lee,Chicago,SIP_ENTERPRISE,TERMINATING,+13125551006,+13125551008,Riley Park,Priya Nair,rnd-197-42,SimultaneousRingPersonal,User,True,No,Success,Success,,,2026-08-08
2026-08-26 04:19:16,306,Sam Chen,London,SIP_INBOUND,TERMINATING,+155509919,+13125551002,+155509919,Sam Chen,rnd-198-42,ConsultativeTransfer,CallCenterPremium,True,Yes,Success,Success,success,,2026-08-26
2026-08-08 07:48:06,1982,Morgan Quinn,Singapore,SIP_INTERNATIONAL,ORIGINATING,+13125551005,+155509930,Morgan Quinn,+155509930,rnd-199-42,CallQueue,User,True,Yes,Success,Success,,always,2026-08-08
2026-08-18 16:30:15,1158,Priya Nair,Denver,SIP_INBOUND,ORIGINATING,+155509929,+13125551008,+155509929,Priya Nair,rnd-200-42,HuntGroup,User,True,No,Success,Success,,always,2026-08-18
2026-08-15 03:08:41,822,Marcus Webb,London,SIP_INBOUND,TERMINATING,+155509924,+13125551009,+155509924,Marcus Webb,rnd-201-42,SimultaneousRingPersonal,CallCenterPremium,False,No,Refusal,TemporarilyUnavailable,,,2026-08-15
2026-08-14 05:09:47,1524,Riley Park,Dallas,SIP_INBOUND,TERMINATING,+155509969,+13125551006,+155509969,Riley Park,rnd-202-42,CallForwardBusy,User,True,Yes-PostRedirection,Success,Success,,always,2026-08-14
2026-08-10 16:26:28,1413,Jordan Lee,Chicago,SIP_INBOUND,TERMINATING,+155509917,+13125551001,+155509917,Jordan Lee,rnd-203-42,SimultaneousRingPersonal,AutomatedAttendantVideo,True,Yes-PostRedirection,Success,Success,,always-pause-resume,2026-08-10
2026-08-23 18:05:57,1622,Casey Rivera,Chicago,SIP_ENTERPRISE,TERMINATING,+13125551008,+13125551002,Priya Nair,Sam Chen,rnd-204-42,ConsultativeTransfer,User,True,Yes,Success,Success,,always,2026-08-23
2026-08-09 21:52:56,610,Riley Park,Dallas,SIP_ENTERPRISE,TERMINATING,+13125551001,+13125551002,Jordan Lee,Sam Chen,rnd-205-42,HuntGroup,User,True,Yes-PostRedirection,Success,Success,,always-pause-resume,2026-08-09
2026-09-03 10:22:06,2145,Marcus Webb,Singapore,SIP_ENTERPRISE,ORIGINATING,+13125551009,+13125551001,Marcus Webb,Jordan Lee,rnd-206-42,CallForwardNoAnswer,AutomatedAttendantVideo,True,No,Success,Success,,always-pause-resume,2026-09-03
2026-08-14 04:31:03,1942,Marcus Webb,Singapore,SIP_INBOUND,TERMINATING,+155509914,+13125551009,+155509914,Marcus Webb,rnd-207-42,HuntGroup,HuntGroup,False,Yes,Refusal,CallRejected,,always,2026-08-14
2026-08-29 02:50:16,1388,Morgan Quinn,Chicago,SIP_MOBILE,ORIGINATING,+13125551005,+155509939,Morgan Quinn,+155509939,rnd-208-42,CallForwardNoAnswer,HuntGroup,True,No,Success,Success,,always-pause-resume,2026-08-29
2026-08-14 08:26:54,1814,Jordan Lee,Dallas,SIP_ENTERPRISE,ORIGINATING,+13125551008,+13125551005,Priya Nair,Morgan Quinn,rnd-209-42,CallQueue,User,True,Yes-PostRedirection,Success,Success,,,2026-08-14
2026-08-18 12:07:06,123,Priya Nair,Singapore,SIP_NATIONAL,TERMINATING,+13125551008,+155509914,Priya Nair,+155509914,rnd-210-42,Deflection,User,True,Yes-PostRedirection,Success,Success,,always,2026-08-18
2026-08-14 11:50:21,512,Priya Nair,London,SIP_NATIONAL,TERMINATING,+13125551008,+155509970,Priya Nair,+155509970,rnd-211-42,HuntGroup,User,True,No,Success,Success,,,2026-08-14
2026-08-31 18:10:02,208,Alex Morgan,London,SIP_ENTERPRISE,ORIGINATING,+13125551003,+13125551004,Taylor Brooks,Casey Rivera,rnd-212-42,CallForwardNoAnswer,HuntGroup,True,No,Success,Success,,,2026-08-31
2026-08-06 14:55:08,546,Alex Morgan,London,SIP_NATIONAL,TERMINATING,+13125551000,+155509992,Alex Morgan,+155509992,rnd-213-42,SimultaneousRingPersonal,CallCenterPremium,True,No,Success,Success,success,always-pause-resume,2026-08-06
2026-08-13 19:29:13,1631,Priya Nair,Singapore,SIP_ENTERPRISE,TERMINATING,+13125551005,+13125551009,Morgan Quinn,Marcus Webb,rnd-214-42,CallForwardNoAnswer,HuntGroup,True,Yes,Success,Success,,always-pause-resume,2026-08-13
2026-08-07 23:29:41,1074,Morgan Quinn,Denver,UNKNOWN,ORIGINATING,+13125551005,+155509976,Morgan Quinn,+155509976,rnd-215-42,Deflection,AutomatedAttendantVideo,True,No,Success,Success,,,2026-08-07
2026-08-15 21:46:18,1215,Alex Morgan,London,SIP_ENTERPRISE,ORIGINATING,+13125551000,+13125551004,Alex Morgan,Casey Rivera,rnd-216-42,,HuntGroup,True,No,Success,Success,,,2026-08-15
2026-08-15 07:20:41,1208,Priya Nair,Dallas,SIP_ENTERPRISE,TERMINATING,+13125551008,+13125551002,Priya Nair,Sam Chen,rnd-217-42,CallQueue,User,False,No,Refusal,TemporarilyUnavailable,,always,2026-08-15
2026-08-29 01:41:31,1072,Morgan Quinn,Denver,SIP_ENTERPRISE,ORIGINATING,+13125551000,+13125551002,Alex Morgan,Sam Chen,rnd-218-42,CallQueue,HuntGroup,True,No,Success,Success,success,,2026-08-29
2026-08-15 05:58:36,825,Sam Chen,Dallas,SIP_ENTERPRISE,ORIGINATING,+13125551007,+13125551002,Jamie Ortiz,Sam Chen,rnd-219-42,CallQueue,CallCenterPremium,True,No,Success,Success,,,2026-08-15
2026-09-05 14:03:37,1856,Alex Morgan,Chicago,SIP_ENTERPRISE,ORIGINATING,+13125551002,+13125551008,Sam Chen,Priya Nair,rnd-220-42,SimultaneousRingPersonal,HuntGroup,True,No,Success,Success,,always-pause-resume,2026-09-05
2026-08-19 07:11:41,2191,Alex Morgan,Chicago,SIP_ENTERPRISE,ORIGINATING,+13125551005,+13125551009,Morgan Quinn,Marcus Webb,rnd-221-42,Deflection,HuntGroup,True,Yes-PostRedirection,Success,Success,success,always,2026-08-19
2026-08-13 00:20:30,425,Casey Rivera,Dallas,SIP_MOBILE,TERMINATING,+13125551004,+155509947,Casey Rivera,+155509947,rnd-222-42,HuntGroup,CallCenterPremium,True,Yes-PostRedirection,Success,Success,,always,2026-08-13
2026-08-16 14:59:35,680,Morgan Quinn,Dallas,SIP_MOBILE,ORIGINATING,+13125551005,+155509926,Morgan Quinn,+155509926,rnd-223-42,Deflection,AutomatedAttendantVideo,True,Yes-PostRedirection,Success,Success,,always,2026-08-16
2026-08-09 19:37:57,1052,Alex Morgan,London,SIP_INBOUND,ORIGINATING,+155509993,+13125551000,+155509993,Alex Morgan,rnd-224-42,Deflection,HuntGroup,True,Yes,Success,Success,,always-pause-resume,2026-08-09
2026-08-19 18:34:11,632,Casey Rivera,London,SIP_ENTERPRISE,TERMINATING,+13125551006,+13125551001,Riley Park,Jordan Lee,rnd-225-42,ConsultativeTransfer,CallCenterPremium,True,Yes,Success,Success,success,,2026-08-19
2026-08-28 06:45:43,2043,Jordan Lee,Chicago,SIP_ENTERPRISE,TERMINATING,+13125551008,+13125551003,Priya Nair,Taylor Brooks,rnd-226-42,CallForwardNoAnswer,User,True,Yes,Success,Success,,,2026-08-28
2026-08-21 09:17:16,965,Jamie Ortiz,Denver,SIP_ENTERPRISE,ORIGINATING,+13125551009,+13125551007,Marcus Webb,Jamie Ortiz,rnd-227-42,CallQueue,HuntGroup,False,Yes-PostRedirection,Refusal,CallRejected,,always,2026-08-21
2026-09-03 01:09:21,1086,Jamie Ortiz,Denver,SIP_INBOUND,TERMINATING,+155509956,+13125551007,+155509956,Jamie Ortiz,rnd-228-42,SimultaneousRingPersonal,HuntGroup,True,Yes,Success,Success,,always,2026-09-03
2026-09-01 09:19:37,703,Alex Morgan,Dallas,SIP_MOBILE,TERMINATING,+13125551000,+155509957,Alex Morgan,+155509957,rnd-229-42,ConsultativeTransfer,User,True,No,Success,Success,,always-pause-resume,2026-09-01
2026-09-04 19:57:30,1732,Riley Park,London,SIP_ENTERPRISE,TERMINATING,+13125551000,+13125551003,Alex Morgan,Taylor Brooks,rnd-230-42,,AutomatedAttendantVideo,True,Yes-PostRedirection,Success,Success,success,always-pause-resume,2026-09-04
2026-08-11 14:51:28,123,Morgan Quinn,Singapore,SIP_ENTERPRISE,ORIGINATING,+13125551002,+13125551008,Sam Chen,Priya Nair,rnd-231-42,SimultaneousRingPersonal,CallCenterPremium,True,Yes,Success,Success,,always,2026-08-11
2026-08-14 02:38:23,2319,Priya Nair,Singapore,SIP_ENTERPRISE,ORIGINATING,+13125551008,+13125551009,Priya Nair,Marcus Webb,rnd-232-42,SimultaneousRingPersonal,HuntGroup,True,Yes-PostRedirection,Success,Success,,always,2026-08-14
2026-08-20 22:33:20,2291,Riley Park,Dallas,SIP_INBOUND,TERMINATING,+155509970,+13125551006,+155509970,Riley Park,rnd-233-42,ConsultativeTransfer,User,True,No,Success,Success,success,always-pause-resume,2026-08-20
2026-08-13 11:13:24,1656,Taylor Brooks,Singapore,SIP_INTERNATIONAL,TERMINATING,+13125551003,+155509921,Taylor Brooks,+155509921,rnd-234-42,,User,True,Yes,Success,Success,,always-pause-resume,2026-08-13
2026-08-29 02:27:28,151,Riley Park,London,SIP_ENTERPRISE,ORIGINATING,+13125551009,+13125551004,Marcus Webb,Casey Rivera,rnd-235-42,,User,True,No,Success,Success,success,always,2026-08-29
2026-08-31 07:32:31,1942,Morgan Quinn,Singapore,SIP_NATIONAL,TERMINATING,+13125551005,+155509910,Morgan Quinn,+155509910,rnd-236-42,HuntGroup,HuntGroup,True,No,Success,Success,,,2026-08-31
2026-08-22 04:21:24,2021,Alex Morgan,Dallas,SIP_INBOUND,ORIGINATING,+155509988,+13125551000,+155509988,Alex Morgan,rnd-237-42,CallForwardBusy,User,True,No,Success,Success,,always,2026-08-22
2026-08-20 04:02:32,1702,Morgan Quinn,Chicago,SIP_NATIONAL,ORIGINATING,+13125551005,+155509968,Morgan Quinn,+155509968,rnd-238-42,,User,False,Yes-PostRedirection,Refusal,CallRejected,,,2026-08-20
2026-08-07 12:08:14,730,Jamie Ortiz,Singapore,SIP_INTERNATIONAL,TERMINATING,+13125551007,+155509994,Jamie Ortiz,+155509994,rnd-239-42,SimultaneousRingPersonal,CallCenterPremium,True,Yes-PostRedirection,Success,Success,,,2026-08-07
2026-08-29 15:12:24,1859,Morgan Quinn,Denver,SIP_ENTERPRISE,TERMINATING,+13125551008,+13125551004,Priya Nair,Casey Rivera,rnd-240-42,CallForwardBusy,User,True,Yes,Success,Success,,,2026-08-29
2026-08-28 03:30:07,2068,Sam Chen,Dallas,SIP_INBOUND,TERMINATING,+155509971,+13125551002,+155509971,Sam Chen,rnd-241-42,CallForwardNoAnswer,CallCenterPremium,True,Yes,Success,Success,,,2026-08-28
2026-08-09 07:12:50,823,Alex Morgan,Chicago,SIP_ENTERPRISE,TERMINATING,+13125551004,+13125551002,Casey Rivera,Sam Chen,rnd-242-42,CallForwardBusy,AutomatedAttendantVideo,True,Yes,Success,Success,,always-pause-resume,2026-08-09
2026-08-31 05:38:07,2303,Priya Nair,Dallas,SIP_ENTERPRISE,TERMINATING,+13125551004,+13125551000,Casey Rivera,Alex Morgan,rnd-243-42,SimultaneousRingPersonal,HuntGroup,True,No,Success,Success,,,2026-08-31
2026-08-07 16:01:43,1819,Taylor Brooks,Singapore,SIP_NATIONAL,ORIGINATING,+13125551003,+155509987,Taylor Brooks,+155509987,rnd-244-42,CallForwardBusy,User,True,No,Success,Success,,always,2026-08-07
2026-09-05 11:41:21,493,Sam Chen,Singapore,SIP_ENTERPRISE,TERMINATING,+13125551002,+13125551003,Sam Chen,Taylor Brooks,rnd-245-42,Deflection,User,True,No,Success,Success,,,2026-09-05
2026-09-04 01:29:45,213,Morgan Quinn,Singapore,SIP_ENTERPRISE,TERMINATING,+13125551004,+13125551008,Casey Rivera,Priya Nair,rnd-246-42,CallQueue,HuntGroup,True,No,Success,Success,,,2026-09-04
2026-08-12 19:39:06,657,Jordan Lee,Singapore,SIP_ENTERPRISE,TERMINATING,+13125551003,+13125551004,Taylor Brooks,Casey Rivera,rnd-247-42,HuntGroup,User,True,No,Success,Success,success,always,2026-08-12
2026-09-04 11:01:45,41,Jamie Ortiz,Singapore,SIP_INBOUND,TERMINATING,+155509915,+13125551007,+155509915,Jamie Ortiz,rnd-248-42,SimultaneousRingPersonal,User,False,No,Refusal,UnassignedNumber,,always-pause-resume,2026-09-04
2026-08-22 17:56:11,2111,Priya Nair,Denver,SIP_ENTERPRISE,ORIGINATING,+13125551003,+13125551006,Taylor Brooks,Riley Park,rnd-249-42,CallQueue,User,True,Yes-PostRedirection,Success,Success,success,,2026-08-22
2026-08-06 05:27:14,430,Taylor Brooks,London,SIP_ENTERPRISE,ORIGINATING,+13125551006,+13125551001,Riley Park,Jordan Lee,rnd-250-42,Deflection,CallCenterPremium,True,Yes-PostRedirection,Success,Success,,always-pause-resume,2026-08-06
2026-08-07 04:11:14,2290,Sam Chen,Denver,SIP_ENTERPRISE,TERMINATING,+13125551006,+13125551007,Riley Park,Jamie Ortiz,rnd-251-42,SimultaneousRingPersonal,User,False,Yes,Refusal,TemporarilyUnavailable,,always-pause-resume,2026-08-07
2026-08-26 20:56:03,191,Marcus Webb,Chicago,SIP_ENTERPRISE,TERMINATING,+13125551001,+13125551005,Jordan Lee,Morgan Quinn,rnd-252-42,CallQueue,User,True,No,Success,Success,,always-pause-resume,2026-08-26
2026-08-18 05:57:51,2190,Jamie Ortiz,Dallas,SIP_INBOUND,ORIGINATING,+155509991,+13125551007,+155509991,Jamie Ortiz,rnd-253-42,CallForwardNoAnswer,HuntGroup,True,Yes-PostRedirection,Success,Success,,,2026-08-18
2026-08-17 13:36:32,0,Priya Nair,Dallas,SIP_INTERNATIONAL,TERMINATING,+13125551008,+155509936,Priya Nair,+155509936,rnd-254-42,CallForwardBusy,CallCenterPremium,False,Yes-PostRedirection,Refusal,CallRejected,,,2026-08-17
2026-08-10 09:59:11,800,Marcus Webb,Denver,SIP_ENTERPRISE,ORIGINATING,+13125551000,+13125551009,Alex Morgan,Marcus Webb,rnd-255-42,CallForwardNoAnswer,HuntGroup,False,Yes,Refusal,UnassignedNumber,,always-pause-resume,2026-08-10
2026-08-09 01:03:45,1467,Jamie Ortiz,Denver,SIP_INBOUND,TERMINATING,+155509934,+13125551007,+155509934,Jamie Ortiz,rnd-256-42,,CallCenterPremium,True,No,Success,Success,success,,2026-08-09
2026-08-26 10:36:36,2326,Sam Chen,Singapore,SIP_INBOUND,ORIGINATING,+155509941,+13125551002,+155509941,Sam Chen,rnd-257-42,SimultaneousRingPersonal,User,True,No,Success,Success,,always,2026-08-26
2026-08-27 01:36:27,1829,Jamie Ortiz,London,SIP_ENTERPRISE,ORIGINATING,+13125551002,+13125551001,Sam Chen,Jordan Lee,rnd-258-42,CallForwardBusy,User,True,Yes-PostRedirection,Success,Success,,,2026-08-27
2026-08-08 08:53:16,132,Alex Morgan,Singapore,SIP_ENTERPRISE,TERMINATING,+13125551003,+13125551000,Taylor Brooks,Alex Morgan,rnd-259-42,,HuntGroup,True,Yes,Success,Success,,always-pause-resume,2026-08-08
2026-08-18 04:01:07,553,Marcus Webb,Denver,SIP_MOBILE,ORIGINATING,+13125551009,+155509994,Marcus Webb,+155509994,rnd-260-42,ConsultativeTransfer,AutomatedAttendantVideo,True,Yes,Success,Success,,always-pause-resume,2026-08-18
2026-08-10 22:27:41,1985,Marcus Webb,Dallas,SIP_INBOUND,TERMINATING,+155509943,+13125551009,+155509943,Marcus Webb,rnd-261-42,CallForwardBusy,User,True,Yes-PostRedirection,Success,Success,,always,2026-08-10
2026-08-22 01:18:23,1867,Riley Park,London,SIP_NATIONAL,TERMINATING,+13125551006,+155509991,Riley Park,+155509991,rnd-262-42,CallForwardNoAnswer,AutomatedAttendantVideo,True,Yes-PostRedirection,Success,Success,,,2026-08-22
2026-08-11 09:20:39,323,Morgan Quinn,Singapore,SIP_INBOUND,TERMINATING,+155509955,+13125551005,+155509955,Morgan Quinn,rnd-263-42,,CallCenterPremium,True,Yes-PostRedirection,Success,Success,,always,2026-08-11
2026-08-21 13:22:00,320,Sam Chen,Dallas,SIP_ENTERPRISE,ORIGINATING,+13125551002,+13125551006,Sam Chen,Riley Park,rnd-264-42,CallForwardBusy,CallCenterPremium,True,No,Success,Success,,,2026-08-21
2026-08-09 12:19:26,665,Jamie Ortiz,Dallas,SIP_INBOUND,ORIGINATING,+155509927,+13125551007,+155509927,Jamie Ortiz,rnd-265-42,ConsultativeTransfer,User,True,Yes,Success,Success,,always-pause-resume,2026-08-09
2026-09-03 14:18:01,2313,Riley Park,Singapore,SIP_ENTERPRISE,TERMINATING,+13125551004,+13125551001,Casey Rivera,Jordan Lee,rnd-266-42,,CallCenterPremium,True,Yes,Success,Success,,always,2026-09-03
2026-08-31 17:47:25,2097,Marcus Webb,Dallas,SIP_INBOUND,TERMINATING,+155509939,+13125551009,+155509939,Marcus Webb,rnd-267-42,SimultaneousRingPersonal,User,True,Yes,Success,Success,,always,2026-08-31
2026-08-12 06:32:50,617,Priya Nair,London,SIP_MOBILE,ORIGINATING,+13125551008,+155509978,Priya Nair,+155509978,rnd-268-42,CallQueue,CallCenterPremium,True,Yes-PostRedirection,Success,Success,,always,2026-08-12
2026-09-02 23:04:35,2143,Alex Morgan,London,SIP_ENTERPRISE,TERMINATING,+13125551006,+13125551003,Riley Park,Taylor Brooks,rnd-269-42,HuntGroup,AutomatedAttendantVideo,True,Yes-PostRedirection,Success,Success,,,2026-09-02
2026-08-23 20:38:01,957,Casey Rivera,London,SIP_ENTERPRISE,ORIGINATING,+13125551008,+13125551006,Priya Nair,Riley Park,rnd-270-42,Deflection,HuntGroup,True,Yes-PostRedirection,Success,Success,,always,2026-08-23
2026-08-23 22:01:20,846,Alex Morgan,London,SIP_ENTERPRISE,TERMINATING,+13125551002,+13125551007,Sam Chen,Jamie Ortiz,rnd-271-42,CallForwardNoAnswer,AutomatedAttendantVideo,True,No,Success,Success,,,2026-08-23
2026-08-17 08:02:21,1697,Riley Park,Dallas,SIP_ENTERPRISE,TERMINATING,+13125551008,+13125551009,Priya Nair,Marcus Webb,rnd-272-42,CallForwardNoAnswer,AutomatedAttendantVideo,True,No,Success,Success,,,2026-08-17
2026-08-18 08:12:30,1834,Jordan Lee,Dallas,SIP_ENTERPRISE,ORIGINATING,+13125551008,+13125551006,Priya Nair,Riley Park,rnd-273-42,ConsultativeTransfer,CallCenterPremium,True,Yes-PostRedirection,Success,Success,success,always,2026-08-18
2026-08-30 22:27:02,1788,Jamie Ortiz,Singapore,SIP_NATIONAL,TERMINATING,+13125551007,+155509959,Jamie Ortiz,+155509959,rnd-274-42,CallForwardNoAnswer,HuntGroup,False,Yes-PostRedirection,Refusal,TemporarilyUnavailable,,always,2026-08-30
2026-09-04 07:36:45,48,Jamie Ortiz,London,SIP_NATIONAL,ORIGINATING,+13125551007,+155509914,Jamie Ortiz,+155509914,rnd-275-42,ConsultativeTransfer,HuntGroup,True,Yes,Success,Success,,always-pause-resume,2026-09-04
2026-08-13 10:00:24,1135,Sam Chen,Chicago,SIP_ENTERPRISE,ORIGINATING,+13125551009,+13125551003,Marcus Webb,Taylor Brooks,rnd-276-42,CallQueue,User,True,Yes-PostRedirection,Success,Success,,always-pause-resume,2026-08-13
2026-08-28 12:14:49,1428,Marcus Webb,Denver,SIP_INBOUND,ORIGINATING,+155509961,+13125551009,+155509961,Marcus Webb,rnd-277-42,CallForwardNoAnswer,User,True,No,Success,Success,,,2026-08-28
2026-08-09 07:12:35,484,Casey Rivera,Denver,SIP_ENTERPRISE,TERMINATING,+13125551009,+13125551004,Marcus Webb,Casey Rivera,rnd-278-42,SimultaneousRingPersonal,AutomatedAttendantVideo,True,No,Success,Success,,always,2026-08-09
2026-08-29 11:33:36,1979,Jamie Ortiz,Singapore,SIP_INTERNATIONAL,TERMINATING,+13125551007,+155509950,Jamie Ortiz,+155509950,rnd-279-42,HuntGroup,AutomatedAttendantVideo,False,Yes-PostRedirection,Refusal,UnassignedNumber,,always,2026-08-29
2026-08-27 17:24:32,1639,Casey Rivera,Chicago,SIP_ENTERPRISE,TERMINATING,+13125551002,+13125551008,Sam Chen,Priya Nair,rnd-280-42,CallForwardBusy,AutomatedAttendantVideo,True,No,Success,Success,success,always,2026-08-27
2026-09-04 08:39:21,822,Taylor Brooks,London,SIP_INBOUND,TERMINATING,+155509941,+13125551003,+155509941,Taylor Brooks,rnd-281-42,ConsultativeTransfer,User,True,Yes,Success,Success,,always,2026-09-04
2026-08-26 22:48:15,2222,Marcus Webb,Chicago,SIP_INBOUND,TERMINATING,+155509983,+13125551009,+155509983,Marcus Webb,rnd-282-42,,User,True,Yes-PostRedirection,Success,Success,,always-pause-resume,2026-08-26
2026-08-18 08:01:20,2158,Sam Chen,Chicago,SIP_NATIONAL,ORIGINATING,+13125551002,+155509960,Sam Chen,+155509960,rnd-283-42,,User,True,Yes-PostRedirection,Success,Success,,,2026-08-18
2026-08-20 06:17:33,1559,Alex Morgan,Dallas,SIP_INBOUND,TERMINATING,+155509980,+13125551000,+155509980,Alex Morgan,rnd-284-42,CallForwardBusy,User,True,No,Success,Success,,,2026-08-20
2026-08-16 15:15:49,1721,Riley Park,Dallas,SIP_ENTERPRISE,ORIGINATING,+13125551004,+13125551008,Casey Rivera,Priya Nair,rnd-285-42,CallForwardBusy,User,True,Yes-PostRedirection,Success,Success,,always-pause-resume,2026-08-16
2026-08-30 22:14:28,602,Riley Park,Dallas,SIP_INBOUND,TERMINATING,+155509963,+13125551006,+155509963,Riley Park,rnd-286-42,ConsultativeTransfer,HuntGroup,True,Yes-PostRedirection,Success,Success,,,2026-08-30
2026-08-28 08:05:48,2307,Casey Rivera,Denver,SIP_NATIONAL,TERMINATING,+13125551004,+155509937,Casey Rivera,+155509937,rnd-287-42,,HuntGroup,True,Yes,Success,Success,success,always-pause-resume,2026-08-28
2026-08-29 01:58:38,2288,Morgan Quinn,Singapore,SIP_ENTERPRISE,ORIGINATING,+13125551001,+13125551006,Jordan Lee,Riley Park,rnd-288-42,ConsultativeTransfer,User,True,No,Success,Success,success,always-pause-resume,2026-08-29
2026-08-26 20:51:19,1565,Jamie Ortiz,Chicago,SIP_ENTERPRISE,TERMINATING,+13125551002,+13125551006,Sam Chen,Riley Park,rnd-289-42,CallQueue,User,True,Yes,Success,Success,,always-pause-resume,2026-08-26
2026-08-13 01:47:38,1624,Casey Rivera,Denver,SIP_ENTERPRISE,TERMINATING,+13125551005,+13125551009,Morgan Quinn,Marcus Webb,rnd-290-42,ConsultativeTransfer,User,True,Yes,Success,Success,,always,2026-08-13
2026-08-28 13:27:45,688,Jordan Lee,Dallas,SIP_INBOUND,ORIGINATING,+155509916,+13125551001,+155509916,Jordan Lee,rnd-291-42,SimultaneousRingPersonal,AutomatedAttendantVideo,True,Yes,Success,Success,,always,2026-08-28
2026-08-14 03:15:52,944,Riley Park,Denver,SIP_ENTERPRISE,ORIGINATING,+13125551002,+13125551009,Sam Chen,Marcus Webb,rnd-292-42,Deflection,HuntGroup,True,No,Success,Success,,always-pause-resume,2026-08-14
2026-09-01 18:59:43,2251,Priya Nair,Denver,SIP_ENTERPRISE,TERMINATING,+13125551002,+13125551008,Sam Chen,Priya Nair,rnd-293-42,CallForwardNoAnswer,User,True,No,Success,Success,,,2026-09-01
2026-08-13 00:59:00,1693,Casey Rivera,Denver,SIP_ENTERPRISE,TERMINATING,+13125551002,+13125551006,Sam Chen,Riley Park,rnd-294-42,Deflection,HuntGroup,True,No,Success,Success,success,always-pause-resume,2026-08-13
2026-08-15 06:54:36,952,Casey Rivera,Singapore,SIP_NATIONAL,ORIGINATING,+13125551004,+155509960,Casey Rivera,+155509960,rnd-295-42,ConsultativeTransfer,HuntGroup,True,Yes-PostRedirection,Success,Success,,,2026-08-15
2026-08-18 01:57:14,1734,Casey Rivera,Chicago,SIP_ENTERPRISE,TERMINATING,+13125551009,+13125551004,Marcus Webb,Casey Rivera,rnd-296-42,SimultaneousRingPersonal,User,True,Yes,Success,Success,,always,2026-08-18
2026-08-10 05:38:53,1859,Jamie Ortiz,Singapore,SIP_ENTERPRISE,ORIGINATING,+13125551000,+13125551003,Alex Morgan,Taylor Brooks,rnd-297-42,ConsultativeTransfer,User,True,No,Success,Success,,always-pause-resume,2026-08-10
2026-08-09 21:01:45,374,Alex Morgan,Dallas,SIP_ENTERPRISE,TERMINATING,+13125551004,+13125551008,Casey Rivera,Priya Nair,rnd-298-42,Deflection,User,True,Yes,Success,Success,,always,2026-08-09
2026-08-07 17:41:33,1930,Jordan Lee,Singapore,SIP_NATIONAL,ORIGINATING,+13125551001,+155509925,Jordan Lee,+155509925,rnd-299-42,SimultaneousRingPersonal,CallCenterPremium,True,Yes,Success,Success,,,2026-08-07
2026-09-05 19:56:03,858,Jordan Lee,Singapore,SIP_ENTERPRISE,ORIGINATING,+13125551005,+13125551002,Morgan Quinn,Sam Chen,rnd-300-42,CallQueue,User,True,No,Success,Success,,,2026-09-05
2026-08-15 06:19:00,467,Alex Morgan,Dallas,SIP_ENTERPRISE,ORIGINATING,+13125551004,+13125551001,Casey Rivera,Jordan Lee,rnd-301-42,Deflection,User,True,Yes-PostRedirection,Success,Success,success,,2026-08-15
2026-08-20 17:36:04,1023,Morgan Quinn,Chicago,SIP_INBOUND,ORIGINATING,+155509955,+13125551005,+155509955,Morgan Quinn,rnd-302-42,CallQueue,User,True,No,Success,Success,,always,2026-08-20
2026-08-15 19:39:15,795,Morgan Quinn,London,SIP_INBOUND,TERMINATING,+155509972,+13125551005,+155509972,Morgan Quinn,rnd-303-42,CallForwardNoAnswer,AutomatedAttendantVideo,False,Yes-PostRedirection,Refusal,CallRejected,,always-pause-resume,2026-08-15
2026-08-11 21:11:35,1923,Morgan Quinn,Denver,SIP_ENTERPRISE,ORIGINATING,+13125551008,+13125551002,Priya Nair,Sam Chen,rnd-304-42,,User,True,No,Success,Success,,,2026-08-11
2026-08-17 09:07:54,764,Priya Nair,London,SIP_ENTERPRISE,ORIGINATING,+13125551009,+13125551003,Marcus Webb,Taylor Brooks,rnd-305-42,SimultaneousRingPersonal,User,True,Yes-PostRedirection,Success,Success,,,2026-08-17
2026-08-21 10:10:35,1326,Marcus Webb,Denver,SIP_INBOUND,ORIGINATING,+155509926,+13125551009,+155509926,Marcus Webb,rnd-306-42,Deflection,User,True,Yes,Success,Success,success,always-pause-resume,2026-08-21
2026-08-11 22:33:46,2158,Riley Park,London,SIP_ENTERPRISE,ORIGINATING,+13125551003,+13125551001,Taylor Brooks,Jordan Lee,rnd-307-42,,User,True,No,Success,Success,success,,2026-08-11
2026-08-07 21:09:39,243,Riley Park,Denver,SIP_INBOUND,ORIGINATING,+155509919,+13125551006,+155509919,Riley Park,rnd-308-42,CallQueue,User,True,Yes-PostRedirection,Success,Success,success,always,2026-08-07
2026-08-22 11:33:20,2339,Priya Nair,Dallas,SIP_ENTERPRISE,TERMINATING,+13125551006,+13125551001,Riley Park,Jordan Lee,rnd-309-42,,HuntGroup,True,Yes-PostRedirection,Success,Success,,always-pause-resume,2026-08-22
2026-09-02 08:49:15,1649,Sam Chen,Singapore,SIP_ENTERPRISE,TERMINATING,+13125551009,+13125551007,Marcus Webb,Jamie Ortiz,rnd-310-42,HuntGroup,User,True,No,Success,Success,,,2026-09-02
2026-08-19 08:21:27,2311,Marcus Webb,Dallas,SIP_INBOUND,TERMINATING,+155509967,+13125551009,+155509967,Marcus Webb,rnd-311-42,SimultaneousRingPersonal,User,True,Yes-PostRedirection,Success,Success,,always,2026-08-19
2026-09-05 11:19:10,1241,Priya Nair,Dallas,SIP_INBOUND,TERMINATING,+155509998,+13125551008,+155509998,Priya Nair,rnd-312-42,ConsultativeTransfer,User,False,Yes,Refusal,CallRejected,,always-pause-resume,2026-09-05
2026-08-17 00:36:28,1028,Morgan Quinn,Singapore,SIP_ENTERPRISE,TERMINATING,+13125551006,+13125551003,Riley Park,Taylor Brooks,rnd-313-42,,User,True,No,Success,Success,success,,2026-08-17
2026-08-27 18:55:07,1235,Jordan Lee,Singapore,SIP_NATIONAL,TERMINATING,+13125551001,+155509954,Jordan Lee,+155509954,rnd-314-42,SimultaneousRingPersonal,User,False,Yes,Refusal,CallRejected,,,2026-08-27
2026-08-26 05:40:03,226,Alex Morgan,London,SIP_INBOUND,ORIGINATING,+155509974,+13125551000,+155509974,Alex Morgan,rnd-315-42,ConsultativeTransfer,User,True,Yes-PostRedirection,Success,Success,,,2026-08-26
2026-09-05 22:02:28,0,Marcus Webb,Singapore,SIP_INTERNATIONAL,ORIGINATING,+13125551009,+155509970,Marcus Webb,+155509970,rnd-316-42,SimultaneousRingPersonal,User,True,Yes,Success,Success,,always-pause-resume,2026-09-05
2026-08-21 13:21:23,1974,Sam Chen,Dallas,SIP_NATIONAL,ORIGINATING,+13125551002,+155509988,Sam Chen,+155509988,rnd-317-42,CallForwardBusy,User,True,No,Success,Success,,always-pause-resume,2026-08-21
2026-08-16 00:37:05,1699,Jordan Lee,Chicago,SIP_MOBILE,ORIGINATING,+13125551001,+155509949,Jordan Lee,+155509949,rnd-318-42,HuntGroup,AutomatedAttendantVideo,True,No,Success,Success,,,2026-08-16
2026-08-10 12:29:20,1536,Taylor Brooks,Dallas,SIP_ENTERPRISE,ORIGINATING,+13125551000,+13125551004,Alex Morgan,Casey Rivera,rnd-319-42,CallForwardNoAnswer,User,True,No,Success,Success,success,,2026-08-10
2026-08-30 22:23:05,1364,Jamie Ortiz,Chicago,SIP_ENTERPRISE,TERMINATING,+13125551008,+13125551004,Priya Nair,Casey Rivera,rnd-320-42,ConsultativeTransfer,HuntGroup,True,Yes-PostRedirection,Success,Success,,,2026-08-30
2026-08-06 13:40:51,1051,Priya Nair,Chicago,SIP_INBOUND,TERMINATING,+155509916,+13125551008,+155509916,Priya Nair,rnd-321-42,Deflection,User,True,No,Success,Success,,,2026-08-06
2026-08-14 09:51:17,83,Morgan Quinn,Chicago,SIP_MOBILE,TERMINATING,+13125551005,+155509922,Morgan Quinn,+155509922,rnd-322-42,,AutomatedAttendantVideo,True,Yes-PostRedirection,Success,Success,,always,2026-08-14
2026-08-11 18:41:40,93,Jamie Ortiz,Singapore,SIP_ENTERPRISE,ORIGINATING,+13125551007,+13125551006,Jamie Ortiz,Riley Park,rnd-323-42,HuntGroup,HuntGroup,False,No,Refusal,CallRejected,,always-pause-resume,2026-08-11
2026-08-25 09:10:18,258,Priya Nair,Denver,SIP_ENTERPRISE,ORIGINATING,+13125551000,+13125551009,Alex Morgan,Marcus Webb,rnd-324-42,ConsultativeTransfer,User,True,No,Success,Success,,,2026-08-25
2026-08-10 06:07:18,936,Priya Nair,Singapore,SIP_INBOUND,ORIGINATING,+155509967,+13125551008,+155509967,Priya Nair,rnd-325-42,CallForwardBusy,HuntGroup,True,Yes,Success,Success,,,2026-08-10
2026-08-22 18:46:02,2150,Sam Chen,Denver,SIP_NATIONAL,ORIGINATING,+13125551002,+155509950,Sam Chen,+155509950,rnd-326-42,CallQueue,User,True,No,Success,Success,,always,2026-08-22
2026-08-28 12:56:49,1247,Riley Park,London,SIP_NATIONAL,ORIGINATING,+13125551006,+155509934,Riley Park,+155509934,rnd-327-42,ConsultativeTransfer,User,True,Yes,Success,Success,,,2026-08-28
2026-08-25 03:00:29,956,Marcus Webb,Dallas,SIP_INBOUND,TERMINATING,+155509974,+13125551009,+155509974,Marcus Webb,rnd-328-42,HuntGroup,User,True,No,Success,Success,success,always-pause-resume,2026-08-25
2026-08-20 16:32:31,1678,Taylor Brooks,Chicago,SIP_ENTERPRISE,ORIGINATING,+13125551006,+13125551003,Riley Park,Taylor Brooks,rnd-329-42,CallForwardBusy,User,True,Yes,Success,Success,,always-pause-resume,2026-08-20
2026-09-01 21:08:38,1015,Morgan Quinn,London,SIP_ENTERPRISE,ORIGINATING,+13125551006,+13125551005,Riley Park,Morgan Quinn,rnd-330-42,CallQueue,CallCenterPremium,True,No,Success,Success,,always,2026-09-01
2026-09-02 05:04:05,165,Priya Nair,London,SIP_ENTERPRISE,TERMINATING,+13125551000,+13125551004,Alex Morgan,Casey Rivera,rnd-331-42,SimultaneousRingPersonal,User,True,No,Success,Success,,always-pause-resume,2026-09-02
2026-08-11 03:51:57,587,Alex Morgan,Singapore,SIP_ENTERPRISE,ORIGINATING,+13125551008,+13125551001,Priya Nair,Jordan Lee,rnd-332-42,SimultaneousRingPersonal,CallCenterPremium,True,No,Success,Success,success,always-pause-resume,2026-08-11
2026-08-06 18:32:04,374,Taylor Brooks,London,SIP_ENTERPRISE,ORIGINATING,+13125551002,+13125551001,Sam Chen,Jordan Lee,rnd-333-42,,HuntGroup,True,No,Success,Success,,always,2026-08-06
2026-08-22 05:43:12,659,Priya Nair,Singapore,SIP_ENTERPRISE,ORIGINATING,+13125551005,+13125551002,Morgan Quinn,Sam Chen,rnd-334-42,ConsultativeTransfer,HuntGroup,True,Yes,Success,Success,,always-pause-resume,2026-08-22
2026-08-15 13:11:53,745,Jamie Ortiz,Denver,SIP_NATIONAL,TERMINATING,+13125551007,+155509911,Jamie Ortiz,+155509911,rnd-335-42,,CallCenterPremium,False,Yes-PostRedirection,Refusal,UnassignedNumber,,always,2026-08-15
2026-08-24 20:20:24,1953,Taylor Brooks,Singapore,SIP_ENTERPRISE,TERMINATING,+13125551000,+13125551004,Alex Morgan,Casey Rivera,rnd-336-42,CallForwardBusy,User,True,Yes,Success,Success,,always,2026-08-24
2026-08-07 16:58:03,2372,Sam Chen,Chicago,SIP_ENTERPRISE,ORIGINATING,+13125551000,+13125551002,Alex Morgan,Sam Chen,rnd-337-42,ConsultativeTransfer,HuntGroup,True,No,Success,Success,,,2026-08-07
2026-08-26 11:43:40,731,Marcus Webb,Singapore,SIP_INBOUND,TERMINATING,+155509948,+13125551009,+155509948,Marcus Webb,rnd-338-42,HuntGroup,CallCenterPremium,True,Yes,Success,Success,,always-pause-resume,2026-08-26
2026-09-01 03:25:20,504,Jamie Ortiz,Dallas,SIP_ENTERPRISE,ORIGINATING,+13125551008,+13125551003,Priya Nair,Taylor Brooks,rnd-339-42,Deflection,User,True,Yes-PostRedirection,Success,Success,,,2026-09-01
2026-09-05 08:38:10,1181,Jordan Lee,London,SIP_ENTERPRISE,TERMINATING,+13125551009,+13125551005,Marcus Webb,Morgan Quinn,rnd-340-42,,CallCenterPremium,True,Yes,Success,Success,,,2026-09-05
2026-08-13 05:08:41,489,Taylor Brooks,Chicago,SIP_ENTERPRISE,ORIGINATING,+13125551003,+13125551007,Taylor Brooks,Jamie Ortiz,rnd-341-42,HuntGroup,User,False,Yes-PostRedirection,Refusal,CallRejected,success,,2026-08-13
2026-08-12 13:58:45,282,Casey Rivera,Denver,SIP_INBOUND,TERMINATING,+155509997,+13125551004,+155509997,Casey Rivera,rnd-342-42,HuntGroup,CallCenterPremium,True,Yes-PostRedirection,Success,Success,,,2026-08-12
2026-08-25 02:17:56,1358,Sam Chen,Dallas,SIP_ENTERPRISE,ORIGINATING,+13125551007,+13125551000,Jamie Ortiz,Alex Morgan,rnd-343-42,,User,True,Yes-PostRedirection,Success,Success,,always-pause-resume,2026-08-25
2026-09-02 15:41:29,1700,Morgan Quinn,London,SIP_ENTERPRISE,ORIGINATING,+13125551009,+13125551005,Marcus Webb,Morgan Quinn,rnd-344-42,CallForwardBusy,AutomatedAttendantVideo,True,Yes-PostRedirection,Success,Success,,always-pause-resume,2026-09-02
2026-08-30 18:51:15,616,Morgan Quinn,Chicago,SIP_MOBILE,TERMINATING,+13125551005,+155509983,Morgan Quinn,+155509983,rnd-345-42,ConsultativeTransfer,AutomatedAttendantVideo,True,Yes,Success,Success,,always-pause-resume,2026-08-30
2026-08-27 20:43:04,1700,Alex Morgan,Denver,SIP_ENTERPRISE,TERMINATING,+13125551004,+13125551003,Casey Rivera,Taylor Brooks,rnd-346-42,ConsultativeTransfer,User,False,No,Refusal,TemporarilyUnavailable,,always,2026-08-27
2026-08-30 02:40:33,107,Jamie Ortiz,Singapore,SIP_MOBILE,TERMINATING,+13125551007,+155509977,Jamie Ortiz,+155509977,rnd-347-42,HuntGroup,User,True,Yes,Success,Success,,,2026-08-30
2026-08-26 23:28:39,1592,Alex Morgan,London,SIP_ENTERPRISE,TERMINATING,+13125551000,+13125551002,Alex Morgan,Sam Chen,rnd-348-42,Deflection,User,True,Yes-PostRedirection,Success,Success,success,,2026-08-26
2026-08-29 02:41:33,1319,Casey Rivera,Dallas,SIP_ENTERPRISE,ORIGINATING,+13125551007,+13125551001,Jamie Ortiz,Jordan Lee,rnd-349-42,ConsultativeTransfer,User,True,Yes,Success,Success,,always,2026-08-29
2026-09-04 16:58:25,2227,Jordan Lee,Dallas,SIP_INBOUND,ORIGINATING,+155509931,+13125551001,+155509931,Jordan Lee,rnd-350-42,CallForwardNoAnswer,AutomatedAttendantVideo,True,No,Success,Success,,,2026-09-04
2026-08-19 18:04:25,438,Jamie Ortiz,Chicago,SIP_ENTERPRISE,TERMINATING,+13125551009,+13125551007,Marcus Webb,Jamie Ortiz,rnd-351-42,CallForwardNoAnswer,User,True,Yes,Success,Success,,,2026-08-19
2026-08-29 12:15:05,2330,Jordan Lee,London,SIP_NATIONAL,TERMINATING,+13125551001,+155509968,Jordan Lee,+155509968,rnd-352-42,,CallCenterPremium,True,Yes,Success,Success,,always,2026-08-29
2026-08-10 10:55:44,1610,Casey Rivera,Denver,SIP_MOBILE,ORIGINATING,+13125551004,+155509972,Casey Rivera,+155509972,rnd-353-42,CallQueue,CallCenterPremium,True,Yes,Success,Success,,always-pause-resume,2026-08-10
2026-08-20 20:07:01,2358,Casey Rivera,Denver,SIP_NATIONAL,ORIGINATING,+13125551004,+155509981,Casey Rivera,+155509981,rnd-354-42,CallForwardNoAnswer,AutomatedAttendantVideo,True,No,Success,Success,,always-pause-resume,2026-08-20
2026-08-24 07:21:31,656,Taylor Brooks,Singapore,SIP_ENTERPRISE,TERMINATING,+13125551009,+13125551006,Marcus Webb,Riley Park,rnd-355-42,CallForwardBusy,User,True,Yes-PostRedirection,Success,Success,,,2026-08-24
2026-08-08 09:57:12,1901,Jamie Ortiz,Chicago,SIP_INTERNATIONAL,ORIGINATING,+13125551007,+155509918,Jamie Ortiz,+155509918,rnd-356-42,SimultaneousRingPersonal,User,True,No,Success,Success,,,2026-08-08
2026-08-26 11:09:45,5,Sam Chen,Singapore,SIP_ENTERPRISE,TERMINATING,+13125551004,+13125551007,Casey Rivera,Jamie Ortiz,rnd-357-42,CallForwardBusy,User,True,Yes-PostRedirection,Success,Success,,always-pause-resume,2026-08-26
2026-08-15 07:00:11,1415,Casey Rivera,London,SIP_NATIONAL,TERMINATING,+13125551004,+155509926,Casey Rivera,+155509926,rnd-358-42,Deflection,User,True,Yes-PostRedirection,Success,Success,,always,2026-08-15
2026-08-06 00:37:38,1160,Morgan Quinn,Chicago,SIP_INBOUND,TERMINATING,+155509958,+13125551005,+155509958,Morgan Quinn,rnd-359-42,SimultaneousRingPersonal,CallCenterPremium,True,Yes-PostRedirection,Success,Success,,always,2026-08-06
2026-08-26 12:53:26,1580,Taylor Brooks,Singapore,SIP_ENTERPRISE,ORIGINATING,+13125551004,+13125551002,Casey Rivera,Sam Chen,rnd-360-42,CallQueue,HuntGroup,True,Yes,Success,Success,,always,2026-08-26
2026-08-28 08:40:34,351,Riley Park,Dallas,SIP_ENTERPRISE,ORIGINATING,+13125551009,+13125551006,Marcus Webb,Riley Park,rnd-361-42,,AutomatedAttendantVideo,True,No,Success,Success,,,2026-08-28
2026-08-31 10:07:59,1744,Taylor Brooks,Dallas,SIP_ENTERPRISE,TERMINATING,+13125551003,+13125551009,Taylor Brooks,Marcus Webb,rnd-362-42,HuntGroup,User,True,Yes,Success,Success,,,2026-08-31
2026-08-20 23:33:05,332,Marcus Webb,London,SIP_ENTERPRISE,ORIGINATING,+13125551004,+13125551008,Casey Rivera,Priya Nair,rnd-363-42,CallQueue,User,True,No,Success,Success,,,2026-08-20
2026-08-28 23:48:52,221,Priya Nair,Singapore,SIP_INTERNATIONAL,TERMINATING,+13125551008,+155509970,Priya Nair,+155509970,rnd-364-42,SimultaneousRingPersonal,User,True,No,Success,Success,success,always-pause-resume,2026-08-28
2026-08-11 04:37:33,2313,Marcus Webb,Denver,SIP_INBOUND,TERMINATING,+155509994,+13125551009,+155509994,Marcus Webb,rnd-365-42,Deflection,User,True,No,Success,Success,,always,2026-08-11
2026-08-09 22:21:18,547,Casey Rivera,Denver,SIP_ENTERPRISE,ORIGINATING,+13125551001,+13125551003,Jordan Lee,Taylor Brooks,rnd-366-42,,User,True,Yes,Success,Success,,always-pause-resume,2026-08-09
2026-08-30 06:12:02,140,Sam Chen,Singapore,SIP_ENTERPRISE,TERMINATING,+13125551002,+13125551008,Sam Chen,Priya Nair,rnd-367-42,CallForwardBusy,HuntGroup,True,No,Success,Success,,,2026-08-30
2026-08-25 18:21:19,1087,Morgan Quinn,Chicago,SIP_ENTERPRISE,TERMINATING,+13125551006,+13125551008,Riley Park,Priya Nair,rnd-368-42,CallForwardBusy,CallCenterPremium,True,Yes-PostRedirection,Success,Success,,,2026-08-25
2026-08-18 02:12:44,53,Priya Nair,London,SIP_ENTERPRISE,ORIGINATING,+13125551005,+13125551009,Morgan Quinn,Marcus Webb,rnd-369-42,CallQueue,AutomatedAttendantVideo,True,Yes-PostRedirection,Success,Success,,always-pause-resume,2026-08-18
2026-09-04 15:24:02,1112,Casey Rivera,Denver,SIP_ENTERPRISE,ORIGINATING,+13125551006,+13125551008,Riley Park,Priya Nair,rnd-370-42,CallForwardBusy,AutomatedAttendantVideo,True,No,Success,Success,,,2026-09-04
2026-08-27 09:34:01,39,Priya Nair,Chicago,SIP_ENTERPRISE,ORIGINATING,+13125551001,+13125551008,Jordan Lee,Priya Nair,rnd-371-42,CallForwardNoAnswer,User,True,Yes,Success,Success,success,always,2026-08-27
2026-08-06 17:37:59,503,Marcus Webb,Dallas,SIP_ENTERPRISE,ORIGINATING,+13125551002,+13125551007,Sam Chen,Jamie Ortiz,rnd-372-42,CallQueue,HuntGroup,True,Yes,Success,Success,,always-pause-resume,2026-08-06
2026-08-15 03:09:32,1137,Jordan Lee,London,SIP_INBOUND,ORIGINATING,+155509930,+13125551001,+155509930,Jordan Lee,rnd-373-42,CallForwardNoAnswer,User,True,No,Success,Success,,always-pause-resume,2026-08-15
2026-08-16 07:29:42,1809,Casey Rivera,Dallas,SIP_ENTERPRISE,TERMINATING,+13125551006,+13125551002,Riley Park,Sam Chen,rnd-374-42,CallQueue,User,False,Yes-PostRedirection,Refusal,TemporarilyUnavailable,,always-pause-resume,2026-08-16
2026-08-12 18:28:46,428,Jamie Ortiz,Denver,SIP_INBOUND,ORIGINATING,+155509973,+13125551007,+155509973,Jamie Ortiz,rnd-375-42,Deflection,User,False,Yes-PostRedirection,Refusal,CallRejected,,always-pause-resume,2026-08-12
2026-08-14 06:13:43,20,Riley Park,Singapore,SIP_INBOUND,ORIGINATING,+155509918,+13125551006,+155509918,Riley Park,rnd-376-42,Deflection,CallCenterPremium,True,Yes-PostRedirection,Success,Success,,always-pause-resume,2026-08-14
2026-08-09 18:10:31,1245,Morgan Quinn,Denver,SIP_ENTERPRISE,TERMINATING,+13125551001,+13125551006,Jordan Lee,Riley Park,rnd-377-42,CallQueue,CallCenterPremium,True,No,Success,Success,,,2026-08-09
2026-08-12 07:07:17,1229,Riley Park,Dallas,SIP_INBOUND,TERMINATING,+155509920,+13125551006,+155509920,Riley Park,rnd-378-42,CallForwardBusy,User,True,Yes,Success,Success,,always,2026-08-12
2026-08-06 18:52:16,1597,Taylor Brooks,London,SIP_SHORTCODE,ORIGINATING,+13125551003,+155509912,Taylor Brooks,+155509912,rnd-379-42,HuntGroup,User,False,No,Refusal,TemporarilyUnavailable,,,2026-08-06
2026-08-07 07:51:14,2202,Priya Nair,London,SIP_ENTERPRISE,ORIGINATING,+13125551000,+13125551003,Alex Morgan,Taylor Brooks,rnd-380-42,,AutomatedAttendantVideo,True,Yes,Success,Success,,always,2026-08-07
2026-08-27 17:45:53,1263,Sam Chen,Chicago,SIP_ENTERPRISE,ORIGINATING,+13125551009,+13125551001,Marcus Webb,Jordan Lee,rnd-381-42,,AutomatedAttendantVideo,True,Yes-PostRedirection,Success,Success,,always,2026-08-27
2026-08-07 22:57:14,1333,Morgan Quinn,London,SIP_ENTERPRISE,ORIGINATING,+13125551005,+13125551003,Morgan Quinn,Taylor Brooks,rnd-382-42,HuntGroup,User,True,Yes,Success,Success,,always-pause-resume,2026-08-07
2026-08-10 09:04:48,680,Morgan Quinn,Singapore,SIP_ENTERPRISE,ORIGINATING,+13125551001,+13125551007,Jordan Lee,Jamie Ortiz,rnd-383-42,,User,True,Yes,Success,Success,success,always,2026-08-10
2026-08-11 13:28:59,1709,Marcus Webb,Denver,SIP_ENTERPRISE,TERMINATING,+13125551002,+13125551004,Sam Chen,Casey Rivera,rnd-384-42,,CallCenterPremium,True,Yes,Success,Success,,always,2026-08-11
2026-08-24 22:14:24,365,Sam Chen,London,SIP_ENTERPRISE,ORIGINATING,+13125551000,+13125551009,Alex Morgan,Marcus Webb,rnd-385-42,CallQueue,AutomatedAttendantVideo,True,Yes,Success,Success,,,2026-08-24
2026-08-17 05:15:16,903,Priya Nair,Singapore,SIP_NATIONAL,ORIGINATING,+13125551008,+155509924,Priya Nair,+155509924,rnd-386-42,,CallCenterPremium,True,Yes,Success,Success,,always,2026-08-17
2026-08-26 18:35:10,863,Morgan Quinn,Denver,SIP_ENTERPRISE,ORIGINATING,+13125551007,+13125551000,Jamie Ortiz,Alex Morgan,rnd-387-42,ConsultativeTransfer,User,True,Yes,Success,Success,,always-pause-resume,2026-08-26
2026-08-21 23:05:18,2379,Taylor Brooks,London,SIP_ENTERPRISE,TERMINATING,+13125551005,+13125551003,Morgan Quinn,Taylor Brooks,rnd-388-42,CallForwardBusy,User,True,Yes,Success,Success,,,2026-08-21
2026-08-18 18:58:15,1934,Taylor Brooks,Chicago,SIP_ENTERPRISE,TERMINATING,+13125551003,+13125551008,Taylor Brooks,Priya Nair,rnd-389-42,HuntGroup,User,True,No,Success,Success,,,2026-08-18
2026-08-12 00:27:04,1380,Casey Rivera,Dallas,SIP_ENTERPRISE,TERMINATING,+13125551002,+13125551001,Sam Chen,Jordan Lee,rnd-390-42,SimultaneousRingPersonal,User,True,No,Success,Success,success,always,2026-08-12
2026-09-02 11:29:17,2372,Marcus Webb,Dallas,SIP_INBOUND,TERMINATING,+155509937,+13125551009,+155509937,Marcus Webb,rnd-391-42,,User,True,Yes,Success,Success,success,,2026-09-02
2026-08-19 06:30:50,1783,Taylor Brooks,Denver,SIP_MOBILE,ORIGINATING,+13125551003,+155509963,Taylor Brooks,+155509963,rnd-392-42,Deflection,CallCenterPremium,True,Yes-PostRedirection,Success,Success,,,2026-08-19
2026-08-07 01:00:49,1858,Jamie Ortiz,Chicago,SIP_ENTERPRISE,TERMINATING,+13125551006,+13125551003,Riley Park,Taylor Brooks,rnd-393-42,CallForwardNoAnswer,User,True,Yes-PostRedirection,Success,Success,,always,2026-08-07
2026-08-06 11:51:07,2341,Sam Chen,London,SIP_INBOUND,TERMINATING,+155509933,+13125551002,+155509933,Sam Chen,rnd-394-42,,HuntGroup,True,Yes-PostRedirection,Success,Success,,always,2026-08-06
2026-09-01 16:07:28,138,Morgan Quinn,Singapore,SIP_ENTERPRISE,ORIGINATING,+13125551009,+13125551008,Marcus Webb,Priya Nair,rnd-395-42,CallQueue,AutomatedAttendantVideo,True,No,Success,Success,,,2026-09-01
2026-09-03 21:35:20,459,Morgan Quinn,Chicago,SIP_ENTERPRISE,ORIGINATING,+13125551005,+13125551002,Morgan Quinn,Sam Chen,rnd-396-42,CallForwardBusy,User,True,No,Success,Success,success,always,2026-09-03
2026-08-22 17:29:15,928,Marcus Webb,Dallas,SIP_INBOUND,ORIGINATING,+155509916,+13125551009,+155509916,Marcus Webb,rnd-397-42,HuntGroup,User,True,No,Success,Success,,always-pause-resume,2026-08-22
2026-08-21 13:04:43,2187,Jamie Ortiz,Singapore,SIP_NATIONAL,ORIGINATING,+13125551007,+155509968,Jamie Ortiz,+155509968,rnd-398-42,CallQueue,CallCenterPremium,True,Yes,Success,Success,,always-pause-resume,2026-08-21
2026-09-04 16:56:34,463,Sam Chen,Denver,SIP_ENTERPRISE,TERMINATING,+13125551008,+13125551000,Priya Nair,Alex Morgan,rnd-399-42,ConsultativeTransfer,CallCenterPremium,True,No,Success,Success,,always-pause-resume,2026-09-04
2026-08-19 18:13:54,262,Casey Rivera,Dallas,SIP_INBOUND,TERMINATING,+155509962,+13125551004,+155509962,Casey Rivera,rnd-400-42,HuntGroup,CallCenterPremium,False,Yes-PostRedirection,Refusal,CallRejected,,,2026-08-19
2026-08-27 14:27:59,1250,Jamie Ortiz,London,SIP_NATIONAL,TERMINATING,+13125551007,+155509971,Jamie Ortiz,+155509971,rnd-401-42,CallForwardNoAnswer,User,True,Yes,Success,Success,,always-pause-resume,2026-08-27
2026-08-14 19:34:48,723,Sam Chen,Singapore,SIP_INTERNATIONAL,ORIGINATING,+13125551002,+155509940,Sam Chen,+155509940,rnd-402-42,Deflection,User,True,Yes-PostRedirection,Success,Success,,always,2026-08-14
2026-08-19 16:01:16,147,Taylor Brooks,Singapore,SIP_ENTERPRISE,TERMINATING,+13125551007,+13125551009,Jamie Ortiz,Marcus Webb,rnd-403-42,CallQueue,User,True,No,Success,Success,,always-pause-resume,2026-08-19
2026-08-29 19:46:39,2242,Sam Chen,Chicago,SIP_INTERNATIONAL,ORIGINATING,+13125551002,+155509983,Sam Chen,+155509983,rnd-404-42,,User,True,Yes-PostRedirection,Success,Success,,always,2026-08-29
2026-08-28 16:20:25,483,Sam Chen,Singapore,SIP_MOBILE,TERMINATING,+13125551002,+155509921,Sam Chen,+155509921,rnd-405-42,Deflection,AutomatedAttendantVideo,True,Yes-PostRedirection,Success,Success,,always,2026-08-28
2026-08-24 02:04:22,97,Casey Rivera,Dallas,SIP_ENTERPRISE,ORIGINATING,+13125551001,+13125551009,Jordan Lee,Marcus Webb,rnd-406-42,,User,False,Yes-PostRedirection,Refusal,TemporarilyUnavailable,,,2026-08-24
2026-08-21 20:35:51,610,Morgan Quinn,London,SIP_ENTERPRISE,TERMINATING,+13125551000,+13125551005,Alex Morgan,Morgan Quinn,rnd-407-42,CallForwardNoAnswer,CallCenterPremium,True,Yes-PostRedirection,Success,Success,,always,2026-08-21
2026-08-12 16:28:37,1187,Riley Park,London,SIP_MOBILE,ORIGINATING,+13125551006,+155509985,Riley Park,+155509985,rnd-408-42,ConsultativeTransfer,User,True,No,Success,Success,,always-pause-resume,2026-08-12
2026-09-05 15:21:23,1544,Morgan Quinn,Chicago,SIP_ENTERPRISE,TERMINATING,+13125551006,+13125551002,Riley Park,Sam Chen,rnd-409-42,ConsultativeTransfer,User,False,Yes,Refusal,TemporarilyUnavailable,,always-pause-resume,2026-09-05
2026-08-14 23:21:38,1249,Casey Rivera,Singapore,SIP_ENTERPRISE,TERMINATING,+13125551000,+13125551003,Alex Morgan,Taylor Brooks,rnd-410-42,,User,True,Yes-PostRedirection,Success,Success,,,2026-08-14
2026-09-02 16:09:31,121,Jamie Ortiz,Dallas,SIP_ENTERPRISE,TERMINATING,+13125551001,+13125551006,Jordan Lee,Riley Park,rnd-411-42,SimultaneousRingPersonal,User,False,Yes-PostRedirection,Refusal,UnassignedNumber,,,2026-09-02
2026-08-20 18:10:27,2104,Jordan Lee,Denver,SIP_INBOUND,TERMINATING,+155509928,+13125551001,+155509928,Jordan Lee,rnd-412-42,,HuntGroup,True,Yes,Success,Success,,always-pause-resume,2026-08-20
2026-08-11 01:30:06,204,Riley Park,Denver,SIP_ENTERPRISE,ORIGINATING,+13125551008,+13125551003,Priya Nair,Taylor Brooks,rnd-413-42,CallQueue,AutomatedAttendantVideo,True,Yes,Success,Success,,,2026-08-11
2026-08-16 00:01:10,1489,Casey Rivera,Denver,SIP_ENTERPRISE,TERMINATING,+13125551000,+13125551003,Alex Morgan,Taylor Brooks,rnd-414-42,HuntGroup,CallCenterPremium,False,No,Refusal,TemporarilyUnavailable,,always-pause-resume,2026-08-16
2026-09-03 13:09:18,2066,Taylor Brooks,Dallas,SIP_ENTERPRISE,ORIGINATING,+13125551009,+13125551008,Marcus Webb,Priya Nair,rnd-415-42,SimultaneousRingPersonal,CallCenterPremium,True,Yes,Success,Success,,always,2026-09-03
2026-08-31 09:13:13,1281,Jamie Ortiz,Denver,SIP_MOBILE,ORIGINATING,+13125551007,+155509953,Jamie Ortiz,+155509953,rnd-416-42,CallForwardNoAnswer,User,True,Yes-PostRedirection,Success,Success,,always,2026-08-31
2026-08-12 21:26:03,1264,Sam Chen,Dallas,SIP_MOBILE,TERMINATING,+13125551002,+155509912,Sam Chen,+155509912,rnd-417-42,SimultaneousRingPersonal,User,True,Yes,Success,Success,success,always,2026-08-12
2026-08-07 00:23:52,1926,Marcus Webb,Chicago,SIP_INBOUND,ORIGINATING,+155509925,+13125551009,+155509925,Marcus Webb,rnd-418-42,CallForwardBusy,User,False,Yes-PostRedirection,Refusal,UnassignedNumber,success,always-pause-resume,2026-08-07
2026-08-06 21:46:07,1429,Casey Rivera,Singapore,SIP_ENTERPRISE,ORIGINATING,+13125551009,+13125551003,Marcus Webb,Taylor Brooks,rnd-419-42,CallQueue,AutomatedAttendantVideo,True,Yes,Success,Success,,,2026-08-06
2026-08-12 17:26:47,2205,Casey Rivera,Dallas,SIP_ENTERPRISE,ORIGINATING,+13125551008,+13125551007,Priya Nair,Jamie Ortiz,rnd-420-42,,HuntGroup,False,Yes,Refusal,CallRejected,,always,2026-08-12
2026-08-31 21:02:53,2111,Riley Park,Dallas,UNKNOWN,ORIGINATING,+13125551006,+155509924,Riley Park,+155509924,rnd-421-42,,User,True,Yes-PostRedirection,Success,Success,,always-pause-resume,2026-08-31
2026-08-23 06:30:22,478,Morgan Quinn,London,SIP_ENTERPRISE,TERMINATING,+13125551007,+13125551003,Jamie Ortiz,Taylor Brooks,rnd-422-42,CallForwardNoAnswer,CallCenterPremium,True,Yes,Success,Success,,always,2026-08-23
2026-09-02 17:41:50,57,Morgan Quinn,Dallas,SIP_NATIONAL,ORIGINATING,+13125551005,+155509994,Morgan Quinn,+155509994,rnd-423-42,CallQueue,User,True,No,Success,Success,success,always-pause-resume,2026-09-02
2026-08-27 13:06:27,820,Sam Chen,Chicago,SIP_INTERNATIONAL,TERMINATING,+13125551002,+155509964,Sam Chen,+155509964,rnd-424-42,CallForwardNoAnswer,HuntGroup,True,Yes-PostRedirection,Success,Success,,,2026-08-27
2026-08-14 11:05:30,1953,Riley Park,Denver,SIP_NATIONAL,TERMINATING,+13125551006,+155509928,Riley Park,+155509928,rnd-425-42,CallQueue,User,True,No,Success,Success,,always-pause-resume,2026-08-14
2026-08-21 09:58:18,412,Sam Chen,Chicago,SIP_INBOUND,TERMINATING,+155509958,+13125551002,+155509958,Sam Chen,rnd-426-42,ConsultativeTransfer,User,True,Yes-PostRedirection,Success,Success,,,2026-08-21
2026-08-08 23:40:19,1913,Priya Nair,London,SIP_ENTERPRISE,ORIGINATING,+13125551004,+13125551009,Casey Rivera,Marcus Webb,rnd-427-42,Deflection,CallCenterPremium,True,Yes,Success,Success,,always-pause-resume,2026-08-08
2026-08-19 22:53:09,152,Jamie Ortiz,London,SIP_MOBILE,TERMINATING,+13125551007,+155509972,Jamie Ortiz,+155509972,rnd-428-42,ConsultativeTransfer,User,False,Yes-PostRedirection,Refusal,CallRejected,,always-pause-resume,2026-08-19
2026-08-21 02:39:59,2214,Jamie Ortiz,Singapore,SIP_ENTERPRISE,TERMINATING,+13125551008,+13125551000,Priya Nair,Alex Morgan,rnd-429-42,,AutomatedAttendantVideo,True,No,Success,Success,,,2026-08-21
2026-08-26 23:18:24,256,Casey Rivera,Denver,SIP_NATIONAL,TERMINATING,+13125551004,+155509990,Casey Rivera,+155509990,rnd-430-42,SimultaneousRingPersonal,User,False,No,Refusal,CallRejected,,always-pause-resume,2026-08-26
2026-09-05 18:00:26,1019,Alex Morgan,Dallas,SIP_ENTERPRISE,TERMINATING,+13125551001,+13125551005,Jordan Lee,Morgan Quinn,rnd-431-42,ConsultativeTransfer,User,True,Yes-PostRedirection,Success,Success,success,always-pause-resume,2026-09-05
2026-08-07 03:48:32,2113,Riley Park,Singapore,SIP_INBOUND,TERMINATING,+155509950,+13125551006,+155509950,Riley Park,rnd-432-42,SimultaneousRingPersonal,User,True,Yes-PostRedirection,Success,Success,,always,2026-08-07
2026-08-31 01:23:41,2039,Taylor Brooks,Denver,SIP_ENTERPRISE,TERMINATING,+13125551009,+13125551004,Marcus Webb,Casey Rivera,rnd-433-42,CallForwardBusy,CallCenterPremium,True,Yes-PostRedirection,Success,Success,,always,2026-08-31
2026-09-01 01:14:35,199,Casey Rivera,Denver,SIP_ENTERPRISE,ORIGINATING,+13125551009,+13125551001,Marcus Webb,Jordan Lee,rnd-434-42,HuntGroup,User,True,Yes,Success,Success,,,2026-09-01
2026-08-30 20:04:55,319,Taylor Brooks,Denver,SIP_ENTERPRISE,ORIGINATING,+13125551006,+13125551009,Riley Park,Marcus Webb,rnd-435-42,SimultaneousRingPersonal,CallCenterPremium,True,No,Success,Success,,,2026-08-30
2026-08-21 23:26:04,81,Priya Nair,Dallas,SIP_INBOUND,TERMINATING,+155509994,+13125551008,+155509994,Priya Nair,rnd-436-42,CallForwardNoAnswer,HuntGroup,True,Yes-PostRedirection,Success,Success,,,2026-08-21
2026-09-01 10:27:51,2144,Marcus Webb,Chicago,SIP_MOBILE,TERMINATING,+13125551009,+155509962,Marcus Webb,+155509962,rnd-437-42,CallQueue,HuntGroup,True,Yes,Success,Success,,always-pause-resume,2026-09-01
2026-08-14 06:35:58,972,Sam Chen,Denver,SIP_ENTERPRISE,TERMINATING,+13125551003,+13125551005,Taylor Brooks,Morgan Quinn,rnd-438-42,SimultaneousRingPersonal,CallCenterPremium,True,Yes-PostRedirection,Success,Success,,always,2026-08-14
2026-08-12 06:16:51,1142,Alex Morgan,Denver,SIP_ENTERPRISE,ORIGINATING,+13125551007,+13125551000,Jamie Ortiz,Alex Morgan,rnd-439-42,HuntGroup,AutomatedAttendantVideo,True,No,Success,Success,,always,2026-08-12
2026-09-02 22:01:39,1630,Morgan Quinn,Chicago,SIP_ENTERPRISE,TERMINATING,+13125551001,+13125551009,Jordan Lee,Marcus Webb,rnd-440-42,,User,True,Yes,Success,Success,,,2026-09-02
2026-08-09 18:58:26,1602,Morgan Quinn,Singapore,SIP_NATIONAL,ORIGINATING,+13125551005,+155509923,Morgan Quinn,+155509923,rnd-441-42,CallForwardBusy,User,True,No,Success,Success,,always-pause-resume,2026-08-09
2026-08-13 21:12:12,1539,Jamie Ortiz,Singapore,SIP_INBOUND,ORIGINATING,+155509945,+13125551007,+155509945,Jamie Ortiz,rnd-442-42,HuntGroup,CallCenterPremium,True,Yes-PostRedirection,Success,Success,,always-pause-resume,2026-08-13
2026-08-31 11:05:44,228,Marcus Webb,Chicago,SIP_ENTERPRISE,TERMINATING,+13125551008,+13125551006,Priya Nair,Riley Park,rnd-443-42,CallQueue,AutomatedAttendantVideo,True,Yes,Success,Success,,always-pause-resume,2026-08-31
2026-08-18 01:01:20,1237,Riley Park,Denver,SIP_MOBILE,TERMINATING,+13125551006,+155509966,Riley Park,+155509966,rnd-444-42,SimultaneousRingPersonal,User,False,No,Refusal,TemporarilyUnavailable,,always,2026-08-18
2026-08-31 12:27:32,416,Riley Park,Denver,SIP_INTERNATIONAL,TERMINATING,+13125551006,+155509987,Riley Park,+155509987,rnd-445-42,,HuntGroup,True,Yes,Success,Success,,always,2026-08-31
2026-08-25 21:10:52,17,Jamie Ortiz,Dallas,SIP_ENTERPRISE,ORIGINATING,+13125551001,+13125551002,Jordan Lee,Sam Chen,rnd-446-42,ConsultativeTransfer,AutomatedAttendantVideo,True,Yes-PostRedirection,Success,Success,,always-pause-resume,2026-08-25
2026-08-30 13:43:33,1072,Jamie Ortiz,Dallas,SIP_ENTERPRISE,TERMINATING,+13125551004,+13125551003,Casey Rivera,Taylor Brooks,rnd-447-42,HuntGroup,User,True,No,Success,Success,,always-pause-resume,2026-08-30
2026-09-04 06:53:57,99,Taylor Brooks,Chicago,SIP_MOBILE,TERMINATING,+13125551003,+155509935,Taylor Brooks,+155509935,rnd-448-42,ConsultativeTransfer,User,True,No,Success,Success,,,2026-09-04
2026-08-19 07:06:14,701,Jordan Lee,Denver,SIP_ENTERPRISE,TERMINATING,+13125551006,+13125551008,Riley Park,Priya Nair,rnd-449-42,CallQueue,User,True,Yes-PostRedirection,Success,Success,,always,2026-08-19
2026-08-11 21:45:53,2029,Casey Rivera,Denver,SIP_MOBILE,ORIGINATING,+13125551004,+155509996,Casey Rivera,+155509996,rnd-450-42,SimultaneousRingPersonal,User,True,No,Success,Success,,always,2026-08-11
2026-08-06 21:24:25,1881,Jamie Ortiz,Dallas,SIP_INTERNATIONAL,TERMINATING,+13125551007,+155509959,Jamie Ortiz,+155509959,rnd-451-42,CallForwardNoAnswer,User,False,Yes,Refusal,TemporarilyUnavailable,,,2026-08-06
2026-08-07 19:42:42,1456,Taylor Brooks,London,SIP_ENTERPRISE,TERMINATING,+13125551009,+13125551000,Marcus Webb,Alex Morgan,rnd-452-42,SimultaneousRingPersonal,User,True,No,Success,Success,,,2026-08-07
2026-08-17 11:57:01,2068,Marcus Webb,Dallas,SIP_INTERNATIONAL,TERMINATING,+13125551009,+155509977,Marcus Webb,+155509977,rnd-453-42,ConsultativeTransfer,User,True,Yes,Success,Success,,always-pause-resume,2026-08-17
2026-08-07 08:51:23,1766,Casey Rivera,Denver,SIP_ENTERPRISE,TERMINATING,+13125551004,+13125551009,Casey Rivera,Marcus Webb,rnd-454-42,ConsultativeTransfer,User,True,Yes-PostRedirection,Success,Success,,always-pause-resume,2026-08-07
2026-08-29 16:10:28,778,Jamie Ortiz,Chicago,SIP_ENTERPRISE,TERMINATING,+13125551004,+13125551002,Casey Rivera,Sam Chen,rnd-455-42,CallQueue,CallCenterPremium,True,Yes,Success,Success,success,always-pause-resume,2026-08-29
2026-08-17 01:15:03,2024,Jamie Ortiz,London,SIP_INBOUND,TERMINATING,+155509936,+13125551007,+155509936,Jamie Ortiz,rnd-456-42,ConsultativeTransfer,User,False,Yes-PostRedirection,Refusal,UnassignedNumber,,,2026-08-17
2026-08-31 11:59:36,2395,Marcus Webb,Dallas,SIP_INBOUND,ORIGINATING,+155509919,+13125551009,+155509919,Marcus Webb,rnd-457-42,,HuntGroup,True,Yes,Success,Success,,always-pause-resume,2026-08-31
2026-08-06 19:18:57,1535,Jordan Lee,London,SIP_INBOUND,TERMINATING,+155509920,+13125551001,+155509920,Jordan Lee,rnd-458-42,,CallCenterPremium,True,Yes-PostRedirection,Success,Success,,always-pause-resume,2026-08-06
2026-08-24 10:05:16,1860,Alex Morgan,Singapore,SIP_ENTERPRISE,ORIGINATING,+13125551009,+13125551002,Marcus Webb,Sam Chen,rnd-459-42,CallForwardNoAnswer,User,True,Yes,Success,Success,,,2026-08-24
2026-08-08 04:37:07,1638,Riley Park,Denver,SIP_INTERNATIONAL,ORIGINATING,+13125551006,+155509992,Riley Park,+155509992,rnd-460-42,CallQueue,User,False,No,Refusal,TemporarilyUnavailable,,always-pause-resume,2026-08-08
2026-08-28 19:30:05,1475,Marcus Webb,Dallas,SIP_MOBILE,TERMINATING,+13125551009,+155509959,Marcus Webb,+155509959,rnd-461-42,CallForwardNoAnswer,AutomatedAttendantVideo,True,Yes-PostRedirection,Success,Success,,always-pause-resume,2026-08-28
2026-08-08 19:07:31,768,Morgan Quinn,Singapore,SIP_ENTERPRISE,ORIGINATING,+13125551005,+13125551008,Morgan Quinn,Priya Nair,rnd-462-42,ConsultativeTransfer,CallCenterPremium,True,Yes-PostRedirection,Success,Success,success,,2026-08-08
2026-08-26 01:32:08,329,Jamie Ortiz,London,SIP_ENTERPRISE,TERMINATING,+13125551002,+13125551005,Sam Chen,Morgan Quinn,rnd-463-42,CallForwardNoAnswer,AutomatedAttendantVideo,True,Yes,Success,Success,,,2026-08-26
2026-08-08 08:56:24,1745,Jordan Lee,Singapore,SIP_ENTERPRISE,ORIGINATING,+13125551004,+13125551006,Casey Rivera,Riley Park,rnd-464-42,Deflection,User,True,Yes-PostRedirection,Success,Success,,,2026-08-08
2026-08-20 08:22:54,346,Riley Park,Chicago,SIP_NATIONAL,TERMINATING,+13125551006,+155509989,Riley Park,+155509989,rnd-465-42,HuntGroup,User,True,Yes,Success,Success,,always,2026-08-20
2026-08-08 10:11:45,1781,Casey Rivera,Chicago,UNKNOWN,TERMINATING,+13125551004,+155509968,Casey Rivera,+155509968,rnd-466-42,,User,True,Yes-PostRedirection,Success,Success,success,,2026-08-08
2026-08-17 04:22:55,363,Riley Park,Denver,SIP_INBOUND,ORIGINATING,+155509913,+13125551006,+155509913,Riley Park,rnd-467-42,,HuntGroup,True,Yes,Success,Success,success,,2026-08-17
2026-08-13 11:53:04,357,Priya Nair,Dallas,SIP_NATIONAL,ORIGINATING,+13125551008,+155509931,Priya Nair,+155509931,rnd-468-42,,CallCenterPremium,True,No,Success,Success,,always,2026-08-13
2026-09-01 15:41:18,2337,Taylor Brooks,Denver,SIP_INBOUND,TERMINATING,+155509963,+13125551003,+155509963,Taylor Brooks,rnd-469-42,CallForwardNoAnswer,User,True,No,Success,Success,,always-pause-resume,2026-09-01
2026-08-21 01:39:32,954,Marcus Webb,London,SIP_INBOUND,TERMINATING,+155509918,+13125551009,+155509918,Marcus Webb,rnd-470-42,SimultaneousRingPersonal,CallCenterPremium,True,Yes,Success,Success,,always-pause-resume,2026-08-21
2026-08-25 07:17:10,90,Jamie Ortiz,London,SIP_INBOUND,ORIGINATING,+155509974,+13125551007,+155509974,Jamie Ortiz,rnd-471-42,HuntGroup,AutomatedAttendantVideo,True,Yes-PostRedirection,Success,Success,,,2026-08-25
2026-08-20 12:32:22,1480,Riley Park,London,SIP_MOBILE,ORIGINATING,+13125551006,+155509946,Riley Park,+155509946,rnd-472-42,,User,True,Yes,Success,Success,,always,2026-08-20
2026-08-10 20:17:51,1248,Riley Park,London,SIP_ENTERPRISE,ORIGINATING,+13125551005,+13125551004,Morgan Quinn,Casey Rivera,rnd-473-42,ConsultativeTransfer,AutomatedAttendantVideo,True,Yes,Success,Success,,always,2026-08-10
2026-08-16 11:16:28,2306,Taylor Brooks,Chicago,SIP_ENTERPRISE,TERMINATING,+13125551005,+13125551000,Morgan Quinn,Alex Morgan,rnd-474-42,ConsultativeTransfer,HuntGroup,True,Yes-PostRedirection,Success,Success,,,2026-08-16
2026-08-26 18:05:51,459,Jamie Ortiz,London,SIP_INBOUND,ORIGINATING,+155509915,+13125551007,+155509915,Jamie Ortiz,rnd-475-42,ConsultativeTransfer,HuntGroup,True,Yes,Success,Success,,always,2026-08-26
2026-09-03 05:46:24,2077,Casey Rivera,London,SIP_ENTERPRISE,ORIGINATING,+13125551005,+13125551006,Morgan Quinn,Riley Park,rnd-476-42,CallForwardBusy,CallCenterPremium,True,No,Success,Success,,always,2026-09-03
2026-08-13 14:30:54,2073,Morgan Quinn,Denver,SIP_NATIONAL,ORIGINATING,+13125551005,+155509990,Morgan Quinn,+155509990,rnd-477-42,ConsultativeTransfer,AutomatedAttendantVideo,True,No,Success,Success,,always,2026-08-13
2026-08-10 06:40:04,2119,Riley Park,London,SIP_ENTERPRISE,ORIGINATING,+13125551002,+13125551000,Sam Chen,Alex Morgan,rnd-478-42,CallQueue,User,True,No,Success,Success,success,always-pause-resume,2026-08-10
2026-09-05 10:34:01,156,Alex Morgan,London,SIP_ENTERPRISE,TERMINATING,+13125551000,+13125551009,Alex Morgan,Marcus Webb,rnd-479-42,SimultaneousRingPersonal,HuntGroup,True,Yes-PostRedirection,Success,Success,,,2026-09-05
2026-09-02 01:55:06,37,Morgan Quinn,Denver,SIP_INBOUND,ORIGINATING,+155509967,+13125551005,+155509967,Morgan Quinn,rnd-480-42,,HuntGroup,True,No,Success,Success,,,2026-09-02
2026-08-18 12:57:08,156,Casey Rivera,Chicago,SIP_ENTERPRISE,TERMINATING,+13125551002,+13125551009,Sam Chen,Marcus Webb,rnd-481-42,CallForwardBusy,User,True,Yes-PostRedirection,Success,Success,,,2026-08-18
2026-08-15 16:18:56,119,Sam Chen,Chicago,SIP_ENTERPRISE,ORIGINATING,+13125551004,+13125551007,Casey Rivera,Jamie Ortiz,rnd-482-42,Deflection,User,True,No,Success,Success,,,2026-08-15
2026-08-21 17:34:46,1225,Jordan Lee,London,SIP_ENTERPRISE,ORIGINATING,+13125551003,+13125551009,Taylor Brooks,Marcus Webb,rnd-483-42,HuntGroup,User,True,No,Success,Success,,,2026-08-21
2026-08-30 07:52:59,2133,Sam Chen,London,SIP_INBOUND,ORIGINATING,+155509968,+13125551002,+155509968,Sam Chen,rnd-484-42,ConsultativeTransfer,HuntGroup,True,No,Success,Success,,always-pause-resume,2026-08-30
2026-08-08 12:58:07,884,Sam Chen,London,SIP_ENTERPRISE,TERMINATING,+13125551009,+13125551008,Marcus Webb,Priya Nair,rnd-485-42,CallForwardNoAnswer,AutomatedAttendantVideo,True,No,Success,Success,,,2026-08-08
2026-08-19 03:01:34,672,Jamie Ortiz,London,SIP_ENTERPRISE,ORIGINATING,+13125551002,+13125551009,Sam Chen,Marcus Webb,rnd-486-42,CallForwardBusy,CallCenterPremium,True,No,Success,Success,,always,2026-08-19
2026-08-29 03:23:35,456,Jordan Lee,Singapore,SIP_INTERNATIONAL,TERMINATING,+13125551001,+155509957,Jordan Lee,+155509957,rnd-487-42,HuntGroup,User,True,No,Success,Success,success,always-pause-resume,2026-08-29
2026-08-06 20:48:55,204,Marcus Webb,London,SIP_ENTERPRISE,ORIGINATING,+13125551002,+13125551008,Sam Chen,Priya Nair,rnd-488-42,HuntGroup,User,True,Yes,Success,Success,,always-pause-resume,2026-08-06
2026-08-20 21:59:42,1550,Jamie Ortiz,Denver,SIP_ENTERPRISE,TERMINATING,+13125551002,+13125551009,Sam Chen,Marcus Webb,rnd-489-42,,HuntGroup,True,No,Success,Success,,always,2026-08-20
2026-09-01 20:33:39,1682,Marcus Webb,Singapore,SIP_ENTERPRISE,ORIGINATING,+13125551000,+13125551008,Alex Morgan,Priya Nair,rnd-490-42,ConsultativeTransfer,HuntGroup,True,Yes,Success,Success,,,2026-09-01
2026-08-25 12:48:04,512,Casey Rivera,Singapore,SIP_NATIONAL,ORIGINATING,+13125551004,+155509982,Casey Rivera,+155509982,rnd-491-42,,AutomatedAttendantVideo,True,Yes,Success,Success,,always,2026-08-25
2026-08-26 09:44:28,847,Alex Morgan,Denver,SIP_ENTERPRISE,TERMINATING,+13125551007,+13125551001,Jamie Ortiz,Jordan Lee,rnd-492-42,SimultaneousRingPersonal,AutomatedAttendantVideo,True,Yes,Success,Success,,always-pause-resume,2026-08-26
2026-09-01 17:18:32,1704,Riley Park,Dallas,SIP_ENTERPRISE,ORIGINATING,+13125551001,+13125551002,Jordan Lee,Sam Chen,rnd-493-42,CallForwardNoAnswer,User,False,Yes,Refusal,CallRejected,,always-pause-resume,2026-09-01
2026-08-29 19:37:07,246,Riley Park,Dallas,SIP_ENTERPRISE,ORIGINATING,+13125551000,+13125551005,Alex Morgan,Morgan Quinn,rnd-494-42,HuntGroup,User,True,No,Success,Success,success,always-pause-resume,2026-08-29
2026-08-13 23:54:11,973,Alex Morgan,Dallas,SIP_INTERNATIONAL,TERMINATING,+13125551000,+155509917,Alex Morgan,+155509917,rnd-495-42,,AutomatedAttendantVideo,True,No,Success,Success,,always,2026-08-13
2026-08-21 00:13:24,1107,Taylor Brooks,Chicago,SIP_ENTERPRISE,TERMINATING,+13125551008,+13125551002,Priya Nair,Sam Chen,rnd-496-42,,User,True,Yes-PostRedirection,Success,Success,success,,2026-08-21
2026-08-12 07:22:18,1740,Sam Chen,Dallas,SIP_INTERNATIONAL,ORIGINATING,+13125551002,+155509993,Sam Chen,+155509993,rnd-497-42,Deflection,User,True,No,Success,Success,success,always-pause-resume,2026-08-12
2026-08-24 12:48:48,876,Riley Park,Denver,SIP_NATIONAL,ORIGINATING,+13125551006,+155509948,Riley Park,+155509948,rnd-498-42,SimultaneousRingPersonal,HuntGroup,True,Yes,Success,Success,success,always,2026-08-24
2026-08-28 11:27:17,2072,Riley Park,Dallas,SIP_SHORTCODE,TERMINATING,+13125551006,+155509967,Riley Park,+155509967,rnd-499-42,CallForwardBusy,HuntGroup,True,No,Success,Success,,always-pause-resume,2026-08-28
2026-08-12 12:42:15,22,Sam Chen,Chicago,SIP_INTERNATIONAL,ORIGINATING,+13125551002,+155509978,Sam Chen,+155509978,rnd-500-42,CallQueue,AutomatedAttendantVideo,True,Yes,Success,Success,,,2026-08-12
2026-08-19 19:12:41,1471,Riley Park,Singapore,SIP_ENTERPRISE,TERMINATING,+13125551000,+13125551002,Alex Morgan,Sam Chen,rnd-501-42,CallForwardBusy,CallCenterPremium,True,Yes,Success,Success,,always,2026-08-19
2026-08-29 00:53:58,373,Morgan Quinn,Dallas,SIP_NATIONAL,TERMINATING,+13125551005,+155509973,Morgan Quinn,+155509973,rnd-502-42,Deflection,User,True,No,Success,Success,,,2026-08-29
2026-08-27 21:59:03,459,Taylor Brooks,London,SIP_ENTERPRISE,ORIGINATING,+13125551008,+13125551003,Priya Nair,Taylor Brooks,rnd-503-42,CallQueue,AutomatedAttendantVideo,True,Yes,Success,Success,,,2026-08-27
2026-08-08 00:23:48,2147,Marcus Webb,Dallas,SIP_ENTERPRISE,TERMINATING,+13125551000,+13125551009,Alex Morgan,Marcus Webb,rnd-504-42,,User,True,No,Success,Success,,,2026-08-08
2026-08-26 20:47:10,1671,Morgan Quinn,London,SIP_INBOUND,ORIGINATING,+155509915,+13125551005,+155509915,Morgan Quinn,rnd-505-42,Deflection,User,True,No,Success,Success,,,2026-08-26
2026-08-19 21:57:10,340,Taylor Brooks,Denver,SIP_ENTERPRISE,ORIGINATING,+13125551003,+13125551007,Taylor Brooks,Jamie Ortiz,rnd-506-42,CallForwardBusy,User,True,No,Success,Success,,always-pause-resume,2026-08-19
2026-08-07 22:45:21,1774,Alex Morgan,London,SIP_INBOUND,ORIGINATING,+155509941,+13125551000,+155509941,Alex Morgan,rnd-507-42,,User,True,No,Success,Success,,always,2026-08-07
2026-08-31 11:17:43,1801,Taylor Brooks,Chicago,SIP_ENTERPRISE,TERMINATING,+13125551001,+13125551000,Jordan Lee,Alex Morgan,rnd-508-42,HuntGroup,HuntGroup,True,Yes,Success,Success,,always,2026-08-31
2026-08-07 22:07:46,1773,Alex Morgan,Denver,SIP_NATIONAL,ORIGINATING,+13125551000,+155509961,Alex Morgan,+155509961,rnd-509-42,SimultaneousRingPersonal,User,False,Yes-PostRedirection,Refusal,TemporarilyUnavailable,,,2026-08-07
2026-08-25 08:15:43,419,Jamie Ortiz,London,SIP_ENTERPRISE,ORIGINATING,+13125551007,+13125551009,Jamie Ortiz,Marcus Webb,rnd-510-42,CallQueue,User,True,Yes,Success,Success,,,2026-08-25
2026-08-28 02:41:41,521,Taylor Brooks,Singapore,SIP_INBOUND,ORIGINATING,+155509933,+13125551003,+155509933,Taylor Brooks,rnd-511-42,ConsultativeTransfer,User,True,Yes,Success,Success,,always,2026-08-28
2026-08-15 15:52:48,2395,Morgan Quinn,Denver,SIP_ENTERPRISE,TERMINATING,+13125551004,+13125551006,Casey Rivera,Riley Park,rnd-512-42,Deflection,AutomatedAttendantVideo,True,Yes-PostRedirection,Success,Success,,,2026-08-15
2026-08-27 00:39:19,228,Priya Nair,Singapore,SIP_ENTERPRISE,ORIGINATING,+13125551003,+13125551001,Taylor Brooks,Jordan Lee,rnd-513-42,,HuntGroup,True,Yes-PostRedirection,Success,Success,,always-pause-resume,2026-08-27
2026-08-24 14:13:23,1379,Marcus Webb,Singapore,SIP_ENTERPRISE,ORIGINATING,+13125551007,+13125551000,Jamie Ortiz,Alex Morgan,rnd-514-42,Deflection,HuntGroup,True,Yes,Success,Success,,,2026-08-24
2026-08-13 03:19:25,1362,Taylor Brooks,London,SIP_INBOUND,ORIGINATING,+155509911,+13125551003,+155509911,Taylor Brooks,rnd-515-42,HuntGroup,User,True,Yes-PostRedirection,Success,Success,,always,2026-08-13
2026-08-10 09:56:49,184,Marcus Webb,Denver,SIP_ENTERPRISE,TERMINATING,+13125551003,+13125551005,Taylor Brooks,Morgan Quinn,rnd-516-42,CallForwardBusy,User,True,Yes,Success,Success,,always,2026-08-10
2026-08-11 11:00:05,567,Jordan Lee,Chicago,SIP_ENTERPRISE,ORIGINATING,+13125551003,+13125551005,Taylor Brooks,Morgan Quinn,rnd-517-42,HuntGroup,User,True,Yes-PostRedirection,Success,Success,success,always,2026-08-11
2026-09-04 04:13:27,0,Riley Park,Chicago,SIP_INTERNATIONAL,TERMINATING,+13125551006,+155509998,Riley Park,+155509998,rnd-518-42,HuntGroup,AutomatedAttendantVideo,True,No,Success,Success,,,2026-09-04
2026-08-13 13:56:41,779,Marcus Webb,Singapore,SIP_ENTERPRISE,TERMINATING,+13125551003,+13125551000,Taylor Brooks,Alex Morgan,rnd-519-42,ConsultativeTransfer,AutomatedAttendantVideo,True,Yes-PostRedirection,Success,Success,,always-pause-resume,2026-08-13
2026-08-12 11:40:21,270,Jamie Ortiz,Singapore,SIP_ENTERPRISE,TERMINATING,+13125551008,+13125551005,Priya Nair,Morgan Quinn,rnd-520-42,ConsultativeTransfer,User,True,Yes-PostRedirection,Success,Success,,always-pause-resume,2026-08-12
2026-08-22 06:57:14,1104,Jamie Ortiz,London,SIP_ENTERPRISE,ORIGINATING,+13125551000,+13125551004,Alex Morgan,Casey Rivera,rnd-521-42,,User,True,No,Success,Success,,always,2026-08-22
2026-08-15 11:39:47,1537,Marcus Webb,Dallas,SIP_MOBILE,TERMINATING,+13125551009,+155509976,Marcus Webb,+155509976,rnd-522-42,CallForwardBusy,AutomatedAttendantVideo,True,Yes,Success,Success,,always-pause-resume,2026-08-15
2026-08-21 21:07:22,1776,Jamie Ortiz,London,SIP_ENTERPRISE,TERMINATING,+13125551006,+13125551000,Riley Park,Alex Morgan,rnd-523-42,CallForwardBusy,User,True,Yes-PostRedirection,Success,Success,,always,2026-08-21
2026-08-17 03:09:54,2244,Priya Nair,Singapore,SIP_ENTERPRISE,TERMINATING,+13125551001,+13125551002,Jordan Lee,Sam Chen,rnd-524-42,Deflection,AutomatedAttendantVideo,True,Yes,Success,Success,,always-pause-resume,2026-08-17
2026-08-12 02:18:17,785,Casey Rivera,Denver,SIP_ENTERPRISE,TERMINATING,+13125551008,+13125551004,Priya Nair,Casey Rivera,rnd-525-42,CallForwardNoAnswer,User,True,No,Success,Success,,always-pause-resume,2026-08-12
2026-08-31 11:27:53,2104,Alex Morgan,London,SIP_NATIONAL,TERMINATING,+13125551000,+155509936,Alex Morgan,+155509936,rnd-526-42,CallForwardBusy,AutomatedAttendantVideo,True,Yes-PostRedirection,Success,Success,,,2026-08-31
2026-08-29 11:40:12,356,Jamie Ortiz,Denver,SIP_INBOUND,TERMINATING,+155509966,+13125551007,+155509966,Jamie Ortiz,rnd-527-42,Deflection,User,True,Yes,Success,Success,,,2026-08-29
2026-09-02 02:04:12,1457,Alex Morgan,London,SIP_ENTERPRISE,TERMINATING,+13125551006,+13125551009,Riley Park,Marcus Webb,rnd-528-42,Deflection,AutomatedAttendantVideo,True,Yes,Success,Success,,always,2026-09-02
2026-08-10 18:20:46,1606,Marcus Webb,Singapore,SIP_INTERNATIONAL,TERMINATING,+13125551009,+155509934,Marcus Webb,+155509934,rnd-529-42,CallQueue,User,True,Yes-PostRedirection,Success,Success,,always-pause-resume,2026-08-10
2026-08-25 19:25:06,2269,Sam Chen,Chicago,SIP_ENTERPRISE,ORIGINATING,+13125551000,+13125551003,Alex Morgan,Taylor Brooks,rnd-530-42,SimultaneousRingPersonal,User,True,Yes,Success,Success,,always,2026-08-25
2026-08-15 00:34:57,1514,Jamie Ortiz,Chicago,SIP_ENTERPRISE,ORIGINATING,+13125551006,+13125551007,Riley Park,Jamie Ortiz,rnd-531-42,ConsultativeTransfer,AutomatedAttendantVideo,True,No,Success,Success,,always-pause-resume,2026-08-15
2026-08-29 00:53:53,847,Taylor Brooks,Dallas,SIP_ENTERPRISE,ORIGINATING,+13125551002,+13125551005,Sam Chen,Morgan Quinn,rnd-532-42,,User,True,Yes,Success,Success,,always,2026-08-29
2026-09-05 17:22:02,1016,Riley Park,Singapore,SIP_ENTERPRISE,ORIGINATING,+13125551007,+13125551008,Jamie Ortiz,Priya Nair,rnd-533-42,CallQueue,User,True,Yes-PostRedirection,Success,Success,,always-pause-resume,2026-09-05
2026-08-16 18:00:20,722,Casey Rivera,London,SIP_NATIONAL,ORIGINATING,+13125551004,+155509959,Casey Rivera,+155509959,rnd-534-42,CallQueue,CallCenterPremium,True,Yes-PostRedirection,Success,Success,,always,2026-08-16
2026-08-13 10:19:59,1200,Casey Rivera,Singapore,SIP_MOBILE,ORIGINATING,+13125551004,+155509962,Casey Rivera,+155509962,rnd-535-42,HuntGroup,User,True,Yes,Success,Success,,,2026-08-13
2026-08-29 18:18:18,1040,Jamie Ortiz,Dallas,SIP_ENTERPRISE,TERMINATING,+13125551007,+13125551006,Jamie Ortiz,Riley Park,rnd-536-42,CallForwardBusy,CallCenterPremium,True,Yes,Success,Success,success,always,2026-08-29
2026-08-13 18:27:02,1906,Sam Chen,Denver,SIP_INBOUND,TERMINATING,+155509927,+13125551002,+155509927,Sam Chen,rnd-537-42,CallForwardNoAnswer,User,True,Yes,Success,Success,,always,2026-08-13
2026-08-24 19:35:58,1605,Jordan Lee,Singapore,SIP_ENTERPRISE,TERMINATING,+13125551004,+13125551002,Casey Rivera,Sam Chen,rnd-538-42,ConsultativeTransfer,User,True,Yes-PostRedirection,Success,Success,success,always,2026-08-24
2026-09-02 16:09:34,2146,Jamie Ortiz,Chicago,SIP_ENTERPRISE,ORIGINATING,+13125551006,+13125551004,Riley Park,Casey Rivera,rnd-539-42,Deflection,User,True,No,Success,Success,,always,2026-09-02
2026-09-03 19:02:32,379,Taylor Brooks,Dallas,SIP_ENTERPRISE,ORIGINATING,+13125551003,+13125551001,Taylor Brooks,Jordan Lee,rnd-540-42,ConsultativeTransfer,HuntGroup,False,Yes,Refusal,CallRejected,success,always,2026-09-03
2026-08-18 21:15:57,2307,Morgan Quinn,Denver,SIP_ENTERPRISE,ORIGINATING,+13125551006,+13125551007,Riley Park,Jamie Ortiz,rnd-541-42,CallForwardBusy,User,True,No,Success,Success,,always-pause-resume,2026-08-18
2026-08-11 09:10:27,1599,Morgan Quinn,Chicago,SIP_ENTERPRISE,ORIGINATING,+13125551004,+13125551006,Casey Rivera,Riley Park,rnd-542-42,CallForwardBusy,CallCenterPremium,True,No,Success,Success,,,2026-08-11
2026-08-21 11:41:04,707,Priya Nair,Singapore,SIP_SHORTCODE,ORIGINATING,+13125551008,+155509952,Priya Nair,+155509952,rnd-543-42,HuntGroup,HuntGroup,True,No,Success,Success,,always,2026-08-21
2026-08-16 09:19:05,1571,Marcus Webb,London,SIP_INBOUND,ORIGINATING,+155509912,+13125551009,+155509912,Marcus Webb,rnd-544-42,CallForwardNoAnswer,User,True,Yes-PostRedirection,Success,Success,,always-pause-resume,2026-08-16
2026-08-29 11:23:26,1539,Alex Morgan,Dallas,SIP_INBOUND,TERMINATING,+155509986,+13125551000,+155509986,Alex Morgan,rnd-545-42,HuntGroup,User,True,No,Success,Success,,always-pause-resume,2026-08-29
2026-08-25 22:50:23,1186,Priya Nair,London,SIP_NATIONAL,ORIGINATING,+13125551008,+155509936,Priya Nair,+155509936,rnd-546-42,CallForwardBusy,HuntGroup,True,Yes-PostRedirection,Success,Success,,,2026-08-25
2026-08-12 21:29:54,756,Priya Nair,Denver,SIP_MOBILE,ORIGINATING,+13125551008,+155509916,Priya Nair,+155509916,rnd-547-42,CallForwardBusy,User,True,Yes,Success,Success,,always,2026-08-12
2026-08-24 08:55:01,2083,Taylor Brooks,Dallas,SIP_NATIONAL,ORIGINATING,+13125551003,+155509964,Taylor Brooks,+155509964,rnd-548-42,CallForwardBusy,User,False,No,Refusal,TemporarilyUnavailable,,,2026-08-24
2026-08-19 21:30:49,332,Casey Rivera,London,SIP_INBOUND,TERMINATING,+155509964,+13125551004,+155509964,Casey Rivera,rnd-549-42,ConsultativeTransfer,CallCenterPremium,True,Yes,Success,Success,,always-pause-resume,2026-08-19
2026-08-19 05:59:00,2205,Casey Rivera,Singapore,SIP_ENTERPRISE,TERMINATING,+13125551007,+13125551004,Jamie Ortiz,Casey Rivera,rnd-550-42,SimultaneousRingPersonal,AutomatedAttendantVideo,True,Yes-PostRedirection,Success,Success,,always-pause-resume,2026-08-19
2026-08-08 05:31:23,638,Jamie Ortiz,Dallas,SIP_ENTERPRISE,TERMINATING,+13125551005,+13125551008,Morgan Quinn,Priya Nair,rnd-551-42,SimultaneousRingPersonal,HuntGroup,True,No,Success,Success,,always-pause-resume,2026-08-08
2026-08-21 04:13:33,1679,Marcus Webb,Chicago,SIP_INBOUND,TERMINATING,+155509934,+13125551009,+155509934,Marcus Webb,rnd-552-42,CallForwardNoAnswer,HuntGroup,True,No,Success,Success,,,2026-08-21
2026-08-27 23:35:29,1583,Morgan Quinn,Chicago,SIP_INBOUND,ORIGINATING,+155509990,+13125551005,+155509990,Morgan Quinn,rnd-553-42,ConsultativeTransfer,User,True,Yes-PostRedirection,Success,Success,,always-pause-resume,2026-08-27
2026-09-04 06:31:59,2373,Taylor Brooks,Singapore,SIP_ENTERPRISE,ORIGINATING,+13125551001,+13125551007,Jordan Lee,Jamie Ortiz,rnd-554-42,CallForwardBusy,CallCenterPremium,True,Yes,Success,Success,success,always-pause-resume,2026-09-04
2026-08-13 20:08:10,1266,Priya Nair,London,SIP_ENTERPRISE,TERMINATING,+13125551001,+13125551002,Jordan Lee,Sam Chen,rnd-555-42,ConsultativeTransfer,User,True,Yes-PostRedirection,Success,Success,,always,2026-08-13
2026-09-03 19:55:57,694,Casey Rivera,Chicago,SIP_ENTERPRISE,TERMINATING,+13125551006,+13125551009,Riley Park,Marcus Webb,rnd-556-42,SimultaneousRingPersonal,User,True,Yes,Success,Success,success,always-pause-resume,2026-09-03
2026-08-11 18:40:53,2063,Jamie Ortiz,Dallas,SIP_ENTERPRISE,ORIGINATING,+13125551002,+13125551004,Sam Chen,Casey Rivera,rnd-557-42,CallForwardBusy,User,True,No,Success,Success,,always-pause-resume,2026-08-11
2026-08-25 10:22:01,1205,Sam Chen,Chicago,SIP_INBOUND,TERMINATING,+155509971,+13125551002,+155509971,Sam Chen,rnd-558-42,CallQueue,User,False,Yes,Refusal,TemporarilyUnavailable,success,always-pause-resume,2026-08-25
2026-08-29 07:20:17,401,Marcus Webb,Chicago,SIP_ENTERPRISE,TERMINATING,+13125551008,+13125551004,Priya Nair,Casey Rivera,rnd-559-42,HuntGroup,AutomatedAttendantVideo,True,No,Success,Success,,always-pause-resume,2026-08-29
2026-08-17 11:51:50,1484,Morgan Quinn,Dallas,SIP_MOBILE,ORIGINATING,+13125551005,+155509922,Morgan Quinn,+155509922,rnd-560-42,,HuntGroup,True,No,Success,Success,success,,2026-08-17
2026-08-31 21:33:12,508,Alex Morgan,Singapore,SIP_MOBILE,TERMINATING,+13125551000,+155509967,Alex Morgan,+155509967,rnd-561-42,SimultaneousRingPersonal,HuntGroup,True,Yes,Success,Success,,always,2026-08-31
2026-09-05 13:43:08,1338,Alex Morgan,Denver,SIP_INTERNATIONAL,TERMINATING,+13125551000,+155509954,Alex Morgan,+155509954,rnd-562-42,,HuntGroup,True,Yes-PostRedirection,Success,Success,,always,2026-09-05
2026-08-28 18:18:09,2135,Taylor Brooks,Dallas,SIP_ENTERPRISE,ORIGINATING,+13125551000,+13125551003,Alex Morgan,Taylor Brooks,rnd-563-42,CallForwardNoAnswer,HuntGroup,True,Yes-PostRedirection,Success,Success,,always-pause-resume,2026-08-28
2026-08-11 05:01:52,2219,Jordan Lee,London,SIP_ENTERPRISE,ORIGINATING,+13125551001,+13125551002,Jordan Lee,Sam Chen,rnd-564-42,ConsultativeTransfer,User,True,No,Success,Success,,always-pause-resume,2026-08-11
2026-08-12 19:57:35,561,Jamie Ortiz,Chicago,SIP_ENTERPRISE,ORIGINATING,+13125551005,+13125551003,Morgan Quinn,Taylor Brooks,rnd-565-42,HuntGroup,CallCenterPremium,True,Yes-PostRedirection,Success,Success,,,2026-08-12
2026-08-28 19:35:09,960,Priya Nair,London,SIP_ENTERPRISE,ORIGINATING,+13125551001,+13125551006,Jordan Lee,Riley Park,rnd-566-42,CallQueue,AutomatedAttendantVideo,True,No,Success,Success,success,always,2026-08-28
2026-09-01 10:52:39,0,Alex Morgan,Denver,SIP_INTERNATIONAL,ORIGINATING,+13125551000,+155509996,Alex Morgan,+155509996,rnd-567-42,CallForwardBusy,User,True,No,Success,Success,,always,2026-09-01
2026-08-22 16:29:23,901,Sam Chen,Denver,SIP_ENTERPRISE,TERMINATING,+13125551002,+13125551000,Sam Chen,Alex Morgan,rnd-568-42,CallForwardNoAnswer,AutomatedAttendantVideo,True,Yes-PostRedirection,Success,Success,,always,2026-08-22
2026-08-14 11:26:55,888,Marcus Webb,London,SIP_NATIONAL,ORIGINATING,+13125551009,+155509936,Marcus Webb,+155509936,rnd-569-42,Deflection,User,True,No,Success,Success,,,2026-08-14
2026-08-18 03:30:18,2249,Sam Chen,Chicago,UNKNOWN,ORIGINATING,+13125551002,+155509960,Sam Chen,+155509960,rnd-570-42,CallForwardNoAnswer,User,True,Yes-PostRedirection,Success,Success,,always,2026-08-18
2026-08-27 17:37:29,1329,Jordan Lee,Dallas,SIP_ENTERPRISE,ORIGINATING,+13125551004,+13125551008,Casey Rivera,Priya Nair,rnd-571-42,ConsultativeTransfer,CallCenterPremium,True,Yes-PostRedirection,Success,Success,,always-pause-resume,2026-08-27
2026-08-15 00:33:52,42,Taylor Brooks,Dallas,SIP_ENTERPRISE,ORIGINATING,+13125551002,+13125551007,Sam Chen,Jamie Ortiz,rnd-572-42,Deflection,User,True,No,Success,Success,success,always-pause-resume,2026-08-15
2026-08-11 13:38:48,1781,Priya Nair,Denver,SIP_ENTERPRISE,TERMINATING,+13125551000,+13125551002,Alex Morgan,Sam Chen,rnd-573-42,,User,True,Yes-PostRedirection,Success,Success,,,2026-08-11
2026-09-04 14:11:21,1904,Riley Park,Chicago,SIP_INBOUND,ORIGINATING,+155509911,+13125551006,+155509911,Riley Park,rnd-574-42,CallQueue,User,True,Yes,Success,Success,,always-pause-resume,2026-09-04
2026-08-25 21:12:30,2351,Taylor Brooks,Chicago,SIP_MOBILE,TERMINATING,+13125551003,+155509959,Taylor Brooks,+155509959,rnd-575-42,SimultaneousRingPersonal,User,True,Yes-PostRedirection,Success,Success,,always,2026-08-25
2026-08-09 01:59:03,1665,Priya Nair,Dallas,SIP_ENTERPRISE,ORIGINATING,+13125551008,+13125551009,Priya Nair,Marcus Webb,rnd-576-42,CallQueue,User,True,Yes-PostRedirection,Success,Success,,always,2026-08-09
2026-08-11 14:24:50,2277,Sam Chen,Chicago,SIP_INBOUND,ORIGINATING,+155509993,+13125551002,+155509993,Sam Chen,rnd-577-42,CallQueue,AutomatedAttendantVideo,True,No,Success,Success,success,always,2026-08-11
2026-08-08 14:57:00,2234,Casey Rivera,Denver,SIP_ENTERPRISE,TERMINATING,+13125551003,+13125551005,Taylor Brooks,Morgan Quinn,rnd-578-42,,User,True,Yes-PostRedirection,Success,Success,,always-pause-resume,2026-08-08
2026-08-27 13:09:19,2209,Morgan Quinn,Singapore,SIP_ENTERPRISE,ORIGINATING,+13125551000,+13125551004,Alex Morgan,Casey Rivera,rnd-579-42,ConsultativeTransfer,User,True,Yes,Success,Success,,always,2026-08-27
2026-08-24 15:59:43,531,Morgan Quinn,Denver,SIP_ENTERPRISE,ORIGINATING,+13125551004,+13125551007,Casey Rivera,Jamie Ortiz,rnd-580-42,SimultaneousRingPersonal,CallCenterPremium,True,Yes,Success,Success,,always-pause-resume,2026-08-24
2026-08-26 23:20:06,1108,Taylor Brooks,Chicago,SIP_INTERNATIONAL,ORIGINATING,+13125551003,+155509987,Taylor Brooks,+155509987,rnd-581-42,SimultaneousRingPersonal,User,True,No,Success,Success,,always-pause-resume,2026-08-26
2026-08-17 17:55:57,2251,Casey Rivera,Chicago,SIP_INTERNATIONAL,ORIGINATING,+13125551004,+155509928,Casey Rivera,+155509928,rnd-582-42,CallForwardNoAnswer,User,True,Yes,Success,Success,success,always-pause-resume,2026-08-17
2026-09-05 08:44:13,724,Jordan Lee,Chicago,SIP_ENTERPRISE,TERMINATING,+13125551007,+13125551001,Jamie Ortiz,Jordan Lee,rnd-583-42,CallForwardNoAnswer,AutomatedAttendantVideo,True,No,Success,Success,,,2026-09-05
2026-08-09 01:42:18,745,Morgan Quinn,London,SIP_ENTERPRISE,TERMINATING,+13125551008,+13125551009,Priya Nair,Marcus Webb,rnd-584-42,,AutomatedAttendantVideo,True,Yes,Success,Success,,always-pause-resume,2026-08-09
2026-08-06 07:03:58,589,Sam Chen,Dallas,SIP_ENTERPRISE,TERMINATING,+13125551005,+13125551003,Morgan Quinn,Taylor Brooks,rnd-585-42,,User,True,No,Success,Success,success,always-pause-resume,2026-08-06
2026-08-30 18:03:39,2137,Casey Rivera,London,SIP_ENTERPRISE,TERMINATING,+13125551004,+13125551001,Casey Rivera,Jordan Lee,rnd-586-42,HuntGroup,User,True,Yes-PostRedirection,Success,Success,,always,2026-08-30
2026-08-08 09:03:35,2361,Jordan Lee,Dallas,SIP_ENTERPRISE,ORIGINATING,+13125551007,+13125551000,Jamie Ortiz,Alex Morgan,rnd-587-42,,CallCenterPremium,False,Yes-PostRedirection,Refusal,CallRejected,,,2026-08-08
2026-09-05 22:28:41,61,Jordan Lee,London,SIP_MOBILE,ORIGINATING,+13125551001,+155509954,Jordan Lee,+155509954,rnd-588-42,Deflection,AutomatedAttendantVideo,True,No,Success,Success,,always,2026-09-05
2026-08-26 21:50:40,721,Priya Nair,Dallas,SIP_MOBILE,TERMINATING,+13125551008,+155509973,Priya Nair,+155509973,rnd-589-42,ConsultativeTransfer,User,False,Yes,Refusal,TemporarilyUnavailable,,always-pause-resume,2026-08-26
2026-09-03 08:02:58,1193,Priya Nair,Chicago,SIP_ENTERPRISE,TERMINATING,+13125551009,+13125551006,Marcus Webb,Riley Park,rnd-590-42,Deflection,CallCenterPremium,True,Yes-PostRedirection,Success,Success,,always-pause-resume,2026-09-03
2026-08-07 18:46:39,1227,Jamie Ortiz,Denver,SIP_ENTERPRISE,ORIGINATING,+13125551002,+13125551007,Sam Chen,Jamie Ortiz,rnd-591-42,CallQueue,CallCenterPremium,True,No,Success,Success,,always,2026-08-07
2026-08-08 15:02:57,512,Sam Chen,London,SIP_ENTERPRISE,TERMINATING,+13125551004,+13125551003,Casey Rivera,Taylor Brooks,rnd-592-42,HuntGroup,User,True,No,Success,Success,,always-pause-resume,2026-08-08
2026-09-02 15:47:30,1801,Casey Rivera,Chicago,SIP_ENTERPRISE,ORIGINATING,+13125551006,+13125551000,Riley Park,Alex Morgan,rnd-593-42,CallQueue,User,True,No,Success,Success,,always,2026-09-02
2026-08-10 03:27:29,661,Morgan Quinn,Chicago,SIP_ENTERPRISE,TERMINATING,+13125551004,+13125551001,Casey Rivera,Jordan Lee,rnd-594-42,,HuntGroup,True,Yes-PostRedirection,Success,Success,,always,2026-08-10
2026-08-16 01:42:59,1597,Riley Park,Singapore,SIP_NATIONAL,ORIGINATING,+13125551006,+155509954,Riley Park,+155509954,rnd-595-42,CallForwardBusy,User,True,Yes-PostRedirection,Success,Success,,always-pause-resume,2026-08-16
2026-08-19 07:40:14,1971,Alex Morgan,London,SIP_INBOUND,ORIGINATING,+155509975,+13125551000,+155509975,Alex Morgan,rnd-596-42,CallForwardBusy,User,True,Yes,Success,Success,,always-pause-resume,2026-08-19
2026-09-05 19:43:38,1946,Riley Park,Dallas,SIP_ENTERPRISE,ORIGINATING,+13125551008,+13125551002,Priya Nair,Sam Chen,rnd-597-42,CallForwardBusy,User,True,Yes,Success,Success,,always-pause-resume,2026-09-05
2026-08-07 04:32:40,77,Sam Chen,London,SIP_SHORTCODE,ORIGINATING,+13125551002,+155509949,Sam Chen,+155509949,rnd-598-42,CallForwardBusy,User,True,No,Success,Success,success,always-pause-resume,2026-08-07
2026-08-07 21:38:39,455,Alex Morgan,Denver,SIP_ENTERPRISE,ORIGINATING,+13125551006,+13125551003,Riley Park,Taylor Brooks,rnd-599-42,ConsultativeTransfer,User,True,Yes,Success,Success,,always,2026-08-07
2026-08-26 11:21:37,1152,Casey Rivera,London,SIP_ENTERPRISE,TERMINATING,+13125551007,+13125551005,Jamie Ortiz,Morgan Quinn,rnd-600-42,CallQueue,User,True,Yes-PostRedirection,Success,Success,,always,2026-08-26
2026-08-27 04:07:24,1481,Sam Chen,Denver,SIP_NATIONAL,TERMINATING,+13125551002,+155509940,Sam Chen,+155509940,rnd-601-42,CallForwardBusy,AutomatedAttendantVideo,True,No,Success,Success,,always,2026-08-27
2026-09-02 12:04:19,173,Marcus Webb,Chicago,SIP_ENTERPRISE,ORIGINATING,+13125551003,+13125551004,Taylor Brooks,Casey Rivera,rnd-602-42,CallQueue,AutomatedAttendantVideo,True,Yes-PostRedirection,Success,Success,,always-pause-resume,2026-09-02
2026-08-15 08:17:54,634,Taylor Brooks,Singapore,SIP_ENTERPRISE,TERMINATING,+13125551004,+13125551009,Casey Rivera,Marcus Webb,rnd-603-42,,HuntGroup,False,Yes-PostRedirection,Refusal,CallRejected,,always,2026-08-15
2026-09-03 05:40:18,2068,Riley Park,Singapore,SIP_ENTERPRISE,ORIGINATING,+13125551002,+13125551005,Sam Chen,Morgan Quinn,rnd-604-42,CallForwardBusy,HuntGroup,True,No,Success,Success,,always-pause-resume,2026-09-03
2026-08-27 05:24:45,1798,Jordan Lee,Dallas,SIP_MOBILE,ORIGINATING,+13125551001,+155509936,Jordan Lee,+155509936,rnd-605-42,Deflection,User,True,Yes-PostRedirection,Success,Success,,always,2026-08-27
2026-08-24 08:31:54,2068,Priya Nair,London,SIP_ENTERPRISE,ORIGINATING,+13125551003,+13125551005,Taylor Brooks,Morgan Quinn,rnd-606-42,ConsultativeTransfer,User,True,Yes,Success,Success,,,2026-08-24
2026-08-13 09:13:59,549,Sam Chen,Denver,SIP_ENTERPRISE,ORIGINATING,+13125551003,+13125551004,Taylor Brooks,Casey Rivera,rnd-607-42,Deflection,HuntGroup,True,No,Success,Success,,,2026-08-13
2026-08-24 18:14:19,1086,Jordan Lee,Singapore,SIP_ENTERPRISE,ORIGINATING,+13125551005,+13125551000,Morgan Quinn,Alex Morgan,rnd-608-42,HuntGroup,User,True,Yes-PostRedirection,Success,Success,,always-pause-resume,2026-08-24
2026-08-11 11:29:27,1569,Marcus Webb,Chicago,SIP_INTERNATIONAL,TERMINATING,+13125551009,+155509936,Marcus Webb,+155509936,rnd-609-42,CallForwardBusy,User,True,No,Success,Success,,always,2026-08-11
2026-08-24 00:45:28,1832,Riley Park,Dallas,SIP_NATIONAL,ORIGINATING,+13125551006,+155509973,Riley Park,+155509973,rnd-610-42,,User,True,Yes,Success,Success,,always,2026-08-24
2026-08-23 15:49:31,732,Casey Rivera,Chicago,SIP_INTERNATIONAL,ORIGINATING,+13125551004,+155509964,Casey Rivera,+155509964,rnd-611-42,,HuntGroup,True,No,Success,Success,,always,2026-08-23
2026-08-28 10:53:03,413,Alex Morgan,Singapore,SIP_ENTERPRISE,ORIGINATING,+13125551000,+13125551003,Alex Morgan,Taylor Brooks,rnd-612-42,CallForwardNoAnswer,User,True,Yes-PostRedirection,Success,Success,,,2026-08-28
2026-08-06 10:02:30,1391,Jordan Lee,Singapore,SIP_INTERNATIONAL,TERMINATING,+13125551001,+155509930,Jordan Lee,+155509930,rnd-613-42,HuntGroup,CallCenterPremium,True,Yes,Success,Success,,always,2026-08-06
2026-08-07 17:34:16,91,Priya Nair,Chicago,SIP_INBOUND,ORIGINATING,+155509928,+13125551008,+155509928,Priya Nair,rnd-614-42,CallForwardBusy,User,True,Yes,Success,Success,,always-pause-resume,2026-08-07
2026-08-17 22:43:29,1580,Casey Rivera,Dallas,SIP_ENTERPRISE,ORIGINATING,+13125551007,+13125551002,Jamie Ortiz,Sam Chen,rnd-615-42,CallQueue,User,True,No,Success,Success,,always,2026-08-17
2026-08-25 02:04:42,623,Jordan Lee,Chicago,SIP_ENTERPRISE,TERMINATING,+13125551006,+13125551002,Riley Park,Sam Chen,rnd-616-42,CallForwardNoAnswer,User,True,Yes,Success,Success,,always-pause-resume,2026-08-25
2026-09-03 09:40:42,13,Casey Rivera,Chicago,SIP_INBOUND,TERMINATING,+155509928,+13125551004,+155509928,Casey Rivera,rnd-617-42,,HuntGroup,True,No,Success,Success,,always,2026-09-03
2026-08-09 12:11:38,375,Casey Rivera,Dallas,SIP_ENTERPRISE,TERMINATING,+13125551005,+13125551006,Morgan Quinn,Riley Park,rnd-618-42,,HuntGroup,True,No,Success,Success,,,2026-08-09
2026-08-30 14:21:54,1719,Taylor Brooks,London,SIP_ENTERPRISE,ORIGINATING,+13125551008,+13125551003,Priya Nair,Taylor Brooks,rnd-619-42,SimultaneousRingPersonal,AutomatedAttendantVideo,True,Yes-PostRedirection,Success,Success,,,2026-08-30
2026-08-31 03:36:04,1486,Jordan Lee,Dallas,SIP_ENTERPRISE,ORIGINATING,+13125551008,+13125551007,Priya Nair,Jamie Ortiz,rnd-620-42,Deflection,User,False,No,Refusal,CallRejected,success,always,2026-08-31
2026-08-15 03:15:17,998,Priya Nair,London,SIP_ENTERPRISE,ORIGINATING,+13125551001,+13125551003,Jordan Lee,Taylor Brooks,rnd-621-42,SimultaneousRingPersonal,User,True,Yes,Success,Success,,,2026-08-15
2026-08-09 06:52:16,652,Jamie Ortiz,Singapore,SIP_INBOUND,TERMINATING,+155509982,+13125551007,+155509982,Jamie Ortiz,rnd-622-42,ConsultativeTransfer,User,False,No,Refusal,CallRejected,success,,2026-08-09
2026-08-10 08:14:37,1690,Casey Rivera,London,SIP_ENTERPRISE,ORIGINATING,+13125551000,+13125551005,Alex Morgan,Morgan Quinn,rnd-623-42,Deflection,HuntGroup,True,Yes,Success,Success,,,2026-08-10
2026-08-29 06:50:34,1740,Alex Morgan,London,SIP_ENTERPRISE,ORIGINATING,+13125551004,+13125551009,Casey Rivera,Marcus Webb,rnd-624-42,SimultaneousRingPersonal,User,True,No,Success,Success,,always,2026-08-29
2026-08-22 03:59:48,901,Taylor Brooks,London,SIP_INTERNATIONAL,TERMINATING,+13125551003,+155509998,Taylor Brooks,+155509998,rnd-625-42,,User,True,Yes-PostRedirection,Success,Success,,,2026-08-22
2026-08-18 13:23:39,1742,Alex Morgan,Denver,SIP_ENTERPRISE,ORIGINATING,+13125551009,+13125551005,Marcus Webb,Morgan Quinn,rnd-626-42,CallForwardNoAnswer,User,True,Yes-PostRedirection,Success,Success,success,always,2026-08-18
2026-08-08 00:35:50,2264,Casey Rivera,Dallas,SIP_INBOUND,TERMINATING,+155509982,+13125551004,+155509982,Casey Rivera,rnd-627-42,Deflection,User,True,No,Success,Success,,always,2026-08-08
2026-09-04 05:58:14,1635,Morgan Quinn,Denver,SIP_ENTERPRISE,ORIGINATING,+13125551005,+13125551002,Morgan Quinn,Sam Chen,rnd-628-42,HuntGroup,CallCenterPremium,True,Yes-PostRedirection,Success,Success,,,2026-09-04
2026-08-09 03:08:46,1570,Sam Chen,Chicago,SIP_NATIONAL,TERMINATING,+13125551002,+155509997,Sam Chen,+155509997,rnd-629-42,CallQueue,HuntGroup,True,Yes,Success,Success,success,,2026-08-09
2026-08-13 04:17:17,2059,Sam Chen,Dallas,SIP_ENTERPRISE,TERMINATING,+13125551005,+13125551008,Morgan Quinn,Priya Nair,rnd-630-42,CallForwardNoAnswer,User,True,Yes-PostRedirection,Success,Success,,always-pause-resume,2026-08-13
2026-08-07 05:46:10,860,Riley Park,Dallas,SIP_INBOUND,ORIGINATING,+155509922,+13125551006,+155509922,Riley Park,rnd-631-42,ConsultativeTransfer,User,True,Yes-PostRedirection,Success,Success,,always,2026-08-07
2026-08-21 11:11:26,666,Sam Chen,Denver,SIP_ENTERPRISE,TERMINATING,+13125551001,+13125551003,Jordan Lee,Taylor Brooks,rnd-632-42,,User,False,No,Refusal,TemporarilyUnavailable,,,2026-08-21
2026-09-03 15:34:32,1179,Jamie Ortiz,Chicago,SIP_INTERNATIONAL,TERMINATING,+13125551007,+155509956,Jamie Ortiz,+155509956,rnd-633-42,HuntGroup,User,True,Yes-PostRedirection,Success,Success,,always-pause-resume,2026-09-03
2026-08-21 16:25:16,238,Alex Morgan,Singapore,SIP_ENTERPRISE,TERMINATING,+13125551000,+13125551003,Alex Morgan,Taylor Brooks,rnd-634-42,SimultaneousRingPersonal,User,True,Yes-PostRedirection,Success,Success,,always-pause-resume,2026-08-21
2026-09-01 11:14:56,1434,Jamie Ortiz,Chicago,SIP_ENTERPRISE,ORIGINATING,+13125551007,+13125551001,Jamie Ortiz,Jordan Lee,rnd-635-42,CallQueue,CallCenterPremium,True,No,Success,Success,,always,2026-09-01
2026-08-18 10:43:52,1996,Morgan Quinn,Singapore,SIP_ENTERPRISE,ORIGINATING,+13125551007,+13125551000,Jamie Ortiz,Alex Morgan,rnd-636-42,,User,True,Yes-PostRedirection,Success,Success,success,always,2026-08-18
2026-08-15 22:13:07,260,Marcus Webb,London,SIP_ENTERPRISE,ORIGINATING,+13125551007,+13125551003,Jamie Ortiz,Taylor Brooks,rnd-637-42,Deflection,HuntGroup,True,No,Success,Success,,always-pause-resume,2026-08-15
2026-08-13 19:32:27,1126,Sam Chen,Chicago,SIP_ENTERPRISE,TERMINATING,+13125551006,+13125551009,Riley Park,Marcus Webb,rnd-638-42,ConsultativeTransfer,User,True,Yes,Success,Success,,always-pause-resume,2026-08-13
2026-08-16 14:27:44,1435,Sam Chen,Dallas,SIP_NATIONAL,TERMINATING,+13125551002,+155509955,Sam Chen,+155509955,rnd-639-42,Deflection,AutomatedAttendantVideo,True,Yes-PostRedirection,Success,Success,,always,2026-08-16
2026-08-08 09:53:22,1331,Marcus Webb,Dallas,SIP_INBOUND,TERMINATING,+155509929,+13125551009,+155509929,Marcus Webb,rnd-640-42,ConsultativeTransfer,CallCenterPremium,True,No,Success,Success,,always,2026-08-08
2026-08-30 13:15:37,20,Casey Rivera,Singapore,SIP_INBOUND,ORIGINATING,+155509914,+13125551004,+155509914,Casey Rivera,rnd-641-42,CallForwardBusy,CallCenterPremium,True,Yes-PostRedirection,Success,Success,,,2026-08-30
2026-08-30 00:08:31,864,Taylor Brooks,Denver,SIP_INBOUND,ORIGINATING,+155509956,+13125551003,+155509956,Taylor Brooks,rnd-642-42,CallForwardNoAnswer,User,True,Yes-PostRedirection,Success,Success,,always,2026-08-30
2026-08-27 16:17:31,1685,Jamie Ortiz,London,SIP_INBOUND,TERMINATING,+155509932,+13125551007,+155509932,Jamie Ortiz,rnd-643-42,SimultaneousRingPersonal,User,True,Yes,Success,Success,,,2026-08-27
2026-08-24 10:35:58,1796,Riley Park,Denver,SIP_ENTERPRISE,ORIGINATING,+13125551001,+13125551002,Jordan Lee,Sam Chen,rnd-644-42,Deflection,AutomatedAttendantVideo,True,No,Success,Success,,always,2026-08-24
2026-08-21 09:19:30,1824,Priya Nair,Chicago,SIP_NATIONAL,TERMINATING,+13125551008,+155509938,Priya Nair,+155509938,rnd-645-42,SimultaneousRingPersonal,User,True,Yes,Success,Success,,always-pause-resume,2026-08-21
2026-09-04 11:12:37,1626,Jamie Ortiz,London,SIP_ENTERPRISE,TERMINATING,+13125551004,+13125551005,Casey Rivera,Morgan Quinn,rnd-646-42,CallForwardNoAnswer,CallCenterPremium,False,Yes-PostRedirection,Refusal,CallRejected,,always,2026-09-04
2026-08-06 03:05:35,112,Alex Morgan,Chicago,SIP_MOBILE,ORIGINATING,+13125551000,+155509952,Alex Morgan,+155509952,rnd-647-42,SimultaneousRingPersonal,User,True,Yes-PostRedirection,Success,Success,,always-pause-resume,2026-08-06
2026-08-11 23:20:21,1762,Alex Morgan,Singapore,SIP_INBOUND,ORIGINATING,+155509950,+13125551000,+155509950,Alex Morgan,rnd-648-42,SimultaneousRingPersonal,User,True,Yes,Success,Success,,,2026-08-11
2026-08-30 20:04:19,1070,Marcus Webb,London,SIP_ENTERPRISE,TERMINATING,+13125551001,+13125551002,Jordan Lee,Sam Chen,rnd-649-42,Deflection,HuntGroup,True,Yes-PostRedirection,Success,Success,,always,2026-08-30
2026-08-06 20:41:48,1571,Jordan Lee,Singapore,SIP_INBOUND,ORIGINATING,+155509940,+13125551001,+155509940,Jordan Lee,rnd-650-42,CallForwardNoAnswer,User,False,Yes-PostRedirection,Refusal,CallRejected,,always,2026-08-06
2026-08-28 12:22:35,216,Riley Park,Denver,SIP_NATIONAL,TERMINATING,+13125551006,+155509924,Riley Park,+155509924,rnd-651-42,CallQueue,User,True,Yes,Success,Success,,always-pause-resume,2026-08-28
2026-08-14 02:55:26,1485,Jordan Lee,London,SIP_ENTERPRISE,TERMINATING,+13125551000,+13125551007,Alex Morgan,Jamie Ortiz,rnd-652-42,CallQueue,User,True,Yes-PostRedirection,Success,Success,success,always-pause-resume,2026-08-14
2026-08-17 15:11:21,741,Jamie Ortiz,Dallas,SIP_ENTERPRISE,TERMINATING,+13125551009,+13125551000,Marcus Webb,Alex Morgan,rnd-653-42,HuntGroup,CallCenterPremium,True,Yes-PostRedirection,Success,Success,,,2026-08-17
2026-08-22 22:34:59,794,Casey Rivera,Chicago,SIP_ENTERPRISE,ORIGINATING,+13125551002,+13125551004,Sam Chen,Casey Rivera,rnd-654-42,CallForwardBusy,User,True,No,Success,Success,,always,2026-08-22
2026-08-12 19:30:08,1125,Sam Chen,Denver,SIP_INBOUND,TERMINATING,+155509969,+13125551002,+155509969,Sam Chen,rnd-655-42,SimultaneousRingPersonal,AutomatedAttendantVideo,True,No,Success,Success,,always,2026-08-12
2026-08-13 18:04:09,426,Casey Rivera,London,SIP_ENTERPRISE,TERMINATING,+13125551003,+13125551008,Taylor Brooks,Priya Nair,rnd-656-42,SimultaneousRingPersonal,AutomatedAttendantVideo,True,Yes-PostRedirection,Success,Success,,always-pause-resume,2026-08-13
2026-08-31 07:01:25,1763,Marcus Webb,London,SIP_INBOUND,ORIGINATING,+155509931,+13125551009,+155509931,Marcus Webb,rnd-657-42,CallForwardNoAnswer,AutomatedAttendantVideo,True,No,Success,Success,,always-pause-resume,2026-08-31
2026-08-24 17:17:17,1636,Priya Nair,Denver,SIP_MOBILE,ORIGINATING,+13125551008,+155509941,Priya Nair,+155509941,rnd-658-42,CallForwardBusy,HuntGroup,False,No,Refusal,CallRejected,,always-pause-resume,2026-08-24
2026-08-10 11:54:34,49,Alex Morgan,Denver,SIP_ENTERPRISE,ORIGINATING,+13125551005,+13125551003,Morgan Quinn,Taylor Brooks,rnd-659-42,SimultaneousRingPersonal,User,True,Yes-PostRedirection,Success,Success,,always,2026-08-10
2026-08-22 08:16:59,311,Casey Rivera,Singapore,SIP_ENTERPRISE,ORIGINATING,+13125551006,+13125551005,Riley Park,Morgan Quinn,rnd-660-42,CallForwardBusy,User,True,No,Success,Success,,always-pause-resume,2026-08-22
2026-08-07 10:48:47,1859,Jordan Lee,Chicago,SIP_ENTERPRISE,ORIGINATING,+13125551009,+13125551000,Marcus Webb,Alex Morgan,rnd-661-42,Deflection,CallCenterPremium,True,No,Success,Success,,always,2026-08-07
2026-09-01 02:10:56,165,Priya Nair,Singapore,SIP_ENTERPRISE,TERMINATING,+13125551006,+13125551004,Riley Park,Casey Rivera,rnd-662-42,HuntGroup,CallCenterPremium,True,Yes,Success,Success,,,2026-09-01
2026-08-30 00:18:44,1227,Alex Morgan,London,SIP_ENTERPRISE,ORIGINATING,+13125551001,+13125551006,Jordan Lee,Riley Park,rnd-663-42,Deflection,User,True,Yes,Success,Success,,always,2026-08-30
2026-08-10 07:13:06,702,Riley Park,Dallas,SIP_SHORTCODE,ORIGINATING,+13125551006,+155509998,Riley Park,+155509998,rnd-664-42,CallForwardNoAnswer,User,False,Yes,Refusal,TemporarilyUnavailable,,always,2026-08-10
2026-09-04 08:40:32,1559,Morgan Quinn,Singapore,SIP_ENTERPRISE,TERMINATING,+13125551007,+13125551001,Jamie Ortiz,Jordan Lee,rnd-665-42,ConsultativeTransfer,AutomatedAttendantVideo,True,No,Success,Success,,,2026-09-04
2026-08-19 20:24:14,2372,Priya Nair,Dallas,SIP_ENTERPRISE,TERMINATING,+13125551007,+13125551003,Jamie Ortiz,Taylor Brooks,rnd-666-42,CallForwardNoAnswer,HuntGroup,True,Yes,Success,Success,,always-pause-resume,2026-08-19
2026-08-23 07:32:07,312,Taylor Brooks,Chicago,SIP_MOBILE,ORIGINATING,+13125551003,+155509959,Taylor Brooks,+155509959,rnd-667-42,,User,True,No,Success,Success,success,always,2026-08-23
2026-08-31 05:36:45,1282,Priya Nair,Denver,SIP_NATIONAL,TERMINATING,+13125551008,+155509938,Priya Nair,+155509938,rnd-668-42,SimultaneousRingPersonal,CallCenterPremium,True,Yes-PostRedirection,Success,Success,,,2026-08-31
2026-08-12 07:02:50,1737,Jordan Lee,Denver,SIP_ENTERPRISE,ORIGINATING,+13125551001,+13125551003,Jordan Lee,Taylor Brooks,rnd-669-42,CallQueue,User,True,Yes,Success,Success,,always-pause-resume,2026-08-12
2026-08-11 19:09:00,1446,Priya Nair,London,SIP_ENTERPRISE,TERMINATING,+13125551006,+13125551003,Riley Park,Taylor Brooks,rnd-670-42,SimultaneousRingPersonal,AutomatedAttendantVideo,True,No,Success,Success,success,always,2026-08-11
2026-08-19 16:21:26,1735,Alex Morgan,London,SIP_ENTERPRISE,TERMINATING,+13125551004,+13125551009,Casey Rivera,Marcus Webb,rnd-671-42,SimultaneousRingPersonal,User,True,Yes-PostRedirection,Success,Success,,always,2026-08-19
2026-08-26 00:52:50,982,Alex Morgan,Chicago,SIP_INTERNATIONAL,TERMINATING,+13125551000,+155509960,Alex Morgan,+155509960,rnd-672-42,CallQueue,User,False,Yes-PostRedirection,Refusal,TemporarilyUnavailable,,,2026-08-26
2026-08-14 07:35:26,1184,Taylor Brooks,Denver,SIP_ENTERPRISE,TERMINATING,+13125551002,+13125551009,Sam Chen,Marcus Webb,rnd-673-42,CallForwardNoAnswer,HuntGroup,True,Yes,Success,Success,success,always,2026-08-14
2026-08-15 18:26:37,1869,Sam Chen,Denver,SIP_ENTERPRISE,TERMINATING,+13125551005,+13125551000,Morgan Quinn,Alex Morgan,rnd-674-42,CallQueue,User,True,Yes-PostRedirection,Success,Success,,always,2026-08-15
2026-08-24 09:56:23,190,Jamie Ortiz,Dallas,SIP_INTERNATIONAL,ORIGINATING,+13125551007,+155509974,Jamie Ortiz,+155509974,rnd-675-42,ConsultativeTransfer,User,True,Yes,Success,Success,,always-pause-resume,2026-08-24
2026-08-30 22:05:45,2240,Jamie Ortiz,Denver,SIP_ENTERPRISE,TERMINATING,+13125551000,+13125551006,Alex Morgan,Riley Park,rnd-676-42,,User,True,No,Success,Success,,,2026-08-30
2026-08-22 02:21:56,907,Sam Chen,London,SIP_INBOUND,ORIGINATING,+155509956,+13125551002,+155509956,Sam Chen,rnd-677-42,CallQueue,User,True,No,Success,Success,,,2026-08-22
2026-08-09 08:18:04,2163,Priya Nair,London,SIP_ENTERPRISE,TERMINATING,+13125551005,+13125551007,Morgan Quinn,Jamie Ortiz,rnd-678-42,CallForwardNoAnswer,User,True,Yes,Success,Success,,always,2026-08-09
2026-08-23 23:09:37,1780,Marcus Webb,Chicago,SIP_INBOUND,ORIGINATING,+155509924,+13125551009,+155509924,Marcus Webb,rnd-679-42,,HuntGroup,True,Yes,Success,Success,,always-pause-resume,2026-08-23
2026-08-27 02:36:24,2291,Casey Rivera,Singapore,SIP_ENTERPRISE,ORIGINATING,+13125551004,+13125551000,Casey Rivera,Alex Morgan,rnd-680-42,CallForwardBusy,User,True,Yes-PostRedirection,Success,Success,,always,2026-08-27
2026-08-07 15:34:32,7,Riley Park,Denver,SIP_ENTERPRISE,ORIGINATING,+13125551008,+13125551009,Priya Nair,Marcus Webb,rnd-681-42,CallForwardNoAnswer,User,False,Yes-PostRedirection,Refusal,CallRejected,,always,2026-08-07
2026-08-19 09:26:44,136,Casey Rivera,Dallas,SIP_MOBILE,ORIGINATING,+13125551004,+155509961,Casey Rivera,+155509961,rnd-682-42,CallForwardNoAnswer,User,True,Yes-PostRedirection,Success,Success,,always-pause-resume,2026-08-19
2026-08-11 08:56:11,575,Morgan Quinn,Singapore,SIP_ENTERPRISE,TERMINATING,+13125551008,+13125551003,Priya Nair,Taylor Brooks,rnd-683-42,CallQueue,User,True,Yes-PostRedirection,Success,Success,,,2026-08-11
2026-08-20 07:05:55,572,Riley Park,Chicago,SIP_ENTERPRISE,TERMINATING,+13125551005,+13125551008,Morgan Quinn,Priya Nair,rnd-684-42,,CallCenterPremium,True,No,Success,Success,,always-pause-resume,2026-08-20
2026-08-06 20:35:19,580,Riley Park,Chicago,SIP_INBOUND,TERMINATING,+155509926,+13125551006,+155509926,Riley Park,rnd-685-42,Deflection,CallCenterPremium,True,Yes,Success,Success,,always-pause-resume,2026-08-06
2026-08-26 18:32:20,227,Priya Nair,London,SIP_ENTERPRISE,ORIGINATING,+13125551001,+13125551006,Jordan Lee,Riley Park,rnd-686-42,CallForwardNoAnswer,AutomatedAttendantVideo,False,No,Refusal,TemporarilyUnavailable,,,2026-08-26
2026-08-16 06:29:34,222,Marcus Webb,Singapore,SIP_ENTERPRISE,ORIGINATING,+13125551007,+13125551002,Jamie Ortiz,Sam Chen,rnd-687-42,CallForwardNoAnswer,HuntGroup,True,No,Success,Success,,,2026-08-16
2026-09-05 15:56:02,827,Jamie Ortiz,Singapore,SIP_ENTERPRISE,ORIGINATING,+13125551001,+13125551009,Jordan Lee,Marcus Webb,rnd-688-42,CallForwardBusy,User,False,No,Refusal,UnassignedNumber,,always,2026-09-05
2026-08-31 19:32:54,1233,Alex Morgan,Chicago,SIP_ENTERPRISE,TERMINATING,+13125551008,+13125551004,Priya Nair,Casey Rivera,rnd-689-42,CallQueue,CallCenterPremium,True,Yes,Success,Success,,,2026-08-31
2026-08-06 16:06:48,2100,Taylor Brooks,Dallas,SIP_ENTERPRISE,ORIGINATING,+13125551004,+13125551005,Casey Rivera,Morgan Quinn,rnd-690-42,,User,True,Yes-PostRedirection,Success,Success,,always-pause-resume,2026-08-06
2026-08-18 03:02:41,1712,Jordan Lee,London,SIP_INBOUND,TERMINATING,+155509911,+13125551001,+155509911,Jordan Lee,rnd-691-42,Deflection,HuntGroup,True,Yes-PostRedirection,Success,Success,,,2026-08-18
2026-08-25 05:11:17,1921,Morgan Quinn,Dallas,SIP_ENTERPRISE,ORIGINATING,+13125551002,+13125551006,Sam Chen,Riley Park,rnd-692-42,HuntGroup,HuntGroup,True,Yes-PostRedirection,Success,Success,success,always-pause-resume,2026-08-25
2026-08-21 21:42:20,2311,Sam Chen,Denver,SIP_ENTERPRISE,ORIGINATING,+13125551004,+13125551005,Casey Rivera,Morgan Quinn,rnd-693-42,,CallCenterPremium,True,No,Success,Success,,,2026-08-21
2026-08-26 10:16:30,1066,Priya Nair,Singapore,SIP_INBOUND,ORIGINATING,+155509918,+13125551008,+155509918,Priya Nair,rnd-694-42,Deflection,HuntGroup,True,Yes,Success,Success,,always,2026-08-26
2026-08-08 23:49:33,953,Jamie Ortiz,Denver,SIP_ENTERPRISE,TERMINATING,+13125551003,+13125551001,Taylor Brooks,Jordan Lee,rnd-695-42,SimultaneousRingPersonal,User,True,Yes,Success,Success,,,2026-08-08
2026-08-13 18:21:35,1538,Jordan Lee,London,SIP_ENTERPRISE,TERMINATING,+13125551005,+13125551001,Morgan Quinn,Jordan Lee,rnd-696-42,SimultaneousRingPersonal,User,True,Yes-PostRedirection,Success,Success,,,2026-08-13
2026-08-23 06:00:44,1176,Jamie Ortiz,London,SIP_ENTERPRISE,ORIGINATING,+13125551008,+13125551003,Priya Nair,Taylor Brooks,rnd-697-42,CallQueue,User,True,Yes,Success,Success,,always,2026-08-23
2026-09-02 16:36:30,2243,Riley Park,Singapore,SIP_ENTERPRISE,ORIGINATING,+13125551008,+13125551007,Priya Nair,Jamie Ortiz,rnd-698-42,,AutomatedAttendantVideo,True,No,Success,Success,,always-pause-resume,2026-09-02
2026-08-25 04:08:53,1802,Sam Chen,Chicago,SIP_INBOUND,TERMINATING,+155509976,+13125551002,+155509976,Sam Chen,rnd-699-42,CallQueue,User,True,No,Success,Success,success,always,2026-08-25
2026-08-07 14:18:01,1192,Alex Morgan,Dallas,SIP_ENTERPRISE,ORIGINATING,+13125551001,+13125551003,Jordan Lee,Taylor Brooks,rnd-700-42,CallForwardBusy,AutomatedAttendantVideo,True,Yes-PostRedirection,Success,Success,,,2026-08-07
2026-08-15 16:18:21,2392,Priya Nair,Chicago,SIP_INBOUND,TERMINATING,+155509953,+13125551008,+155509953,Priya Nair,rnd-701-42,CallForwardNoAnswer,User,True,No,Success,Success,,always,2026-08-15
2026-08-10 07:37:50,970,Morgan Quinn,Chicago,SIP_ENTERPRISE,ORIGINATING,+13125551009,+13125551000,Marcus Webb,Alex Morgan,rnd-702-42,SimultaneousRingPersonal,AutomatedAttendantVideo,True,Yes-PostRedirection,Success,Success,,,2026-08-10
2026-09-03 19:26:47,1113,Jamie Ortiz,Dallas,SIP_MOBILE,TERMINATING,+13125551007,+155509965,Jamie Ortiz,+155509965,rnd-703-42,CallForwardNoAnswer,User,True,Yes,Success,Success,,always,2026-09-03
2026-08-06 19:36:26,1558,Taylor Brooks,Singapore,SIP_NATIONAL,ORIGINATING,+13125551003,+155509958,Taylor Brooks,+155509958,rnd-704-42,SimultaneousRingPersonal,HuntGroup,True,No,Success,Success,,,2026-08-06
2026-08-10 06:30:04,1445,Marcus Webb,Denver,SIP_ENTERPRISE,ORIGINATING,+13125551003,+13125551001,Taylor Brooks,Jordan Lee,rnd-705-42,CallForwardBusy,CallCenterPremium,True,Yes-PostRedirection,Success,Success,success,,2026-08-10
2026-08-23 14:37:41,237,Alex Morgan,Dallas,SIP_SHORTCODE,ORIGINATING,+13125551000,+155509954,Alex Morgan,+155509954,rnd-706-42,CallForwardNoAnswer,User,False,Yes-PostRedirection,Refusal,TemporarilyUnavailable,,always-pause-resume,2026-08-23
2026-08-20 20:09:13,1029,Jordan Lee,Chicago,SIP_ENTERPRISE,TERMINATING,+13125551005,+13125551003,Morgan Quinn,Taylor Brooks,rnd-707-42,HuntGroup,AutomatedAttendantVideo,True,No,Success,Success,,,2026-08-20
2026-08-13 13:41:20,2067,Morgan Quinn,Singapore,SIP_MOBILE,ORIGINATING,+13125551005,+155509945,Morgan Quinn,+155509945,rnd-708-42,CallForwardBusy,User,False,Yes-PostRedirection,Refusal,UnassignedNumber,,always,2026-08-13
2026-08-15 10:52:29,586,Jordan Lee,Denver,SIP_INBOUND,TERMINATING,+155509912,+13125551001,+155509912,Jordan Lee,rnd-709-42,Deflection,User,False,No,Refusal,CallRejected,,,2026-08-15
2026-08-17 21:49:38,1148,Jordan Lee,Chicago,SIP_NATIONAL,ORIGINATING,+13125551001,+155509966,Jordan Lee,+155509966,rnd-710-42,CallForwardBusy,User,True,No,Success,Success,success,always,2026-08-17
2026-08-26 10:59:04,2223,Casey Rivera,Chicago,SIP_ENTERPRISE,ORIGINATING,+13125551005,+13125551004,Morgan Quinn,Casey Rivera,rnd-711-42,Deflection,User,True,Yes-PostRedirection,Success,Success,,,2026-08-26
2026-08-19 10:57:09,2271,Alex Morgan,Chicago,SIP_ENTERPRISE,TERMINATING,+13125551008,+13125551007,Priya Nair,Jamie Ortiz,rnd-712-42,ConsultativeTransfer,CallCenterPremium,True,No,Success,Success,,,2026-08-19
2026-09-05 18:30:14,1128,Alex Morgan,Denver,SIP_ENTERPRISE,TERMINATING,+13125551005,+13125551007,Morgan Quinn,Jamie Ortiz,rnd-713-42,HuntGroup,User,False,Yes-PostRedirection,Refusal,TemporarilyUnavailable,,always-pause-resume,2026-09-05
2026-08-30 06:07:30,514,Marcus Webb,Chicago,SIP_NATIONAL,ORIGINATING,+13125551009,+155509969,Marcus Webb,+155509969,rnd-714-42,,User,True,No,Success,Success,,always,2026-08-30
2026-09-04 22:37:07,1678,Priya Nair,Dallas,SIP_ENTERPRISE,ORIGINATING,+13125551009,+13125551008,Marcus Webb,Priya Nair,rnd-715-42,,User,False,No,Refusal,CallRejected,,always-pause-resume,2026-09-04
2026-08-14 01:05:54,606,Taylor Brooks,Dallas,SIP_ENTERPRISE,TERMINATING,+13125551000,+13125551003,Alex Morgan,Taylor Brooks,rnd-716-42,HuntGroup,User,True,Yes-PostRedirection,Success,Success,,,2026-08-14
2026-08-13 01:35:47,1452,Casey Rivera,Chicago,SIP_INTERNATIONAL,TERMINATING,+13125551004,+155509974,Casey Rivera,+155509974,rnd-717-42,CallQueue,AutomatedAttendantVideo,True,Yes,Success,Success,,always,2026-08-13
2026-08-12 07:48:25,1751,Riley Park,Chicago,SIP_INBOUND,TERMINATING,+155509962,+13125551006,+155509962,Riley Park,rnd-718-42,,User,True,Yes-PostRedirection,Success,Success,,always,2026-08-12
2026-08-10 23:16:21,109,Sam Chen,Singapore,SIP_ENTERPRISE,TERMINATING,+13125551008,+13125551005,Priya Nair,Morgan Quinn,rnd-719-42,Deflection,HuntGroup,False,Yes-PostRedirection,Refusal,UnassignedNumber,,always,2026-08-10
2026-08-17 19:31:50,924,Jordan Lee,Chicago,SIP_SHORTCODE,ORIGINATING,+13125551001,+155509925,Jordan Lee,+155509925,rnd-720-42,,HuntGroup,True,Yes-PostRedirection,Success,Success,,,2026-08-17
2026-08-19 16:07:01,1004,Marcus Webb,Denver,SIP_ENTERPRISE,ORIGINATING,+13125551003,+13125551008,Taylor Brooks,Priya Nair,rnd-721-42,CallForwardBusy,CallCenterPremium,True,Yes-PostRedirection,Success,Success,,always-pause-resume,2026-08-19
2026-08-17 05:14:22,1488,Priya Nair,Chicago,SIP_ENTERPRISE,ORIGINATING,+13125551006,+13125551003,Riley Park,Taylor Brooks,rnd-722-42,CallForwardBusy,CallCenterPremium,True,Yes-PostRedirection,Success,Success,,,2026-08-17
2026-08-26 15:25:53,1290,Casey Rivera,Denver,SIP_INBOUND,ORIGINATING,+155509990,+13125551004,+155509990,Casey Rivera,rnd-723-42,ConsultativeTransfer,CallCenterPremium,False,Yes,Refusal,UnassignedNumber,,always,2026-08-26
2026-08-09 17:52:00,418,Priya Nair,London,SIP_ENTERPRISE,TERMINATING,+13125551002,+13125551001,Sam Chen,Jordan Lee,rnd-724-42,SimultaneousRingPersonal,User,True,Yes,Success,Success,,always-pause-resume,2026-08-09
2026-08-27 14:30:53,1384,Casey Rivera,Chicago,SIP_ENTERPRISE,ORIGINATING,+13125551009,+13125551001,Marcus Webb,Jordan Lee,rnd-725-42,HuntGroup,CallCenterPremium,True,No,Success,Success,,,2026-08-27
2026-08-19 22:37:00,556,Casey Rivera,London,SIP_NATIONAL,ORIGINATING,+13125551004,+155509929,Casey Rivera,+155509929,rnd-726-42,HuntGroup,HuntGroup,True,Yes-PostRedirection,Success,Success,,always-pause-resume,2026-08-19
2026-08-17 18:15:16,1149,Priya Nair,Singapore,SIP_ENTERPRISE,TERMINATING,+13125551005,+13125551000,Morgan Quinn,Alex Morgan,rnd-727-42,CallForwardNoAnswer,User,True,No,Success,Success,,always-pause-resume,2026-08-17
2026-08-29 11:25:52,2360,Taylor Brooks,London,SIP_INTERNATIONAL,TERMINATING,+13125551003,+155509946,Taylor Brooks,+155509946,rnd-728-42,,CallCenterPremium,True,Yes,Success,Success,,always,2026-08-29
2026-08-14 22:37:41,953,Marcus Webb,Chicago,SIP_MOBILE,ORIGINATING,+13125551009,+155509913,Marcus Webb,+155509913,rnd-729-42,CallForwardBusy,User,True,No,Success,Success,,always,2026-08-14
2026-08-17 10:56:17,1827,Marcus Webb,London,SIP_ENTERPRISE,TERMINATING,+13125551001,+13125551002,Jordan Lee,Sam Chen,rnd-730-42,,User,True,Yes,Success,Success,,always,2026-08-17
2026-09-05 18:50:58,328,Jordan Lee,Denver,SIP_NATIONAL,TERMINATING,+13125551001,+155509952,Jordan Lee,+155509952,rnd-731-42,,HuntGroup,True,Yes-PostRedirection,Success,Success,success,,2026-09-05
2026-08-26 20:01:43,1780,Morgan Quinn,Chicago,SIP_ENTERPRISE,ORIGINATING,+13125551003,+13125551009,Taylor Brooks,Marcus Webb,rnd-732-42,Deflection,User,False,Yes,Refusal,UnassignedNumber,,,2026-08-26
2026-08-17 15:53:58,771,Casey Rivera,London,SIP_INTERNATIONAL,ORIGINATING,+13125551004,+155509937,Casey Rivera,+155509937,rnd-733-42,SimultaneousRingPersonal,User,True,No,Success,Success,,,2026-08-17
2026-08-24 22:44:44,1082,Alex Morgan,London,SIP_INBOUND,ORIGINATING,+155509977,+13125551000,+155509977,Alex Morgan,rnd-734-42,CallForwardNoAnswer,User,True,No,Success,Success,,,2026-08-24
2026-08-21 00:53:04,1467,Riley Park,Singapore,SIP_NATIONAL,TERMINATING,+13125551006,+155509967,Riley Park,+155509967,rnd-735-42,CallForwardBusy,HuntGroup,True,No,Success,Success,,always,2026-08-21
2026-08-11 11:05:19,1986,Morgan Quinn,London,SIP_INTERNATIONAL,TERMINATING,+13125551005,+155509947,Morgan Quinn,+155509947,rnd-736-42,CallForwardBusy,CallCenterPremium,True,Yes,Success,Success,,,2026-08-11
2026-08-29 22:13:05,1608,Morgan Quinn,London,SIP_ENTERPRISE,ORIGINATING,+13125551000,+13125551005,Alex Morgan,Morgan Quinn,rnd-737-42,HuntGroup,HuntGroup,True,Yes,Success,Success,,always-pause-resume,2026-08-29
2026-08-19 21:02:29,849,Sam Chen,Singapore,SIP_ENTERPRISE,ORIGINATING,+13125551009,+13125551005,Marcus Webb,Morgan Quinn,rnd-738-42,Deflection,CallCenterPremium,True,Yes,Success,Success,,,2026-08-19
2026-08-16 07:57:58,206,Priya Nair,Chicago,SIP_ENTERPRISE,ORIGINATING,+13125551002,+13125551009,Sam Chen,Marcus Webb,rnd-739-42,CallForwardNoAnswer,User,True,No,Success,Success,,always-pause-resume,2026-08-16
2026-08-18 19:33:57,152,Taylor Brooks,Chicago,SIP_INBOUND,ORIGINATING,+155509972,+13125551003,+155509972,Taylor Brooks,rnd-740-42,ConsultativeTransfer,User,True,No,Success,Success,,always,2026-08-18
2026-08-13 03:07:26,1120,Taylor Brooks,Chicago,SIP_NATIONAL,ORIGINATING,+13125551003,+155509944,Taylor Brooks,+155509944,rnd-741-42,CallQueue,User,True,Yes-PostRedirection,Success,Success,,,2026-08-13
2026-08-27 19:23:45,2223,Alex Morgan,Chicago,SIP_NATIONAL,TERMINATING,+13125551000,+155509987,Alex Morgan,+155509987,rnd-742-42,HuntGroup,CallCenterPremium,True,Yes-PostRedirection,Success,Success,,,2026-08-27
2026-08-06 17:26:00,1087,Taylor Brooks,Chicago,SIP_ENTERPRISE,TERMINATING,+13125551006,+13125551001,Riley Park,Jordan Lee,rnd-743-42,CallForwardNoAnswer,CallCenterPremium,True,No,Success,Success,,,2026-08-06
2026-08-22 12:42:13,1617,Alex Morgan,London,SIP_ENTERPRISE,ORIGINATING,+13125551007,+13125551003,Jamie Ortiz,Taylor Brooks,rnd-744-42,SimultaneousRingPersonal,User,True,No,Success,Success,,always-pause-resume,2026-08-22
2026-08-20 18:44:38,593,Casey Rivera,Denver,SIP_ENTERPRISE,ORIGINATING,+13125551002,+13125551004,Sam Chen,Casey Rivera,rnd-745-42,CallQueue,User,True,No,Success,Success,success,,2026-08-20
2026-08-31 23:31:27,246,Marcus Webb,Dallas,SIP_ENTERPRISE,TERMINATING,+13125551005,+13125551002,Morgan Quinn,Sam Chen,rnd-746-42,SimultaneousRingPersonal,User,True,No,Success,Success,,,2026-08-31
2026-08-12 11:39:46,2052,Jamie Ortiz,Singapore,SIP_INBOUND,ORIGINATING,+155509981,+13125551007,+155509981,Jamie Ortiz,rnd-747-42,CallQueue,CallCenterPremium,True,Yes-PostRedirection,Success,Success,,always,2026-08-12
2026-08-17 15:30:37,502,Sam Chen,Singapore,SIP_NATIONAL,ORIGINATING,+13125551002,+155509973,Sam Chen,+155509973,rnd-748-42,,User,True,Yes-PostRedirection,Success,Success,,,2026-08-17
2026-08-18 23:06:05,1210,Jordan Lee,London,SIP_ENTERPRISE,ORIGINATING,+13125551005,+13125551006,Morgan Quinn,Riley Park,rnd-749-42,ConsultativeTransfer,User,True,Yes-PostRedirection,Success,Success,,,2026-08-18
2026-08-12 08:07:10,1034,Morgan Quinn,Singapore,SIP_INBOUND,TERMINATING,+155509977,+13125551005,+155509977,Morgan Quinn,rnd-750-42,Deflection,User,True,No,Success,Success,,always,2026-08-12
2026-08-10 15:51:34,773,Alex Morgan,Denver,SIP_ENTERPRISE,TERMINATING,+13125551001,+13125551000,Jordan Lee,Alex Morgan,rnd-751-42,ConsultativeTransfer,User,True,No,Success,Success,,,2026-08-10
2026-08-23 08:00:43,1129,Alex Morgan,Dallas,SIP_ENTERPRISE,TERMINATING,+13125551004,+13125551006,Casey Rivera,Riley Park,rnd-752-42,CallForwardNoAnswer,AutomatedAttendantVideo,True,Yes-PostRedirection,Success,Success,,,2026-08-23
2026-08-26 10:34:10,891,Sam Chen,Chicago,SIP_ENTERPRISE,TERMINATING,+13125551008,+13125551006,Priya Nair,Riley Park,rnd-753-42,,User,True,Yes,Success,Success,success,always,2026-08-26
2026-08-30 06:49:24,605,Jordan Lee,Singapore,UNKNOWN,TERMINATING,+13125551001,+155509927,Jordan Lee,+155509927,rnd-754-42,SimultaneousRingPersonal,HuntGroup,True,No,Success,Success,success,always-pause-resume,2026-08-30
2026-08-15 09:06:12,1615,Taylor Brooks,Singapore,SIP_NATIONAL,ORIGINATING,+13125551003,+155509950,Taylor Brooks,+155509950,rnd-755-42,CallForwardBusy,User,True,Yes-PostRedirection,Success,Success,,always-pause-resume,2026-08-15
2026-08-28 01:14:33,2012,Priya Nair,London,SIP_NATIONAL,ORIGINATING,+13125551008,+155509932,Priya Nair,+155509932,rnd-756-42,HuntGroup,CallCenterPremium,True,Yes-PostRedirection,Success,Success,,always-pause-resume,2026-08-28
2026-08-28 13:59:51,1571,Priya Nair,Dallas,SIP_ENTERPRISE,ORIGINATING,+13125551003,+13125551008,Taylor Brooks,Priya Nair,rnd-757-42,Deflection,AutomatedAttendantVideo,True,No,Success,Success,,always-pause-resume,2026-08-28
2026-08-08 22:01:00,58,Casey Rivera,Singapore,SIP_ENTERPRISE,TERMINATING,+13125551007,+13125551006,Jamie Ortiz,Riley Park,rnd-758-42,CallForwardNoAnswer,HuntGroup,True,Yes,Success,Success,,,2026-08-08
2026-08-31 12:33:15,1866,Jamie Ortiz,Singapore,SIP_MOBILE,TERMINATING,+13125551007,+155509914,Jamie Ortiz,+155509914,rnd-759-42,Deflection,AutomatedAttendantVideo,True,Yes-PostRedirection,Success,Success,,always,2026-08-31
2026-08-27 20:59:45,1723,Sam Chen,Chicago,SIP_ENTERPRISE,TERMINATING,+13125551000,+13125551006,Alex Morgan,Riley Park,rnd-760-42,CallForwardBusy,HuntGroup,True,Yes-PostRedirection,Success,Success,,,2026-08-27
2026-08-06 12:24:20,1505,Morgan Quinn,Dallas,SIP_NATIONAL,ORIGINATING,+13125551005,+155509934,Morgan Quinn,+155509934,rnd-761-42,CallForwardNoAnswer,User,True,Yes,Success,Success,,always-pause-resume,2026-08-06
2026-08-07 09:06:51,713,Priya Nair,London,SIP_INBOUND,TERMINATING,+155509981,+13125551008,+155509981,Priya Nair,rnd-762-42,CallQueue,User,True,No,Success,Success,,,2026-08-07
2026-08-31 22:03:45,481,Jamie Ortiz,Chicago,SIP_ENTERPRISE,ORIGINATING,+13125551005,+13125551000,Morgan Quinn,Alex Morgan,rnd-763-42,CallForwardBusy,HuntGroup,True,No,Success,Success,success,always-pause-resume,2026-08-31
2026-08-08 12:28:06,787,Taylor Brooks,Denver,SIP_INBOUND,TERMINATING,+155509932,+13125551003,+155509932,Taylor Brooks,rnd-764-42,ConsultativeTransfer,AutomatedAttendantVideo,True,No,Success,Success,,always-pause-resume,2026-08-08
2026-08-13 00:06:52,1213,Taylor Brooks,Dallas,SIP_ENTERPRISE,TERMINATING,+13125551005,+13125551006,Morgan Quinn,Riley Park,rnd-765-42,ConsultativeTransfer,User,True,Yes-PostRedirection,Success,Success,success,always-pause-resume,2026-08-13
2026-08-10 19:50:38,1187,Riley Park,Denver,SIP_INBOUND,ORIGINATING,+155509975,+13125551006,+155509975,Riley Park,rnd-766-42,CallForwardNoAnswer,User,True,No,Success,Success,,always-pause-resume,2026-08-10
2026-08-06 23:23:50,577,Sam Chen,London,SIP_ENTERPRISE,ORIGINATING,+13125551009,+13125551000,Marcus Webb,Alex Morgan,rnd-767-42,HuntGroup,User,True,Yes,Success,Success,,always-pause-resume,2026-08-06
2026-08-20 17:46:08,1471,Jordan Lee,Dallas,SIP_ENTERPRISE,TERMINATING,+13125551000,+13125551008,Alex Morgan,Priya Nair,rnd-768-42,SimultaneousRingPersonal,HuntGroup,True,No,Success,Success,,always-pause-resume,2026-08-20
2026-08-31 20:34:03,1388,Morgan Quinn,Singapore,SIP_ENTERPRISE,TERMINATING,+13125551003,+13125551009,Taylor Brooks,Marcus Webb,rnd-769-42,SimultaneousRingPersonal,User,True,Yes-PostRedirection,Success,Success,success,always-pause-resume,2026-08-31
2026-08-24 09:14:54,2151,Sam Chen,Denver,SIP_ENTERPRISE,ORIGINATING,+13125551002,+13125551006,Sam Chen,Riley Park,rnd-770-42,CallForwardNoAnswer,User,True,No,Success,Success,,always-pause-resume,2026-08-24
2026-08-18 06:37:09,709,Sam Chen,Dallas,SIP_ENTERPRISE,ORIGINATING,+13125551003,+13125551007,Taylor Brooks,Jamie Ortiz,rnd-771-42,ConsultativeTransfer,HuntGroup,True,Yes-PostRedirection,Success,Success,,always-pause-resume,2026-08-18
2026-08-06 03:40:44,2257,Jordan Lee,London,SIP_ENTERPRISE,ORIGINATING,+13125551006,+13125551008,Riley Park,Priya Nair,rnd-772-42,SimultaneousRingPersonal,User,True,No,Success,Success,,always,2026-08-06
2026-08-18 09:30:48,1618,Casey Rivera,London,SIP_ENTERPRISE,ORIGINATING,+13125551009,+13125551000,Marcus Webb,Alex Morgan,rnd-773-42,CallForwardBusy,User,True,No,Success,Success,,always-pause-resume,2026-08-18
2026-08-21 13:04:59,321,Marcus Webb,London,SIP_ENTERPRISE,ORIGINATING,+13125551003,+13125551005,Taylor Brooks,Morgan Quinn,rnd-774-42,HuntGroup,CallCenterPremium,True,Yes-PostRedirection,Success,Success,,always,2026-08-21
2026-08-19 04:43:45,147,Riley Park,London,SIP_ENTERPRISE,TERMINATING,+13125551006,+13125551009,Riley Park,Marcus Webb,rnd-775-42,CallQueue,User,True,Yes-PostRedirection,Success,Success,,,2026-08-19
2026-08-09 03:26:43,1311,Alex Morgan,Dallas,SIP_MOBILE,TERMINATING,+13125551000,+155509993,Alex Morgan,+155509993,rnd-776-42,SimultaneousRingPersonal,User,True,No,Success,Success,,always-pause-resume,2026-08-09
2026-08-14 00:26:05,2061,Marcus Webb,London,SIP_INBOUND,ORIGINATING,+155509924,+13125551009,+155509924,Marcus Webb,rnd-777-42,SimultaneousRingPersonal,AutomatedAttendantVideo,True,No,Success,Success,,,2026-08-14
2026-08-08 11:31:36,814,Marcus Webb,Denver,SIP_ENTERPRISE,TERMINATING,+13125551006,+13125551000,Riley Park,Alex Morgan,rnd-778-42,Deflection,User,True,No,Success,Success,,always-pause-resume,2026-08-08
2026-08-17 09:07:31,1748,Morgan Quinn,Denver,SIP_MOBILE,TERMINATING,+13125551005,+155509932,Morgan Quinn,+155509932,rnd-779-42,HuntGroup,CallCenterPremium,True,Yes,Success,Success,,always-pause-resume,2026-08-17
2026-08-16 01:31:35,1468,Marcus Webb,Chicago,SIP_INBOUND,ORIGINATING,+155509978,+13125551009,+155509978,Marcus Webb,rnd-780-42,ConsultativeTransfer,HuntGroup,True,Yes,Success,Success,,,2026-08-16
2026-08-21 07:07:37,1004,Morgan Quinn,London,SIP_MOBILE,ORIGINATING,+13125551005,+155509915,Morgan Quinn,+155509915,rnd-781-42,HuntGroup,User,True,Yes,Success,Success,,always,2026-08-21
2026-08-24 21:21:32,2104,Jordan Lee,London,SIP_INBOUND,ORIGINATING,+155509961,+13125551001,+155509961,Jordan Lee,rnd-782-42,ConsultativeTransfer,HuntGroup,True,No,Success,Success,,,2026-08-24
2026-08-26 05:45:15,789,Riley Park,Chicago,SIP_MOBILE,ORIGINATING,+13125551006,+155509998,Riley Park,+155509998,rnd-783-42,HuntGroup,AutomatedAttendantVideo,True,No,Success,Success,,always,2026-08-26
2026-08-29 13:58:29,2059,Sam Chen,Denver,SIP_ENTERPRISE,TERMINATING,+13125551004,+13125551005,Casey Rivera,Morgan Quinn,rnd-784-42,CallForwardBusy,User,True,No,Success,Success,,,2026-08-29
2026-08-10 00:32:47,402,Marcus Webb,Denver,SIP_ENTERPRISE,TERMINATING,+13125551001,+13125551005,Jordan Lee,Morgan Quinn,rnd-785-42,SimultaneousRingPersonal,HuntGroup,True,Yes-PostRedirection,Success,Success,,always-pause-resume,2026-08-10
2026-08-22 18:50:40,1409,Priya Nair,Chicago,SIP_ENTERPRISE,ORIGINATING,+13125551007,+13125551008,Jamie Ortiz,Priya Nair,rnd-786-42,SimultaneousRingPersonal,User,True,No,Success,Success,,always,2026-08-22
2026-08-26 11:33:34,2304,Jordan Lee,London,SIP_INBOUND,TERMINATING,+155509948,+13125551001,+155509948,Jordan Lee,rnd-787-42,HuntGroup,CallCenterPremium,True,Yes-PostRedirection,Success,Success,,always-pause-resume,2026-08-26
2026-08-06 21:59:45,1445,Sam Chen,Singapore,SIP_INBOUND,ORIGINATING,+155509972,+13125551002,+155509972,Sam Chen,rnd-788-42,SimultaneousRingPersonal,AutomatedAttendantVideo,True,Yes,Success,Success,,always-pause-resume,2026-08-06
2026-08-24 19:41:54,899,Jordan Lee,London,SIP_NATIONAL,TERMINATING,+13125551001,+155509980,Jordan Lee,+155509980,rnd-789-42,HuntGroup,User,True,No,Success,Success,,,2026-08-24
2026-08-14 15:29:11,2062,Jordan Lee,Denver,SIP_NATIONAL,TERMINATING,+13125551001,+155509946,Jordan Lee,+155509946,rnd-790-42,ConsultativeTransfer,User,True,No,Success,Success,,always-pause-resume,2026-08-14
2026-08-06 02:28:58,407,Jamie Ortiz,Dallas,SIP_NATIONAL,ORIGINATING,+13125551007,+155509991,Jamie Ortiz,+155509991,rnd-791-42,CallForwardBusy,User,True,Yes-PostRedirection,Success,Success,,,2026-08-06
2026-08-21 14:30:02,98,Marcus Webb,London,SIP_ENTERPRISE,ORIGINATING,+13125551007,+13125551001,Jamie Ortiz,Jordan Lee,rnd-792-42,SimultaneousRingPersonal,AutomatedAttendantVideo,True,Yes-PostRedirection,Success,Success,,always,2026-08-21
2026-09-01 08:37:47,722,Morgan Quinn,Dallas,SIP_ENTERPRISE,ORIGINATING,+13125551002,+13125551005,Sam Chen,Morgan Quinn,rnd-793-42,CallForwardBusy,AutomatedAttendantVideo,True,No,Success,Success,,always-pause-resume,2026-09-01
2026-08-13 14:18:53,1894,Taylor Brooks,Dallas,SIP_INBOUND,TERMINATING,+155509941,+13125551003,+155509941,Taylor Brooks,rnd-794-42,CallQueue,User,True,Yes-PostRedirection,Success,Success,,always,2026-08-13
2026-08-27 03:25:32,1583,Priya Nair,London,SIP_ENTERPRISE,ORIGINATING,+13125551008,+13125551001,Priya Nair,Jordan Lee,rnd-795-42,,CallCenterPremium,False,Yes-PostRedirection,Refusal,TemporarilyUnavailable,,always,2026-08-27
2026-08-15 01:57:52,1641,Alex Morgan,Denver,SIP_ENTERPRISE,ORIGINATING,+13125551006,+13125551001,Riley Park,Jordan Lee,rnd-796-42,CallForwardNoAnswer,AutomatedAttendantVideo,True,Yes,Success,Success,,,2026-08-15
2026-08-11 05:42:04,1000,Morgan Quinn,Dallas,SIP_ENTERPRISE,ORIGINATING,+13125551001,+13125551008,Jordan Lee,Priya Nair,rnd-797-42,CallForwardNoAnswer,User,True,No,Success,Success,success,,2026-08-11
2026-08-19 18:50:09,1132,Casey Rivera,Singapore,SIP_NATIONAL,TERMINATING,+13125551004,+155509938,Casey Rivera,+155509938,rnd-798-42,HuntGroup,HuntGroup,True,No,Success,Success,,always-pause-resume,2026-08-19
2026-09-04 06:55:30,1806,Casey Rivera,London,SIP_ENTERPRISE,TERMINATING,+13125551002,+13125551003,Sam Chen,Taylor Brooks,rnd-799-42,SimultaneousRingPersonal,User,True,Yes-PostRedirection,Success,Success,,always,2026-09-04
2026-08-06 20:50:07,2398,Casey Rivera,Dallas,SIP_ENTERPRISE,ORIGINATING,+13125551008,+13125551006,Priya Nair,Riley Park,rnd-800-42,HuntGroup,HuntGroup,False,Yes,Refusal,CallRejected,,,2026-08-06
2026-09-01 10:20:31,1992,Morgan Quinn,London,SIP_ENTERPRISE,ORIGINATING,+13125551007,+13125551006,Jamie Ortiz,Riley Park,rnd-801-42,HuntGroup,User,True,No,Success,Success,,always,2026-09-01
2026-08-12 22:53:11,1465,Jordan Lee,Dallas,SIP_ENTERPRISE,ORIGINATING,+13125551000,+13125551009,Alex Morgan,Marcus Webb,rnd-802-42,HuntGroup,HuntGroup,True,Yes,Success,Success,,always-pause-resume,2026-08-12
2026-08-25 10:02:35,2207,Casey Rivera,Singapore,SIP_INTERNATIONAL,ORIGINATING,+13125551004,+155509941,Casey Rivera,+155509941,rnd-803-42,CallForwardNoAnswer,HuntGroup,True,Yes,Success,Success,success,,2026-08-25
2026-09-04 00:37:55,731,Taylor Brooks,London,SIP_MOBILE,ORIGINATING,+13125551003,+155509918,Taylor Brooks,+155509918,rnd-804-42,CallForwardNoAnswer,User,False,Yes,Refusal,CallRejected,,always,2026-09-04
2026-08-13 13:29:30,407,Jamie Ortiz,London,SIP_NATIONAL,ORIGINATING,+13125551007,+155509971,Jamie Ortiz,+155509971,rnd-805-42,,User,True,No,Success,Success,,always,2026-08-13
2026-08-09 02:18:27,1233,Marcus Webb,London,SIP_INBOUND,ORIGINATING,+155509992,+13125551009,+155509992,Marcus Webb,rnd-806-42,,User,True,No,Success,Success,,always-pause-resume,2026-08-09
2026-08-24 15:24:26,2082,Sam Chen,Denver,SIP_ENTERPRISE,TERMINATING,+13125551004,+13125551009,Casey Rivera,Marcus Webb,rnd-807-42,CallForwardNoAnswer,HuntGroup,True,Yes-PostRedirection,Success,Success,,,2026-08-24
2026-08-15 13:45:00,31,Sam Chen,London,SIP_ENTERPRISE,TERMINATING,+13125551002,+13125551003,Sam Chen,Taylor Brooks,rnd-808-42,CallForwardNoAnswer,User,True,No,Success,Success,,always-pause-resume,2026-08-15
2026-08-25 18:35:05,450,Sam Chen,Dallas,SIP_ENTERPRISE,ORIGINATING,+13125551005,+13125551009,Morgan Quinn,Marcus Webb,rnd-809-42,CallForwardNoAnswer,AutomatedAttendantVideo,True,Yes,Success,Success,,,2026-08-25
2026-08-26 19:53:02,708,Taylor Brooks,London,SIP_ENTERPRISE,TERMINATING,+13125551008,+13125551007,Priya Nair,Jamie Ortiz,rnd-810-42,CallForwardNoAnswer,User,True,No,Success,Success,,always-pause-resume,2026-08-26
2026-09-03 23:08:29,1259,Morgan Quinn,Dallas,SIP_NATIONAL,TERMINATING,+13125551005,+155509964,Morgan Quinn,+155509964,rnd-811-42,SimultaneousRingPersonal,User,True,No,Success,Success,,always,2026-09-03
2026-09-05 00:41:52,1128,Sam Chen,London,SIP_ENTERPRISE,ORIGINATING,+13125551004,+13125551005,Casey Rivera,Morgan Quinn,rnd-812-42,HuntGroup,CallCenterPremium,False,No,Refusal,CallRejected,,always-pause-resume,2026-09-05
2026-08-23 07:12:09,2065,Taylor Brooks,Singapore,SIP_NATIONAL,TERMINATING,+13125551003,+155509971,Taylor Brooks,+155509971,rnd-813-42,Deflection,HuntGroup,True,No,Success,Success,success,,2026-08-23
2026-09-04 18:02:25,1541,Taylor Brooks,Denver,SIP_INBOUND,TERMINATING,+155509966,+13125551003,+155509966,Taylor Brooks,rnd-814-42,CallQueue,CallCenterPremium,False,Yes,Refusal,CallRejected,,,2026-09-04
2026-08-08 07:02:51,2356,Sam Chen,Dallas,SIP_INTERNATIONAL,TERMINATING,+13125551002,+155509994,Sam Chen,+155509994,rnd-815-42,CallForwardNoAnswer,HuntGroup,True,Yes,Success,Success,,always,2026-08-08
2026-08-29 22:26:34,1831,Morgan Quinn,Denver,SIP_ENTERPRISE,TERMINATING,+13125551003,+13125551008,Taylor Brooks,Priya Nair,rnd-816-42,CallForwardBusy,HuntGroup,True,Yes-PostRedirection,Success,Success,,always-pause-resume,2026-08-29
2026-08-13 21:59:10,493,Alex Morgan,Dallas,SIP_NATIONAL,TERMINATING,+13125551000,+155509917,Alex Morgan,+155509917,rnd-817-42,Deflection,AutomatedAttendantVideo,True,No,Success,Success,,always,2026-08-13
2026-09-04 18:04:56,2020,Morgan Quinn,Singapore,SIP_MOBILE,ORIGINATING,+13125551005,+155509981,Morgan Quinn,+155509981,rnd-818-42,ConsultativeTransfer,AutomatedAttendantVideo,True,Yes,Success,Success,success,,2026-09-04
2026-09-03 14:20:15,1770,Taylor Brooks,Chicago,SIP_INBOUND,ORIGINATING,+155509919,+13125551003,+155509919,Taylor Brooks,rnd-819-42,HuntGroup,CallCenterPremium,True,Yes-PostRedirection,Success,Success,,,2026-09-03
2026-08-28 22:09:25,1602,Riley Park,Singapore,SIP_INTERNATIONAL,TERMINATING,+13125551006,+155509984,Riley Park,+155509984,rnd-820-42,,HuntGroup,False,Yes-PostRedirection,Refusal,CallRejected,,always,2026-08-28
2026-08-29 20:49:34,630,Morgan Quinn,Singapore,SIP_INBOUND,ORIGINATING,+155509978,+13125551005,+155509978,Morgan Quinn,rnd-821-42,ConsultativeTransfer,AutomatedAttendantVideo,True,No,Success,Success,,always,2026-08-29
2026-08-16 03:37:51,831,Taylor Brooks,Dallas,SIP_ENTERPRISE,ORIGINATING,+13125551003,+13125551006,Taylor Brooks,Riley Park,rnd-822-42,,User,True,No,Success,Success,,always,2026-08-16
2026-08-19 18:18:02,206,Taylor Brooks,London,SIP_NATIONAL,ORIGINATING,+13125551003,+155509921,Taylor Brooks,+155509921,rnd-823-42,CallQueue,User,True,Yes,Success,Success,,always,2026-08-19
2026-09-04 03:52:39,1705,Morgan Quinn,Denver,SIP_NATIONAL,ORIGINATING,+13125551005,+155509942,Morgan Quinn,+155509942,rnd-824-42,,User,True,Yes,Success,Success,,always-pause-resume,2026-09-04
2026-08-30 21:44:17,1481,Jordan Lee,Denver,SIP_ENTERPRISE,ORIGINATING,+13125551004,+13125551003,Casey Rivera,Taylor Brooks,rnd-825-42,SimultaneousRingPersonal,CallCenterPremium,True,Yes,Success,Success,,always-pause-resume,2026-08-30
2026-08-28 14:50:38,1024,Alex Morgan,Dallas,SIP_MOBILE,ORIGINATING,+13125551000,+155509914,Alex Morgan,+155509914,rnd-826-42,CallForwardBusy,HuntGroup,True,Yes-PostRedirection,Success,Success,,always-pause-resume,2026-08-28
2026-08-17 12:32:52,711,Sam Chen,London,SIP_ENTERPRISE,ORIGINATING,+13125551002,+13125551006,Sam Chen,Riley Park,rnd-827-42,Deflection,CallCenterPremium,True,Yes,Success,Success,,always-pause-resume,2026-08-17
2026-08-18 12:19:07,1320,Casey Rivera,Singapore,SIP_ENTERPRISE,TERMINATING,+13125551007,+13125551000,Jamie Ortiz,Alex Morgan,rnd-828-42,Deflection,AutomatedAttendantVideo,False,No,Refusal,CallRejected,success,,2026-08-18
2026-08-28 09:33:24,1433,Jordan Lee,Chicago,SIP_ENTERPRISE,TERMINATING,+13125551001,+13125551008,Jordan Lee,Priya Nair,rnd-829-42,,User,True,Yes-PostRedirection,Success,Success,,,2026-08-28
2026-08-06 00:32:12,1327,Casey Rivera,Dallas,SIP_ENTERPRISE,ORIGINATING,+13125551001,+13125551008,Jordan Lee,Priya Nair,rnd-830-42,ConsultativeTransfer,User,True,Yes-PostRedirection,Success,Success,,always,2026-08-06
2026-08-30 23:15:10,1659,Jordan Lee,Chicago,SIP_ENTERPRISE,TERMINATING,+13125551004,+13125551002,Casey Rivera,Sam Chen,rnd-831-42,HuntGroup,HuntGroup,True,No,Success,Success,,,2026-08-30
2026-08-24 07:32:37,1348,Casey Rivera,Dallas,SIP_ENTERPRISE,ORIGINATING,+13125551000,+13125551007,Alex Morgan,Jamie Ortiz,rnd-832-42,CallForwardBusy,User,True,Yes,Success,Success,,always,2026-08-24
2026-08-25 16:09:54,1630,Taylor Brooks,Dallas,SIP_NATIONAL,TERMINATING,+13125551003,+155509990,Taylor Brooks,+155509990,rnd-833-42,,User,True,No,Success,Success,,,2026-08-25
2026-08-14 03:31:35,1386,Casey Rivera,Singapore,SIP_ENTERPRISE,ORIGINATING,+13125551007,+13125551009,Jamie Ortiz,Marcus Webb,rnd-834-42,HuntGroup,AutomatedAttendantVideo,True,No,Success,Success,,always,2026-08-14
2026-08-30 05:46:26,522,Alex Morgan,Singapore,SIP_ENTERPRISE,ORIGINATING,+13125551001,+13125551009,Jordan Lee,Marcus Webb,rnd-835-42,HuntGroup,User,False,No,Refusal,TemporarilyUnavailable,,always-pause-resume,2026-08-30
2026-08-23 03:39:14,2097,Priya Nair,Dallas,SIP_INTERNATIONAL,ORIGINATING,+13125551008,+155509955,Priya Nair,+155509955,rnd-836-42,Deflection,AutomatedAttendantVideo,True,No,Success,Success,,,2026-08-23
2026-08-13 03:26:06,0,Morgan Quinn,Dallas,SIP_INTERNATIONAL,TERMINATING,+13125551005,+155509988,Morgan Quinn,+155509988,rnd-837-42,CallForwardBusy,User,True,Yes,Success,Success,,always-pause-resume,2026-08-13
2026-08-15 04:35:36,1921,Riley Park,London,SIP_MOBILE,TERMINATING,+13125551006,+155509981,Riley Park,+155509981,rnd-838-42,CallForwardBusy,HuntGroup,True,Yes-PostRedirection,Success,Success,,,2026-08-15
2026-09-04 17:42:04,593,Riley Park,Dallas,SIP_ENTERPRISE,TERMINATING,+13125551003,+13125551007,Taylor Brooks,Jamie Ortiz,rnd-839-42,SimultaneousRingPersonal,AutomatedAttendantVideo,True,Yes,Success,Success,,always,2026-09-04
2026-08-31 20:44:26,1649,Casey Rivera,Dallas,SIP_ENTERPRISE,ORIGINATING,+13125551002,+13125551004,Sam Chen,Casey Rivera,rnd-840-42,CallForwardNoAnswer,User,True,Yes,Success,Success,,,2026-08-31
2026-08-09 15:15:54,1934,Jordan Lee,Singapore,SIP_ENTERPRISE,ORIGINATING,+13125551008,+13125551007,Priya Nair,Jamie Ortiz,rnd-841-42,HuntGroup,User,True,Yes,Success,Success,,always-pause-resume,2026-08-09
2026-08-31 23:27:18,694,Jamie Ortiz,London,SIP_ENTERPRISE,ORIGINATING,+13125551004,+13125551003,Casey Rivera,Taylor Brooks,rnd-842-42,CallQueue,HuntGroup,True,Yes-PostRedirection,Success,Success,,,2026-08-31
2026-09-01 19:37:23,1732,Jamie Ortiz,London,SIP_ENTERPRISE,TERMINATING,+13125551004,+13125551005,Casey Rivera,Morgan Quinn,rnd-843-42,SimultaneousRingPersonal,HuntGroup,False,No,Refusal,CallRejected,,always-pause-resume,2026-09-01
2026-08-08 13:49:17,2032,Jamie Ortiz,Dallas,SIP_ENTERPRISE,TERMINATING,+13125551007,+13125551009,Jamie Ortiz,Marcus Webb,rnd-844-42,SimultaneousRingPersonal,User,True,Yes-PostRedirection,Success,Success,,always,2026-08-08
2026-08-24 07:12:54,393,Jordan Lee,Singapore,SIP_NATIONAL,ORIGINATING,+13125551001,+155509960,Jordan Lee,+155509960,rnd-845-42,HuntGroup,HuntGroup,False,No,Refusal,UnassignedNumber,,always-pause-resume,2026-08-24
2026-08-23 18:34:07,110,Riley Park,London,SIP_ENTERPRISE,TERMINATING,+13125551005,+13125551001,Morgan Quinn,Jordan Lee,rnd-846-42,Deflection,HuntGroup,True,No,Success,Success,,always-pause-resume,2026-08-23
2026-08-17 02:47:24,1138,Morgan Quinn,Dallas,SIP_INBOUND,TERMINATING,+155509936,+13125551005,+155509936,Morgan Quinn,rnd-847-42,SimultaneousRingPersonal,User,True,Yes,Success,Success,,always-pause-resume,2026-08-17
2026-09-01 13:20:41,937,Marcus Webb,Singapore,SIP_ENTERPRISE,TERMINATING,+13125551001,+13125551007,Jordan Lee,Jamie Ortiz,rnd-848-42,ConsultativeTransfer,CallCenterPremium,True,Yes,Success,Success,,always-pause-resume,2026-09-01
2026-09-01 12:50:46,1485,Morgan Quinn,London,SIP_ENTERPRISE,TERMINATING,+13125551001,+13125551004,Jordan Lee,Casey Rivera,rnd-849-42,CallForwardNoAnswer,AutomatedAttendantVideo,True,Yes-PostRedirection,Success,Success,,always,2026-09-01
2026-08-18 08:05:26,375,Taylor Brooks,Chicago,SIP_INBOUND,TERMINATING,+155509953,+13125551003,+155509953,Taylor Brooks,rnd-850-42,SimultaneousRingPersonal,User,True,No,Success,Success,,always,2026-08-18
2026-09-01 04:41:13,2340,Casey Rivera,Singapore,SIP_NATIONAL,ORIGINATING,+13125551004,+155509980,Casey Rivera,+155509980,rnd-851-42,CallForwardNoAnswer,User,True,No,Success,Success,,always,2026-09-01
2026-08-31 19:56:11,1808,Taylor Brooks,Dallas,UNKNOWN,TERMINATING,+13125551003,+155509988,Taylor Brooks,+155509988,rnd-852-42,,CallCenterPremium,True,Yes-PostRedirection,Success,Success,success,,2026-08-31
2026-09-05 22:47:21,2384,Sam Chen,Singapore,SIP_ENTERPRISE,TERMINATING,+13125551006,+13125551004,Riley Park,Casey Rivera,rnd-853-42,SimultaneousRingPersonal,User,True,No,Success,Success,,always,2026-09-05
2026-08-15 22:11:42,1016,Sam Chen,Denver,SIP_ENTERPRISE,TERMINATING,+13125551008,+13125551007,Priya Nair,Jamie Ortiz,rnd-854-42,CallQueue,AutomatedAttendantVideo,True,Yes,Success,Success,success,,2026-08-15
2026-08-16 19:10:01,1910,Priya Nair,Dallas,SIP_INBOUND,TERMINATING,+155509985,+13125551008,+155509985,Priya Nair,rnd-855-42,CallQueue,User,True,Yes,Success,Success,,,2026-08-16
2026-08-19 21:39:37,610,Morgan Quinn,London,SIP_INBOUND,TERMINATING,+155509913,+13125551005,+155509913,Morgan Quinn,rnd-856-42,SimultaneousRingPersonal,HuntGroup,False,Yes,Refusal,TemporarilyUnavailable,,always-pause-resume,2026-08-19
2026-08-12 16:06:42,1358,Priya Nair,Denver,SIP_ENTERPRISE,TERMINATING,+13125551006,+13125551002,Riley Park,Sam Chen,rnd-857-42,Deflection,AutomatedAttendantVideo,True,Yes,Success,Success,,,2026-08-12
2026-08-29 09:19:22,265,Jordan Lee,Singapore,SIP_INBOUND,ORIGINATING,+155509933,+13125551001,+155509933,Jordan Lee,rnd-858-42,,HuntGroup,True,Yes,Success,Success,,always-pause-resume,2026-08-29
2026-08-08 18:17:40,1948,Riley Park,London,SIP_INTERNATIONAL,TERMINATING,+13125551006,+155509965,Riley Park,+155509965,rnd-859-42,,User,True,Yes,Success,Success,success,always-pause-resume,2026-08-08
2026-08-18 10:39:44,1855,Jordan Lee,Denver,SIP_ENTERPRISE,ORIGINATING,+13125551009,+13125551000,Marcus Webb,Alex Morgan,rnd-860-42,HuntGroup,User,True,Yes,Success,Success,success,always,2026-08-18
2026-09-04 20:55:05,1580,Alex Morgan,Denver,SIP_ENTERPRISE,ORIGINATING,+13125551005,+13125551001,Morgan Quinn,Jordan Lee,rnd-861-42,,User,True,Yes-PostRedirection,Success,Success,,always,2026-09-04
2026-09-05 05:58:34,1537,Sam Chen,Singapore,SIP_ENTERPRISE,TERMINATING,+13125551002,+13125551009,Sam Chen,Marcus Webb,rnd-862-42,Deflection,AutomatedAttendantVideo,True,Yes,Success,Success,,,2026-09-05
2026-09-02 12:50:44,1198,Jordan Lee,Denver,SIP_NATIONAL,ORIGINATING,+13125551001,+155509973,Jordan Lee,+155509973,rnd-863-42,ConsultativeTransfer,AutomatedAttendantVideo,False,No,Refusal,UnassignedNumber,,always-pause-resume,2026-09-02
2026-09-03 18:52:59,481,Riley Park,London,SIP_ENTERPRISE,ORIGINATING,+13125551002,+13125551004,Sam Chen,Casey Rivera,rnd-864-42,SimultaneousRingPersonal,User,True,No,Success,Success,,always,2026-09-03
2026-09-03 09:57:29,2134,Marcus Webb,Chicago,SIP_MOBILE,TERMINATING,+13125551009,+155509976,Marcus Webb,+155509976,rnd-865-42,CallForwardBusy,User,False,No,Refusal,TemporarilyUnavailable,,always,2026-09-03
2026-08-19 21:14:27,1787,Riley Park,London,SIP_ENTERPRISE,TERMINATING,+13125551005,+13125551009,Morgan Quinn,Marcus Webb,rnd-866-42,CallForwardNoAnswer,CallCenterPremium,True,No,Success,Success,,,2026-08-19
2026-08-27 15:58:58,370,Alex Morgan,Dallas,SIP_ENTERPRISE,TERMINATING,+13125551008,+13125551002,Priya Nair,Sam Chen,rnd-867-42,Deflection,AutomatedAttendantVideo,True,Yes,Success,Success,,always,2026-08-27
2026-09-04 23:16:31,219,Morgan Quinn,Singapore,SIP_ENTERPRISE,TERMINATING,+13125551008,+13125551009,Priya Nair,Marcus Webb,rnd-868-42,Deflection,User,True,Yes,Success,Success,,always-pause-resume,2026-09-04
2026-09-04 10:46:24,838,Morgan Quinn,Chicago,SIP_MOBILE,ORIGINATING,+13125551005,+155509936,Morgan Quinn,+155509936,rnd-869-42,CallForwardNoAnswer,User,True,Yes,Success,Success,,,2026-09-04
2026-08-31 05:20:47,940,Sam Chen,London,SIP_NATIONAL,TERMINATING,+13125551002,+155509989,Sam Chen,+155509989,rnd-870-42,SimultaneousRingPersonal,HuntGroup,True,Yes-PostRedirection,Success,Success,success,,2026-08-31
2026-09-01 18:37:30,1681,Taylor Brooks,Denver,SIP_INBOUND,TERMINATING,+155509972,+13125551003,+155509972,Taylor Brooks,rnd-871-42,Deflection,HuntGroup,True,Yes-PostRedirection,Success,Success,,always-pause-resume,2026-09-01
2026-08-07 07:05:55,293,Sam Chen,Dallas,SIP_NATIONAL,TERMINATING,+13125551002,+155509933,Sam Chen,+155509933,rnd-872-42,ConsultativeTransfer,HuntGroup,True,No,Success,Success,,,2026-08-07
2026-08-28 03:58:38,1178,Casey Rivera,Singapore,SIP_INBOUND,ORIGINATING,+155509935,+13125551004,+155509935,Casey Rivera,rnd-873-42,,User,True,Yes,Success,Success,success,,2026-08-28
