Start time,Duration,User,Location,Call type,Direction,Calling number,Called number,Calling display,Called display,Correlation ID,Related reason,User type,Answered,Answer indicator,Call outcome,Call outcome reason,Call Recording Result,Call Recording Trigger,_day
2026-08-15 15:41:44,700,Jamie Ortiz,Dallas,SIP_ENTERPRISE,ORIGINATING,+13125551007,+13125551003,Jamie Ortiz,Taylor Brooks,story-0,,User,True,Yes,Success,Success,,,2026-08-15
2026-08-15 15:41:46,700,Taylor Brooks,Denver,SIP_ENTERPRISE,TERMINATING,+13125551007,+13125551003,Jamie Ortiz,Taylor Brooks,story-0,,User,True,Yes,Success,Success,,,2026-08-15
2026-08-12 18:38:28,858,Jordan Lee,Dallas,SIP_ENTERPRISE,ORIGINATING,+13125551001,+13125551005,Jordan Lee,Morgan Quinn,story-2,,User,True,Yes,Success,Success,,,2026-08-12
2026-08-12 18:38:30,858,Morgan Quinn,London,SIP_ENTERPRISE,TERMINATING,+13125551001,+13125551005,Jordan Lee,Morgan Quinn,story-2,,User,True,Yes,Success,Success,,,2026-08-12
2026-08-29 07:07:14,112,Casey Rivera,London,SIP_ENTERPRISE,ORIGINATING,+13125551004,+13125551007,Casey Rivera,Jamie Ortiz,story-4,,User,True,Yes,Success,Success,,,2026-08-29
2026-08-29 07:07:16,112,Jamie Ortiz,London,SIP_ENTERPRISE,TERMINATING,+13125551004,+13125551007,Casey Rivera,Jamie Ortiz,story-4,,User,True,Yes,Success,Success,,,2026-08-29
2026-08-21 14:20:38,731,Casey Rivera,Denver,SIP_ENTERPRISE,ORIGINATING,+13125551004,+13125551001,Casey Rivera,Jordan Lee,story-6,,User,True,Yes,Success,Success,,,2026-08-21
2026-08-21 14:20:40,731,Jordan Lee,London,SIP_ENTERPRISE,TERMINATING,+13125551004,+13125551001,Casey Rivera,Jordan Lee,story-6,,User,True,Yes,Success,Success,,,2026-08-21
2026-09-03 19:47:38,292,Priya Nair,London,SIP_ENTERPRISE,ORIGINATING,+13125551008,+13125551002,Priya Nair,Sam Chen,story-8,,User,True,Yes,Success,Success,,,2026-09-03
2026-09-03 19:47:40,292,Sam Chen,Denver,SIP_ENTERPRISE,TERMINATING,+13125551008,+13125551002,Priya Nair,Sam Chen,story-8,,User,True,Yes,Success,Success,,,2026-09-03
2026-08-14 18:01:27,724,Riley Park,Singapore,SIP_ENTERPRISE,ORIGINATING,+13125551006,+13125551002,Riley Park,Sam Chen,story-10,,User,True,Yes,Success,Success,,,2026-08-14
2026-08-14 18:01:29,724,Sam Chen,Singapore,SIP_ENTERPRISE,TERMINATING,+13125551006,+13125551002,Riley Park,Sam Chen,story-10,,User,True,Yes,Success,Success,,,2026-08-14
2026-08-17 18:35:22,232,Jamie Ortiz,Denver,SIP_ENTERPRISE,ORIGINATING,+13125551007,+13125551003,Jamie Ortiz,Taylor Brooks,story-12,,User,True,Yes,Success,Success,,,2026-08-17
2026-08-17 18:35:24,232,Taylor Brooks,Chicago,SIP_ENTERPRISE,TERMINATING,+13125551007,+13125551003,Jamie Ortiz,Taylor Brooks,story-12,,User,True,Yes,Success,Success,,,2026-08-17
2026-09-04 21:41:51,227,Morgan Quinn,Dallas,SIP_ENTERPRISE,ORIGINATING,+13125551005,+13125551004,Morgan Quinn,Casey Rivera,story-14,,User,True,Yes,Success,Success,,,2026-09-04
2026-09-04 21:41:53,227,Casey Rivera,Denver,SIP_ENTERPRISE,TERMINATING,+13125551005,+13125551004,Morgan Quinn,Casey Rivera,story-14,,User,True,Yes,Success,Success,,,2026-09-04
2026-08-09 11:34:30,0,Riley Park,Dallas,SIP_INBOUND,TERMINATING,+155501020,+13125551006,+155501020,Riley Park,story-16,CallForwardNoAnswer,User,False,No,Success,NoAnswer,,,2026-08-09
2026-08-09 11:34:38,156,Riley Park,Chicago,SIP_INBOUND,TERMINATING,+155501020,+13125551006,+155501020,Riley Park's voicemail,story-16,CallForwardNoAnswer,VoiceMailRetrieval,True,Yes-PostRedirection,Success,Normal,,,2026-08-09
2026-08-15 15:02:16,0,Taylor Brooks,Singapore,SIP_INBOUND,TERMINATING,+155501053,+13125551003,+155501053,Taylor Brooks,story-18,CallForwardNoAnswer,User,False,No,Success,NoAnswer,,,2026-08-15
2026-08-15 15:02:24,62,Taylor Brooks,London,SIP_INBOUND,TERMINATING,+155501053,+13125551003,+155501053,Taylor Brooks's voicemail,story-18,CallForwardNoAnswer,VoiceMailRetrieval,True,Yes-PostRedirection,Success,Normal,,,2026-08-15
2026-08-12 08:44:26,0,Marcus Webb,London,SIP_INBOUND,TERMINATING,+155501079,+13125551009,+155501079,Marcus Webb,story-20,CallForwardNoAnswer,User,False,No,Success,NoAnswer,,,2026-08-12
2026-08-12 08:44:34,126,Marcus Webb,Singapore,SIP_INBOUND,TERMINATING,+155501079,+13125551009,+155501079,Marcus Webb's voicemail,story-20,CallForwardNoAnswer,VoiceMailRetrieval,True,Yes-PostRedirection,Success,Normal,,,2026-08-12
2026-08-25 09:43:35,0,Jamie Ortiz,Denver,SIP_INBOUND,TERMINATING,+155501053,+13125551007,+155501053,Jamie Ortiz,story-22,CallForwardNoAnswer,User,False,No,Success,NoAnswer,,,2026-08-25
2026-08-25 09:43:43,175,Jamie Ortiz,Dallas,SIP_INBOUND,TERMINATING,+155501053,+13125551007,+155501053,Jamie Ortiz's voicemail,story-22,CallForwardNoAnswer,VoiceMailRetrieval,True,Yes-PostRedirection,Success,Normal,,,2026-08-25
2026-08-06 15:20:22,0,Sam Chen,Denver,SIP_INBOUND,TERMINATING,+155501067,+13125551002,+155501067,Sam Chen,story-24,CallForwardNoAnswer,User,False,No,Success,NoAnswer,,,2026-08-06
2026-08-06 15:20:30,46,Sam Chen,Chicago,SIP_INBOUND,TERMINATING,+155501067,+13125551002,+155501067,Sam Chen's voicemail,story-24,CallForwardNoAnswer,VoiceMailRetrieval,True,Yes-PostRedirection,Success,Normal,,,2026-08-06
2026-08-06 23:46:44,0,Priya Nair,London,SIP_INBOUND,TERMINATING,+155501057,+13125551008,+155501057,Priya Nair,story-26,CallForwardNoAnswer,User,False,No,Success,NoAnswer,,,2026-08-06
2026-08-06 23:46:52,34,Priya Nair,Denver,SIP_INBOUND,TERMINATING,+155501057,+13125551008,+155501057,Priya Nair's voicemail,story-26,CallForwardNoAnswer,VoiceMailRetrieval,True,Yes-PostRedirection,Success,Normal,,,2026-08-06
2026-08-15 03:36:30,30,HR Hotline AA,London,SIP_INBOUND,TERMINATING,+155501056,+13125552005,+155501056,HR Hotline AA,story-28,Deflection,AutomatedAttendantVideo,True,Yes,Success,Success,,,2026-08-15
2026-08-15 03:36:50,162,Marcus Webb,Dallas,SIP_INBOUND,TERMINATING,+155501056,+13125553004,+155501056,Overflow Queue,story-28,CallQueue,CallCenterPremium,True,Yes,Success,Success,,,2026-08-15
2026-09-02 05:08:14,31,Billing AA,London,SIP_INBOUND,TERMINATING,+155501028,+13125552004,+155501028,Billing AA,story-30,Deflection,AutomatedAttendantVideo,True,Yes,Success,Success,,,2026-09-02
2026-09-02 05:08:34,517,Morgan Quinn,Singapore,SIP_INBOUND,TERMINATING,+155501028,+13125553003,+155501028,VIP Queue,story-30,CallQueue,CallCenterPremium,True,Yes,Success,Success,,,2026-09-02
2026-08-14 11:32:31,35,Sales IVR,Dallas,SIP_INBOUND,TERMINATING,+155501033,+13125552002,+155501033,Sales IVR,story-32,Deflection,AutomatedAttendantVideo,True,Yes,Success,Success,,,2026-08-14
2026-08-14 11:32:51,451,Casey Rivera,Singapore,SIP_INBOUND,TERMINATING,+155501033,+13125553002,+155501033,Billing Queue,story-32,CallQueue,CallCenterPremium,True,Yes,Success,Success,,,2026-08-14
2026-08-22 11:33:27,5,Executive AA,Singapore,SIP_INBOUND,TERMINATING,+155501024,+13125552007,+155501024,Executive AA,story-34,Deflection,AutomatedAttendantVideo,True,Yes,Success,Success,,,2026-08-22
2026-08-22 11:33:47,530,Sam Chen,Chicago,SIP_INBOUND,TERMINATING,+155501024,+13125553005,+155501024,Technical Triage,story-34,CallQueue,CallCenterPremium,True,Yes,Success,Success,,,2026-08-22
2026-08-16 09:47:55,39,HR Hotline AA,Singapore,SIP_INBOUND,TERMINATING,+155501024,+13125552005,+155501024,HR Hotline AA,story-36,Deflection,AutomatedAttendantVideo,True,Yes,Success,Success,,,2026-08-16
2026-08-16 09:48:15,64,Jamie Ortiz,Denver,SIP_INBOUND,TERMINATING,+155501024,+13125553006,+155501024,Returns Desk,story-36,CallQueue,CallCenterPremium,True,Yes,Success,Success,,,2026-08-16
2026-08-14 02:35:01,105,Alex Morgan,Dallas,SIP_INBOUND,TERMINATING,+155501046,+13125551000,+155501046,Alex Morgan,story-38,,User,True,Yes,Success,Success,,,2026-08-14
2026-08-14 02:36:31,161,Morgan Quinn,Chicago,SIP_INBOUND,TERMINATING,+155501046,+13125551005,+155501046,Morgan Quinn,story-38,ConsultativeTransfer,User,True,Yes,Success,Success,,,2026-08-14
2026-08-21 20:26:02,67,Alex Morgan,Singapore,SIP_INBOUND,TERMINATING,+155501041,+13125551000,+155501041,Alex Morgan,story-40,,User,True,Yes,Success,Success,,,2026-08-21
2026-08-21 20:27:32,274,Marcus Webb,Dallas,SIP_INBOUND,TERMINATING,+155501041,+13125551009,+155501041,Marcus Webb,story-40,ConsultativeTransfer,User,True,Yes,Success,Success,,,2026-08-21
2026-08-30 00:37:22,54,Jamie Ortiz,Dallas,SIP_INBOUND,TERMINATING,+155501064,+13125551007,+155501064,Jamie Ortiz,story-42,,User,True,Yes,Success,Success,,,2026-08-30
2026-08-30 00:38:52,184,Alex Morgan,Chicago,SIP_INBOUND,TERMINATING,+155501064,+13125551000,+155501064,Alex Morgan,story-42,ConsultativeTransfer,User,True,Yes,Success,Success,,,2026-08-30
2026-08-26 08:41:15,101,Sam Chen,Chicago,SIP_INBOUND,TERMINATING,+155501037,+13125551002,+155501037,Sam Chen,story-44,,User,True,Yes,Success,Success,,,2026-08-26
2026-08-26 08:42:45,258,Casey Rivera,Dallas,SIP_INBOUND,TERMINATING,+155501037,+13125551004,+155501037,Casey Rivera,story-44,ConsultativeTransfer,User,True,Yes,Success,Success,,,2026-08-26
2026-08-23 07:53:46,470,Priya Nair,Chicago,SIP_INBOUND,TERMINATING,+155509975,+13125551008,+155509975,Priya Nair,rnd-0-99,ConsultativeTransfer,User,True,Yes-PostRedirection,Success,Success,,always,2026-08-23
2026-08-25 01:32:53,1398,Marcus Webb,Dallas,SIP_NATIONAL,ORIGINATING,+13125551009,+155509949,Marcus Webb,+155509949,rnd-1-99,CallQueue,User,True,No,Success,Success,,,2026-08-25
2026-09-04 23:10:50,1548,Alex Morgan,Dallas,SIP_NATIONAL,ORIGINATING,+13125551000,+155509987,Alex Morgan,+155509987,rnd-2-99,ConsultativeTransfer,User,True,No,Success,Success,,always-pause-resume,2026-09-04
2026-08-13 20:14:01,88,Marcus Webb,London,SIP_INBOUND,TERMINATING,+155509947,+13125551009,+155509947,Marcus Webb,rnd-3-99,CallQueue,CallCenterPremium,True,No,Success,Success,,always,2026-08-13
2026-08-07 05:58:45,1344,Morgan Quinn,Denver,SIP_ENTERPRISE,ORIGINATING,+13125551004,+13125551003,Casey Rivera,Taylor Brooks,rnd-4-99,Deflection,User,True,Yes-PostRedirection,Success,Success,,always-pause-resume,2026-08-07
2026-08-18 23:48:37,2151,Taylor Brooks,Dallas,SIP_INBOUND,ORIGINATING,+155509982,+13125551003,+155509982,Taylor Brooks,rnd-5-99,SimultaneousRingPersonal,User,True,Yes-PostRedirection,Success,Success,,always,2026-08-18
2026-08-31 23:12:54,255,Sam Chen,Denver,SIP_ENTERPRISE,ORIGINATING,+13125551006,+13125551002,Riley Park,Sam Chen,rnd-6-99,SimultaneousRingPersonal,CallCenterPremium,True,Yes,Success,Success,,always,2026-08-31
2026-08-24 05:38:29,377,Sam Chen,London,SIP_ENTERPRISE,TERMINATING,+13125551007,+13125551003,Jamie Ortiz,Taylor Brooks,rnd-7-99,CallForwardBusy,User,True,Yes,Success,Success,,always-pause-resume,2026-08-24
2026-08-28 21:11:06,2117,Casey Rivera,Dallas,SIP_ENTERPRISE,ORIGINATING,+13125551008,+13125551001,Priya Nair,Jordan Lee,rnd-8-99,CallForwardBusy,HuntGroup,True,Yes-PostRedirection,Success,Success,,always-pause-resume,2026-08-28
2026-08-18 06:12:00,1332,Taylor Brooks,Denver,SIP_INBOUND,ORIGINATING,+155509965,+13125551003,+155509965,Taylor Brooks,rnd-9-99,HuntGroup,User,True,Yes,Success,Success,,,2026-08-18
2026-08-15 01:52:58,2369,Casey Rivera,Chicago,SIP_ENTERPRISE,ORIGINATING,+13125551002,+13125551006,Sam Chen,Riley Park,rnd-10-99,CallForwardNoAnswer,AutomatedAttendantVideo,True,No,Success,Success,,always,2026-08-15
2026-08-20 00:34:51,1559,Taylor Brooks,Dallas,SIP_INTERNATIONAL,ORIGINATING,+13125551003,+155509929,Taylor Brooks,+155509929,rnd-11-99,Deflection,User,False,Yes,Refusal,CallRejected,,always,2026-08-20
2026-08-12 21:15:23,1782,Jordan Lee,Chicago,SIP_INBOUND,TERMINATING,+155509964,+13125551001,+155509964,Jordan Lee,rnd-12-99,CallForwardNoAnswer,User,False,Yes-PostRedirection,Refusal,UnassignedNumber,,always-pause-resume,2026-08-12
2026-08-31 01:26:57,141,Taylor Brooks,Chicago,SIP_ENTERPRISE,TERMINATING,+13125551004,+13125551003,Casey Rivera,Taylor Brooks,rnd-13-99,,AutomatedAttendantVideo,True,Yes,Success,Success,success,,2026-08-31
2026-08-29 01:18:58,77,Riley Park,Chicago,SIP_ENTERPRISE,ORIGINATING,+13125551007,+13125551006,Jamie Ortiz,Riley Park,rnd-14-99,CallQueue,User,True,No,Success,Success,,always,2026-08-29
2026-08-08 02:40:56,1391,Jamie Ortiz,London,SIP_MOBILE,ORIGINATING,+13125551007,+155509991,Jamie Ortiz,+155509991,rnd-15-99,SimultaneousRingPersonal,User,True,No,Success,Success,success,,2026-08-08
2026-08-26 09:18:45,1317,Alex Morgan,Chicago,SIP_INBOUND,ORIGINATING,+155509946,+13125551000,+155509946,Alex Morgan,rnd-16-99,ConsultativeTransfer,HuntGroup,True,No,Success,Success,,always,2026-08-26
2026-08-27 21:00:49,1586,Sam Chen,London,SIP_ENTERPRISE,TERMINATING,+13125551004,+13125551005,Casey Rivera,Morgan Quinn,rnd-17-99,CallQueue,User,True,Yes-PostRedirection,Success,Success,,,2026-08-27
2026-08-31 16:19:59,1195,Riley Park,Dallas,SIP_ENTERPRISE,TERMINATING,+13125551008,+13125551004,Priya Nair,Casey Rivera,rnd-18-99,CallForwardNoAnswer,HuntGroup,True,Yes,Success,Success,,always-pause-resume,2026-08-31
2026-08-14 18:43:21,2063,Priya Nair,Dallas,SIP_ENTERPRISE,ORIGINATING,+13125551003,+13125551009,Taylor Brooks,Marcus Webb,rnd-19-99,Deflection,User,True,Yes-PostRedirection,Success,Success,,,2026-08-14
2026-08-18 09:15:54,367,Alex Morgan,London,SIP_NATIONAL,ORIGINATING,+13125551000,+155509948,Alex Morgan,+155509948,rnd-20-99,CallQueue,User,True,Yes-PostRedirection,Success,Success,success,always-pause-resume,2026-08-18
2026-08-27 22:48:25,369,Priya Nair,Dallas,SIP_ENTERPRISE,TERMINATING,+13125551003,+13125551005,Taylor Brooks,Morgan Quinn,rnd-21-99,Deflection,CallCenterPremium,True,Yes-PostRedirection,Success,Success,,always-pause-resume,2026-08-27
2026-08-20 20:45:49,540,Taylor Brooks,Denver,SIP_INBOUND,TERMINATING,+155509990,+13125551003,+155509990,Taylor Brooks,rnd-22-99,,User,False,Yes-PostRedirection,Refusal,CallRejected,,always-pause-resume,2026-08-20
2026-08-23 06:41:34,89,Priya Nair,Denver,SIP_INBOUND,TERMINATING,+155509918,+13125551008,+155509918,Priya Nair,rnd-23-99,CallForwardNoAnswer,User,False,Yes,Refusal,CallRejected,,,2026-08-23
2026-08-16 04:42:18,0,Priya Nair,Denver,SIP_INTERNATIONAL,ORIGINATING,+13125551008,+155509990,Priya Nair,+155509990,rnd-24-99,,CallCenterPremium,True,No,Success,Success,,,2026-08-16
2026-08-22 21:19:41,435,Riley Park,Denver,SIP_ENTERPRISE,ORIGINATING,+13125551001,+13125551005,Jordan Lee,Morgan Quinn,rnd-25-99,Deflection,User,True,No,Success,Success,,always-pause-resume,2026-08-22
2026-08-24 09:30:36,1136,Marcus Webb,Denver,SIP_INBOUND,ORIGINATING,+155509999,+13125551009,+155509999,Marcus Webb,rnd-26-99,CallForwardNoAnswer,User,True,Yes,Success,Success,,always-pause-resume,2026-08-24
2026-08-22 05:34:51,1577,Casey Rivera,London,SIP_ENTERPRISE,ORIGINATING,+13125551007,+13125551003,Jamie Ortiz,Taylor Brooks,rnd-27-99,,User,False,Yes,Refusal,TemporarilyUnavailable,success,,2026-08-22
2026-09-05 15:41:15,2304,Jordan Lee,Denver,SIP_ENTERPRISE,ORIGINATING,+13125551005,+13125551009,Morgan Quinn,Marcus Webb,rnd-28-99,Deflection,User,True,Yes-PostRedirection,Success,Success,,,2026-09-05
2026-09-03 21:31:31,2039,Priya Nair,London,SIP_ENTERPRISE,TERMINATING,+13125551000,+13125551004,Alex Morgan,Casey Rivera,rnd-29-99,ConsultativeTransfer,User,True,Yes-PostRedirection,Success,Success,failed,always-pause-resume,2026-09-03
2026-08-14 22:39:14,236,Alex Morgan,Denver,SIP_INBOUND,TERMINATING,+155509927,+13125551000,+155509927,Alex Morgan,rnd-30-99,HuntGroup,HuntGroup,True,Yes,Success,Success,,,2026-08-14
2026-09-03 13:08:11,2201,Marcus Webb,Denver,SIP_NATIONAL,TERMINATING,+13125551009,+155509975,Marcus Webb,+155509975,rnd-31-99,,User,True,No,Success,Success,,,2026-09-03
2026-08-18 18:52:07,1968,Marcus Webb,Denver,UNKNOWN,ORIGINATING,+13125551009,+155509932,Marcus Webb,+155509932,rnd-32-99,ConsultativeTransfer,AutomatedAttendantVideo,False,Yes,Refusal,CallRejected,,always-pause-resume,2026-08-18
2026-08-13 22:19:10,1091,Riley Park,Dallas,SIP_ENTERPRISE,TERMINATING,+13125551007,+13125551008,Jamie Ortiz,Priya Nair,rnd-33-99,HuntGroup,HuntGroup,True,Yes-PostRedirection,Success,Success,,always,2026-08-13
2026-08-16 03:50:08,2066,Marcus Webb,Chicago,SIP_ENTERPRISE,ORIGINATING,+13125551007,+13125551003,Jamie Ortiz,Taylor Brooks,rnd-34-99,SimultaneousRingPersonal,User,True,No,Success,Success,,,2026-08-16
2026-08-15 19:16:17,1018,Jordan Lee,Dallas,SIP_INTERNATIONAL,ORIGINATING,+13125551001,+155509953,Jordan Lee,+155509953,rnd-35-99,ConsultativeTransfer,User,True,Yes-PostRedirection,Success,Success,,always,2026-08-15
2026-08-08 16:06:03,1797,Taylor Brooks,Denver,SIP_ENTERPRISE,TERMINATING,+13125551002,+13125551009,Sam Chen,Marcus Webb,rnd-36-99,SimultaneousRingPersonal,User,True,No,Success,Success,failed,,2026-08-08
2026-09-04 18:50:30,2334,Sam Chen,London,SIP_INBOUND,TERMINATING,+155509933,+13125551002,+155509933,Sam Chen,rnd-37-99,,AutomatedAttendantVideo,True,Yes-PostRedirection,Success,Success,,always-pause-resume,2026-09-04
2026-08-22 14:35:58,142,Jordan Lee,London,SIP_INBOUND,ORIGINATING,+155509972,+13125551001,+155509972,Jordan Lee,rnd-38-99,SimultaneousRingPersonal,CallCenterPremium,True,No,Success,Success,,always,2026-08-22
2026-08-28 14:27:10,1764,Jordan Lee,Singapore,SIP_ENTERPRISE,ORIGINATING,+13125551000,+13125551002,Alex Morgan,Sam Chen,rnd-39-99,ConsultativeTransfer,User,True,No,Success,Success,,always,2026-08-28
2026-08-16 17:21:55,851,Taylor Brooks,Chicago,SIP_INTERNATIONAL,TERMINATING,+13125551003,+155509955,Taylor Brooks,+155509955,rnd-40-99,HuntGroup,User,True,Yes,Success,Success,,always-pause-resume,2026-08-16
2026-08-06 12:56:20,173,Sam Chen,Singapore,SIP_ENTERPRISE,TERMINATING,+13125551006,+13125551004,Riley Park,Casey Rivera,rnd-41-99,ConsultativeTransfer,HuntGroup,True,Yes-PostRedirection,Success,Success,,always-pause-resume,2026-08-06
2026-08-16 08:42:17,64,Jamie Ortiz,London,SIP_ENTERPRISE,TERMINATING,+13125551005,+13125551001,Morgan Quinn,Jordan Lee,rnd-42-99,HuntGroup,HuntGroup,True,Yes-PostRedirection,Success,Success,,always,2026-08-16
2026-08-11 10:08:09,1109,Marcus Webb,Denver,SIP_ENTERPRISE,ORIGINATING,+13125551004,+13125551007,Casey Rivera,Jamie Ortiz,rnd-43-99,CallForwardNoAnswer,AutomatedAttendantVideo,True,Yes,Success,Success,,always,2026-08-11
2026-08-26 17:10:48,461,Jordan Lee,Dallas,SIP_ENTERPRISE,TERMINATING,+13125551003,+13125551000,Taylor Brooks,Alex Morgan,rnd-44-99,SimultaneousRingPersonal,User,True,Yes-PostRedirection,Success,Success,,always,2026-08-26
2026-09-01 23:20:32,2043,Riley Park,Denver,SIP_ENTERPRISE,ORIGINATING,+13125551009,+13125551000,Marcus Webb,Alex Morgan,rnd-45-99,ConsultativeTransfer,User,True,No,Success,Success,,always-pause-resume,2026-09-01
2026-08-20 13:09:59,2373,Casey Rivera,Denver,SIP_ENTERPRISE,ORIGINATING,+13125551003,+13125551005,Taylor Brooks,Morgan Quinn,rnd-46-99,CallQueue,AutomatedAttendantVideo,True,Yes,Success,Success,,always,2026-08-20
2026-08-25 17:59:53,1579,Morgan Quinn,London,SIP_INBOUND,TERMINATING,+155509964,+13125551005,+155509964,Morgan Quinn,rnd-47-99,CallForwardNoAnswer,CallCenterPremium,True,Yes,Success,Success,,always-pause-resume,2026-08-25
2026-09-04 04:36:19,158,Casey Rivera,Singapore,SIP_MOBILE,ORIGINATING,+13125551004,+155509980,Casey Rivera,+155509980,rnd-48-99,ConsultativeTransfer,User,True,Yes,Success,Success,,always-pause-resume,2026-09-04
2026-09-01 17:09:32,700,Jordan Lee,Chicago,SIP_ENTERPRISE,TERMINATING,+13125551001,+13125551000,Jordan Lee,Alex Morgan,rnd-49-99,HuntGroup,User,False,No,Refusal,CallRejected,success,always-pause-resume,2026-09-01
2026-08-24 14:02:52,2104,Jamie Ortiz,Dallas,SIP_ENTERPRISE,ORIGINATING,+13125551004,+13125551005,Casey Rivera,Morgan Quinn,rnd-50-99,CallForwardBusy,HuntGroup,True,Yes,Success,Success,,always,2026-08-24
2026-08-21 23:19:41,1918,Taylor Brooks,Singapore,SIP_ENTERPRISE,ORIGINATING,+13125551003,+13125551001,Taylor Brooks,Jordan Lee,rnd-51-99,,User,False,Yes,Refusal,UnassignedNumber,,always,2026-08-21
2026-08-10 00:59:43,1089,Jordan Lee,Singapore,SIP_INBOUND,TERMINATING,+155509996,+13125551001,+155509996,Jordan Lee,rnd-52-99,,AutomatedAttendantVideo,False,No,Refusal,TemporarilyUnavailable,,,2026-08-10
2026-08-23 21:33:26,2297,Jamie Ortiz,Dallas,SIP_ENTERPRISE,ORIGINATING,+13125551007,+13125551003,Jamie Ortiz,Taylor Brooks,rnd-53-99,ConsultativeTransfer,User,True,Yes-PostRedirection,Success,Success,,always,2026-08-23
2026-08-11 07:30:30,2149,Priya Nair,Dallas,SIP_ENTERPRISE,ORIGINATING,+13125551000,+13125551005,Alex Morgan,Morgan Quinn,rnd-54-99,HuntGroup,AutomatedAttendantVideo,True,Yes,Success,Success,,always,2026-08-11
2026-08-24 14:38:04,548,Casey Rivera,Denver,SIP_NATIONAL,TERMINATING,+13125551004,+155509931,Casey Rivera,+155509931,rnd-55-99,HuntGroup,HuntGroup,True,Yes,Success,Success,,always,2026-08-24
2026-08-26 17:02:01,421,Marcus Webb,Singapore,SIP_ENTERPRISE,TERMINATING,+13125551007,+13125551004,Jamie Ortiz,Casey Rivera,rnd-56-99,,User,True,Yes,Success,Success,,,2026-08-26
2026-08-15 10:20:08,77,Jamie Ortiz,Denver,SIP_ENTERPRISE,ORIGINATING,+13125551002,+13125551009,Sam Chen,Marcus Webb,rnd-57-99,ConsultativeTransfer,CallCenterPremium,True,Yes-PostRedirection,Success,Success,,,2026-08-15
2026-08-24 18:38:40,104,Taylor Brooks,Dallas,SIP_ENTERPRISE,TERMINATING,+13125551006,+13125551004,Riley Park,Casey Rivera,rnd-58-99,,User,True,Yes-PostRedirection,Success,Success,success,always,2026-08-24
2026-08-20 02:31:48,1005,Marcus Webb,Denver,SIP_MOBILE,TERMINATING,+13125551009,+155509941,Marcus Webb,+155509941,rnd-59-99,CallForwardBusy,User,True,Yes-PostRedirection,Success,Success,,always-pause-resume,2026-08-20
2026-08-30 11:27:14,1050,Riley Park,London,SIP_ENTERPRISE,TERMINATING,+13125551009,+13125551001,Marcus Webb,Jordan Lee,rnd-60-99,ConsultativeTransfer,AutomatedAttendantVideo,True,No,Success,Success,,,2026-08-30
2026-08-25 07:55:11,440,Riley Park,Denver,SIP_ENTERPRISE,ORIGINATING,+13125551007,+13125551002,Jamie Ortiz,Sam Chen,rnd-61-99,CallQueue,CallCenterPremium,False,Yes,Refusal,TemporarilyUnavailable,,,2026-08-25
2026-08-15 01:30:40,1773,Priya Nair,Denver,SIP_ENTERPRISE,ORIGINATING,+13125551007,+13125551002,Jamie Ortiz,Sam Chen,rnd-62-99,SimultaneousRingPersonal,CallCenterPremium,True,No,Success,Success,,always-pause-resume,2026-08-15
2026-09-02 08:21:37,2113,Morgan Quinn,Chicago,SIP_INBOUND,TERMINATING,+155509996,+13125551005,+155509996,Morgan Quinn,rnd-63-99,Deflection,HuntGroup,False,Yes,Refusal,CallRejected,,always,2026-09-02
2026-08-19 16:35:25,80,Riley Park,London,SIP_MOBILE,ORIGINATING,+13125551006,+155509927,Riley Park,+155509927,rnd-64-99,HuntGroup,CallCenterPremium,True,Yes-PostRedirection,Success,Success,,,2026-08-19
2026-08-26 09:49:52,1968,Marcus Webb,Singapore,SIP_INBOUND,TERMINATING,+155509950,+13125551009,+155509950,Marcus Webb,rnd-65-99,CallForwardBusy,User,False,No,Refusal,CallRejected,,always,2026-08-26
2026-08-13 15:27:21,1605,Morgan Quinn,Singapore,SIP_ENTERPRISE,ORIGINATING,+13125551000,+13125551002,Alex Morgan,Sam Chen,rnd-66-99,HuntGroup,AutomatedAttendantVideo,True,No,Success,Success,,always-pause-resume,2026-08-13
2026-08-07 02:53:54,767,Alex Morgan,London,SIP_NATIONAL,TERMINATING,+13125551000,+155509934,Alex Morgan,+155509934,rnd-67-99,,AutomatedAttendantVideo,True,Yes-PostRedirection,Success,Success,,,2026-08-07
2026-08-28 15:21:51,2047,Marcus Webb,Chicago,SIP_ENTERPRISE,TERMINATING,+13125551007,+13125551005,Jamie Ortiz,Morgan Quinn,rnd-68-99,CallQueue,CallCenterPremium,True,Yes-PostRedirection,Success,Success,,,2026-08-28
2026-09-02 21:12:59,2169,Sam Chen,Chicago,SIP_SHORTCODE,TERMINATING,+13125551002,+155509912,Sam Chen,+155509912,rnd-69-99,CallForwardNoAnswer,User,True,No,Success,Success,,always,2026-09-02
2026-08-17 20:27:18,2119,Casey Rivera,Chicago,SIP_INBOUND,ORIGINATING,+155509939,+13125551004,+155509939,Casey Rivera,rnd-70-99,HuntGroup,User,True,Yes,Success,Success,,,2026-08-17
2026-08-10 02:45:31,1786,Morgan Quinn,Singapore,SIP_ENTERPRISE,TERMINATING,+13125551005,+13125551003,Morgan Quinn,Taylor Brooks,rnd-71-99,ConsultativeTransfer,AutomatedAttendantVideo,True,Yes,Success,Success,,always,2026-08-10
2026-08-31 02:15:33,1344,Riley Park,Chicago,SIP_ENTERPRISE,ORIGINATING,+13125551001,+13125551004,Jordan Lee,Casey Rivera,rnd-72-99,CallForwardNoAnswer,User,True,Yes-PostRedirection,Success,Success,,always,2026-08-31
2026-08-25 01:14:15,2072,Jordan Lee,Denver,SIP_ENTERPRISE,ORIGINATING,+13125551002,+13125551006,Sam Chen,Riley Park,rnd-73-99,HuntGroup,AutomatedAttendantVideo,False,No,Refusal,TemporarilyUnavailable,,always-pause-resume,2026-08-25
2026-08-08 05:08:11,770,Marcus Webb,London,SIP_MOBILE,ORIGINATING,+13125551009,+155509986,Marcus Webb,+155509986,rnd-74-99,ConsultativeTransfer,AutomatedAttendantVideo,True,Yes,Success,Success,,always,2026-08-08
2026-09-02 03:47:56,893,Jamie Ortiz,Singapore,SIP_ENTERPRISE,TERMINATING,+13125551007,+13125551002,Jamie Ortiz,Sam Chen,rnd-75-99,HuntGroup,User,True,No,Success,Success,,always,2026-09-02
2026-08-06 00:38:42,1043,Morgan Quinn,London,SIP_INBOUND,TERMINATING,+155509919,+13125551005,+155509919,Morgan Quinn,rnd-76-99,HuntGroup,AutomatedAttendantVideo,True,Yes,Success,Success,,always,2026-08-06
2026-08-13 01:14:01,202,Sam Chen,Dallas,SIP_ENTERPRISE,TERMINATING,+13125551000,+13125551007,Alex Morgan,Jamie Ortiz,rnd-77-99,HuntGroup,User,True,Yes-PostRedirection,Success,Success,success,always,2026-08-13
2026-08-30 02:54:28,962,Marcus Webb,Denver,SIP_ENTERPRISE,ORIGINATING,+13125551000,+13125551002,Alex Morgan,Sam Chen,rnd-78-99,SimultaneousRingPersonal,User,True,Yes,Success,Success,,,2026-08-30
2026-08-23 12:19:13,1435,Marcus Webb,Dallas,SIP_ENTERPRISE,TERMINATING,+13125551006,+13125551003,Riley Park,Taylor Brooks,rnd-79-99,SimultaneousRingPersonal,CallCenterPremium,True,No,Success,Success,,always-pause-resume,2026-08-23
2026-08-21 05:05:29,2262,Priya Nair,Dallas,SIP_INTERNATIONAL,TERMINATING,+13125551008,+155509994,Priya Nair,+155509994,rnd-80-99,,AutomatedAttendantVideo,True,No,Success,Success,,always-pause-resume,2026-08-21
2026-09-01 11:12:53,1183,Casey Rivera,Dallas,SIP_ENTERPRISE,ORIGINATING,+13125551009,+13125551003,Marcus Webb,Taylor Brooks,rnd-81-99,SimultaneousRingPersonal,User,False,No,Refusal,TemporarilyUnavailable,,always,2026-09-01
2026-09-05 13:43:36,117,Taylor Brooks,Chicago,SIP_INBOUND,ORIGINATING,+155509914,+13125551003,+155509914,Taylor Brooks,rnd-82-99,Deflection,User,True,No,Success,Success,,,2026-09-05
2026-08-13 04:17:58,2387,Casey Rivera,Denver,SIP_ENTERPRISE,ORIGINATING,+13125551002,+13125551004,Sam Chen,Casey Rivera,rnd-83-99,Deflection,User,True,Yes-PostRedirection,Success,Success,,,2026-08-13
2026-09-01 16:41:45,1217,Morgan Quinn,Dallas,SIP_ENTERPRISE,ORIGINATING,+13125551005,+13125551006,Morgan Quinn,Riley Park,rnd-84-99,CallQueue,User,True,Yes-PostRedirection,Success,Success,,always-pause-resume,2026-09-01
2026-08-25 17:07:21,1188,Taylor Brooks,Denver,SIP_ENTERPRISE,ORIGINATING,+13125551006,+13125551001,Riley Park,Jordan Lee,rnd-85-99,,AutomatedAttendantVideo,True,Yes,Success,Success,success,always-pause-resume,2026-08-25
2026-08-10 07:12:30,1431,Riley Park,London,SIP_NATIONAL,TERMINATING,+13125551006,+155509988,Riley Park,+155509988,rnd-86-99,CallForwardBusy,AutomatedAttendantVideo,False,No,Refusal,TemporarilyUnavailable,,always-pause-resume,2026-08-10
2026-08-09 15:40:55,1211,Sam Chen,London,SIP_ENTERPRISE,TERMINATING,+13125551001,+13125551000,Jordan Lee,Alex Morgan,rnd-87-99,Deflection,User,True,Yes,Success,Success,,,2026-08-09
2026-08-06 04:56:53,1344,Casey Rivera,Singapore,SIP_ENTERPRISE,TERMINATING,+13125551007,+13125551001,Jamie Ortiz,Jordan Lee,rnd-88-99,CallForwardBusy,User,True,Yes-PostRedirection,Success,Success,,always,2026-08-06
2026-08-30 10:11:40,310,Casey Rivera,Chicago,SIP_ENTERPRISE,ORIGINATING,+13125551001,+13125551006,Jordan Lee,Riley Park,rnd-89-99,HuntGroup,HuntGroup,False,Yes-PostRedirection,Refusal,CallRejected,,,2026-08-30
2026-08-14 14:51:37,74,Priya Nair,Denver,SIP_INBOUND,TERMINATING,+155509967,+13125551008,+155509967,Priya Nair,rnd-90-99,ConsultativeTransfer,CallCenterPremium,False,Yes,Refusal,TemporarilyUnavailable,,always,2026-08-14
2026-08-07 16:05:39,1887,Sam Chen,Chicago,SIP_ENTERPRISE,TERMINATING,+13125551005,+13125551000,Morgan Quinn,Alex Morgan,rnd-91-99,CallForwardBusy,AutomatedAttendantVideo,True,Yes-PostRedirection,Success,Success,,always-pause-resume,2026-08-07
2026-08-30 05:25:32,475,Marcus Webb,Singapore,SIP_ENTERPRISE,ORIGINATING,+13125551009,+13125551000,Marcus Webb,Alex Morgan,rnd-92-99,HuntGroup,User,True,No,Success,Success,,always,2026-08-30
2026-08-29 17:23:46,1125,Sam Chen,London,SIP_ENTERPRISE,ORIGINATING,+13125551004,+13125551008,Casey Rivera,Priya Nair,rnd-93-99,ConsultativeTransfer,AutomatedAttendantVideo,True,Yes,Success,Success,,always-pause-resume,2026-08-29
2026-08-15 09:22:13,710,Riley Park,Singapore,SIP_ENTERPRISE,TERMINATING,+13125551002,+13125551005,Sam Chen,Morgan Quinn,rnd-94-99,CallQueue,User,True,No,Success,Success,,always-pause-resume,2026-08-15
2026-08-31 23:54:06,1617,Taylor Brooks,Dallas,SIP_ENTERPRISE,TERMINATING,+13125551006,+13125551000,Riley Park,Alex Morgan,rnd-95-99,CallForwardBusy,HuntGroup,True,Yes,Success,Success,,always,2026-08-31
2026-08-26 06:39:16,1303,Morgan Quinn,Chicago,SIP_ENTERPRISE,ORIGINATING,+13125551003,+13125551008,Taylor Brooks,Priya Nair,rnd-96-99,ConsultativeTransfer,CallCenterPremium,True,Yes,Success,Success,,,2026-08-26
2026-09-03 17:42:39,1500,Taylor Brooks,London,SIP_ENTERPRISE,TERMINATING,+13125551002,+13125551003,Sam Chen,Taylor Brooks,rnd-97-99,,HuntGroup,True,Yes-PostRedirection,Success,Success,,always-pause-resume,2026-09-03
2026-08-09 00:04:53,2258,Casey Rivera,Chicago,SIP_ENTERPRISE,ORIGINATING,+13125551003,+13125551001,Taylor Brooks,Jordan Lee,rnd-98-99,,User,True,Yes,Success,Success,,always,2026-08-09
2026-08-28 03:12:39,1542,Jamie Ortiz,Chicago,SIP_ENTERPRISE,TERMINATING,+13125551001,+13125551003,Jordan Lee,Taylor Brooks,rnd-99-99,Deflection,HuntGroup,True,No,Success,Success,,always-pause-resume,2026-08-28
2026-08-16 14:32:47,1806,Riley Park,Dallas,SIP_INBOUND,ORIGINATING,+155509919,+13125551006,+155509919,Riley Park,rnd-100-99,ConsultativeTransfer,User,True,Yes-PostRedirection,Success,Success,,always-pause-resume,2026-08-16
2026-08-24 23:18:23,1412,Morgan Quinn,Chicago,SIP_NATIONAL,TERMINATING,+13125551005,+155509971,Morgan Quinn,+155509971,rnd-101-99,ConsultativeTransfer,CallCenterPremium,False,Yes-PostRedirection,Refusal,TemporarilyUnavailable,,always-pause-resume,2026-08-24
2026-09-01 18:33:33,223,Casey Rivera,Chicago,SIP_ENTERPRISE,TERMINATING,+13125551007,+13125551005,Jamie Ortiz,Morgan Quinn,rnd-102-99,SimultaneousRingPersonal,User,True,No,Success,Success,,always-pause-resume,2026-09-01
2026-08-27 21:38:08,1090,Jamie Ortiz,Dallas,SIP_NATIONAL,ORIGINATING,+13125551007,+155509960,Jamie Ortiz,+155509960,rnd-103-99,CallForwardBusy,CallCenterPremium,True,Yes-PostRedirection,Success,Success,,always-pause-resume,2026-08-27
2026-08-07 23:27:05,2210,Jamie Ortiz,Dallas,SIP_ENTERPRISE,TERMINATING,+13125551000,+13125551003,Alex Morgan,Taylor Brooks,rnd-104-99,CallForwardBusy,CallCenterPremium,True,Yes,Success,Success,,always-pause-resume,2026-08-07
2026-08-08 06:03:32,598,Alex Morgan,Denver,SIP_ENTERPRISE,TERMINATING,+13125551007,+13125551001,Jamie Ortiz,Jordan Lee,rnd-105-99,CallForwardBusy,CallCenterPremium,True,Yes-PostRedirection,Success,Success,,always,2026-08-08
2026-09-02 01:34:45,2014,Alex Morgan,Denver,SIP_INBOUND,TERMINATING,+155509985,+13125551000,+155509985,Alex Morgan,rnd-106-99,CallQueue,User,True,Yes,Success,Success,,always-pause-resume,2026-09-02
2026-08-15 18:22:18,1216,Sam Chen,Dallas,SIP_INBOUND,ORIGINATING,+155509983,+13125551002,+155509983,Sam Chen,rnd-107-99,CallForwardBusy,AutomatedAttendantVideo,True,Yes,Success,Success,,,2026-08-15
2026-09-05 02:14:57,385,Alex Morgan,Dallas,SIP_ENTERPRISE,ORIGINATING,+13125551006,+13125551000,Riley Park,Alex Morgan,rnd-108-99,CallForwardNoAnswer,User,True,Yes,Success,Success,,always-pause-resume,2026-09-05
2026-08-09 05:01:16,1427,Taylor Brooks,Dallas,SIP_NATIONAL,TERMINATING,+13125551003,+155509932,Taylor Brooks,+155509932,rnd-109-99,,AutomatedAttendantVideo,True,Yes-PostRedirection,Success,Success,success,always,2026-08-09
2026-08-26 01:51:43,2289,Marcus Webb,Denver,SIP_INBOUND,ORIGINATING,+155509934,+13125551009,+155509934,Marcus Webb,rnd-110-99,Deflection,AutomatedAttendantVideo,True,No,Success,Success,,always,2026-08-26
2026-08-16 08:52:20,2204,Priya Nair,Denver,SIP_MOBILE,ORIGINATING,+13125551008,+155509938,Priya Nair,+155509938,rnd-111-99,CallForwardBusy,AutomatedAttendantVideo,True,Yes-PostRedirection,Success,Success,,,2026-08-16
2026-08-16 16:28:07,417,Marcus Webb,Singapore,SIP_INBOUND,TERMINATING,+155509952,+13125551009,+155509952,Marcus Webb,rnd-112-99,,User,True,No,Success,Success,,always-pause-resume,2026-08-16
2026-08-22 22:40:30,879,Casey Rivera,Singapore,SIP_INBOUND,TERMINATING,+155509972,+13125551004,+155509972,Casey Rivera,rnd-113-99,SimultaneousRingPersonal,CallCenterPremium,True,Yes,Success,Success,,always,2026-08-22
2026-08-20 13:14:44,2094,Taylor Brooks,London,SIP_ENTERPRISE,ORIGINATING,+13125551006,+13125551004,Riley Park,Casey Rivera,rnd-114-99,CallForwardBusy,User,True,Yes-PostRedirection,Success,Success,,always-pause-resume,2026-08-20
2026-08-22 23:30:59,484,Sam Chen,London,SIP_INBOUND,TERMINATING,+155509962,+13125551002,+155509962,Sam Chen,rnd-115-99,,AutomatedAttendantVideo,True,Yes-PostRedirection,Success,Success,,,2026-08-22
2026-09-05 22:21:30,1115,Marcus Webb,Dallas,SIP_ENTERPRISE,ORIGINATING,+13125551004,+13125551006,Casey Rivera,Riley Park,rnd-116-99,CallForwardBusy,HuntGroup,False,Yes,Refusal,TemporarilyUnavailable,,always-pause-resume,2026-09-05
2026-08-13 15:10:05,1819,Morgan Quinn,Denver,SIP_INBOUND,TERMINATING,+155509962,+13125551005,+155509962,Morgan Quinn,rnd-117-99,HuntGroup,User,True,Yes,Success,Success,,always,2026-08-13
2026-08-19 04:12:26,817,Casey Rivera,Denver,SIP_ENTERPRISE,TERMINATING,+13125551005,+13125551002,Morgan Quinn,Sam Chen,rnd-118-99,ConsultativeTransfer,AutomatedAttendantVideo,False,Yes,Refusal,CallRejected,,always,2026-08-19
2026-08-17 23:36:01,2030,Sam Chen,Chicago,SIP_NATIONAL,TERMINATING,+13125551002,+155509976,Sam Chen,+155509976,rnd-119-99,SimultaneousRingPersonal,User,False,No,Refusal,TemporarilyUnavailable,,always,2026-08-17
2026-08-09 03:41:57,467,Priya Nair,Singapore,SIP_ENTERPRISE,ORIGINATING,+13125551007,+13125551002,Jamie Ortiz,Sam Chen,rnd-120-99,,CallCenterPremium,True,No,Success,Success,,always,2026-08-09
2026-09-04 02:07:16,662,Riley Park,Chicago,SIP_ENTERPRISE,ORIGINATING,+13125551006,+13125551009,Riley Park,Marcus Webb,rnd-121-99,CallForwardBusy,CallCenterPremium,True,Yes,Success,Success,,always,2026-09-04
2026-08-10 20:49:04,1087,Taylor Brooks,Dallas,SIP_ENTERPRISE,TERMINATING,+13125551000,+13125551008,Alex Morgan,Priya Nair,rnd-122-99,HuntGroup,CallCenterPremium,True,Yes,Success,Success,,,2026-08-10
2026-08-21 10:09:20,1111,Marcus Webb,Dallas,SIP_MOBILE,ORIGINATING,+13125551009,+155509923,Marcus Webb,+155509923,rnd-123-99,CallForwardBusy,CallCenterPremium,True,No,Success,Success,success,,2026-08-21
2026-08-22 05:49:02,1697,Priya Nair,Dallas,SIP_MOBILE,ORIGINATING,+13125551008,+155509941,Priya Nair,+155509941,rnd-124-99,Deflection,User,False,Yes,Refusal,CallRejected,,always-pause-resume,2026-08-22
2026-09-01 04:29:43,283,Marcus Webb,London,SIP_ENTERPRISE,TERMINATING,+13125551009,+13125551008,Marcus Webb,Priya Nair,rnd-125-99,,User,False,No,Refusal,TemporarilyUnavailable,,always-pause-resume,2026-09-01
2026-08-22 23:52:21,1284,Riley Park,London,SIP_INBOUND,ORIGINATING,+155509983,+13125551006,+155509983,Riley Park,rnd-126-99,,HuntGroup,True,Yes-PostRedirection,Success,Success,,,2026-08-22
2026-08-24 14:47:47,298,Alex Morgan,Singapore,SIP_ENTERPRISE,TERMINATING,+13125551001,+13125551006,Jordan Lee,Riley Park,rnd-127-99,,User,True,Yes-PostRedirection,Success,Success,,always,2026-08-24
2026-08-29 12:00:29,312,Jordan Lee,Denver,SIP_ENTERPRISE,ORIGINATING,+13125551008,+13125551004,Priya Nair,Casey Rivera,rnd-128-99,,HuntGroup,True,Yes,Success,Success,,always-pause-resume,2026-08-29
2026-08-15 05:05:32,87,Sam Chen,Dallas,UNKNOWN,ORIGINATING,+13125551002,+155509999,Sam Chen,+155509999,rnd-129-99,CallForwardBusy,HuntGroup,True,Yes-PostRedirection,Success,Success,success,always,2026-08-15
2026-08-27 14:42:53,1476,Riley Park,Singapore,SIP_INBOUND,ORIGINATING,+155509948,+13125551006,+155509948,Riley Park,rnd-130-99,SimultaneousRingPersonal,User,True,Yes-PostRedirection,Success,Success,success,,2026-08-27
2026-08-29 10:59:46,840,Priya Nair,Chicago,SIP_INBOUND,TERMINATING,+155509938,+13125551008,+155509938,Priya Nair,rnd-131-99,Deflection,User,True,Yes,Success,Success,success,,2026-08-29
2026-08-20 05:57:04,159,Riley Park,Dallas,UNKNOWN,ORIGINATING,+13125551006,+155509910,Riley Park,+155509910,rnd-132-99,CallQueue,User,False,Yes-PostRedirection,Refusal,TemporarilyUnavailable,,always,2026-08-20
2026-09-05 12:01:05,718,Marcus Webb,London,SIP_INBOUND,TERMINATING,+155509918,+13125551009,+155509918,Marcus Webb,rnd-133-99,,CallCenterPremium,True,Yes,Success,Success,,always-pause-resume,2026-09-05
2026-08-31 02:55:56,263,Jamie Ortiz,Dallas,SIP_NATIONAL,ORIGINATING,+13125551007,+155509948,Jamie Ortiz,+155509948,rnd-134-99,HuntGroup,AutomatedAttendantVideo,True,Yes,Success,Success,,always,2026-08-31
2026-08-14 00:41:05,2293,Sam Chen,Denver,SIP_ENTERPRISE,TERMINATING,+13125551000,+13125551004,Alex Morgan,Casey Rivera,rnd-135-99,Deflection,User,True,Yes,Success,Success,,,2026-08-14
2026-08-29 17:53:48,272,Jamie Ortiz,Singapore,SIP_ENTERPRISE,ORIGINATING,+13125551008,+13125551007,Priya Nair,Jamie Ortiz,rnd-136-99,,User,True,No,Success,Success,success,always,2026-08-29
2026-08-15 09:12:52,1085,Sam Chen,Chicago,SIP_INBOUND,ORIGINATING,+155509951,+13125551002,+155509951,Sam Chen,rnd-137-99,SimultaneousRingPersonal,User,True,No,Success,Success,,always,2026-08-15
2026-08-21 01:33:48,1603,Morgan Quinn,London,SIP_ENTERPRISE,TERMINATING,+13125551002,+13125551004,Sam Chen,Casey Rivera,rnd-138-99,ConsultativeTransfer,User,True,No,Success,Success,,always-pause-resume,2026-08-21
2026-08-22 16:23:24,794,Alex Morgan,Singapore,SIP_ENTERPRISE,TERMINATING,+13125551001,+13125551003,Jordan Lee,Taylor Brooks,rnd-139-99,SimultaneousRingPersonal,User,True,Yes-PostRedirection,Success,Success,,,2026-08-22
2026-08-09 08:07:07,2180,Morgan Quinn,Chicago,SIP_ENTERPRISE,ORIGINATING,+13125551001,+13125551006,Jordan Lee,Riley Park,rnd-140-99,HuntGroup,HuntGroup,False,Yes-PostRedirection,Refusal,TemporarilyUnavailable,,,2026-08-09
2026-08-19 21:15:17,279,Casey Rivera,Denver,SIP_NATIONAL,TERMINATING,+13125551004,+155509988,Casey Rivera,+155509988,rnd-141-99,CallQueue,User,True,Yes,Success,Success,,,2026-08-19
2026-08-28 10:17:41,1790,Alex Morgan,Singapore,SIP_ENTERPRISE,TERMINATING,+13125551005,+13125551004,Morgan Quinn,Casey Rivera,rnd-142-99,SimultaneousRingPersonal,User,True,Yes,Success,Success,failed,always-pause-resume,2026-08-28
2026-08-15 15:06:14,1322,Jordan Lee,Denver,SIP_ENTERPRISE,ORIGINATING,+13125551008,+13125551009,Priya Nair,Marcus Webb,rnd-143-99,CallForwardBusy,User,True,Yes-PostRedirection,Success,Success,,always-pause-resume,2026-08-15
2026-08-11 07:02:12,2360,Sam Chen,Dallas,SIP_NATIONAL,ORIGINATING,+13125551002,+155509952,Sam Chen,+155509952,rnd-144-99,,User,True,No,Success,Success,,always-pause-resume,2026-08-11
2026-08-09 11:23:53,183,Priya Nair,Chicago,UNKNOWN,ORIGINATING,+13125551008,+155509915,Priya Nair,+155509915,rnd-145-99,CallForwardNoAnswer,User,True,Yes,Success,Success,,always,2026-08-09
2026-08-16 22:10:49,2191,Riley Park,London,SIP_NATIONAL,TERMINATING,+13125551006,+155509950,Riley Park,+155509950,rnd-146-99,Deflection,CallCenterPremium,True,No,Success,Success,,always-pause-resume,2026-08-16
2026-08-17 15:58:00,1581,Sam Chen,Chicago,SIP_ENTERPRISE,TERMINATING,+13125551009,+13125551006,Marcus Webb,Riley Park,rnd-147-99,SimultaneousRingPersonal,User,True,Yes-PostRedirection,Success,Success,,always-pause-resume,2026-08-17
2026-08-24 01:43:46,82,Morgan Quinn,Chicago,SIP_ENTERPRISE,TERMINATING,+13125551009,+13125551006,Marcus Webb,Riley Park,rnd-148-99,SimultaneousRingPersonal,CallCenterPremium,False,No,Refusal,UnassignedNumber,,always-pause-resume,2026-08-24
2026-08-17 13:47:44,972,Jamie Ortiz,London,SIP_ENTERPRISE,ORIGINATING,+13125551009,+13125551006,Marcus Webb,Riley Park,rnd-149-99,CallQueue,AutomatedAttendantVideo,True,Yes,Success,Success,,,2026-08-17
2026-08-31 22:04:12,1267,Marcus Webb,Denver,SIP_NATIONAL,ORIGINATING,+13125551009,+155509982,Marcus Webb,+155509982,rnd-150-99,,CallCenterPremium,True,Yes,Success,Success,,,2026-08-31
2026-08-13 10:44:15,307,Jordan Lee,Singapore,SIP_ENTERPRISE,TERMINATING,+13125551002,+13125551007,Sam Chen,Jamie Ortiz,rnd-151-99,CallQueue,HuntGroup,True,Yes,Success,Success,,always-pause-resume,2026-08-13
2026-08-30 03:55:56,1155,Jordan Lee,Dallas,SIP_NATIONAL,ORIGINATING,+13125551001,+155509982,Jordan Lee,+155509982,rnd-152-99,SimultaneousRingPersonal,AutomatedAttendantVideo,True,Yes-PostRedirection,Success,Success,,always,2026-08-30
2026-08-12 04:11:46,1189,Priya Nair,London,SIP_INTERNATIONAL,TERMINATING,+13125551008,+155509936,Priya Nair,+155509936,rnd-153-99,Deflection,CallCenterPremium,True,Yes-PostRedirection,Success,Success,,always,2026-08-12
2026-08-19 17:34:50,2033,Priya Nair,Denver,SIP_INBOUND,ORIGINATING,+155509930,+13125551008,+155509930,Priya Nair,rnd-154-99,CallQueue,User,True,Yes,Success,Success,,always-pause-resume,2026-08-19
2026-08-24 17:29:08,298,Morgan Quinn,Chicago,SIP_INBOUND,TERMINATING,+155509927,+13125551005,+155509927,Morgan Quinn,rnd-155-99,CallForwardNoAnswer,CallCenterPremium,True,Yes,Success,Success,,always-pause-resume,2026-08-24
2026-08-25 23:42:00,1839,Priya Nair,Dallas,SIP_ENTERPRISE,ORIGINATING,+13125551000,+13125551009,Alex Morgan,Marcus Webb,rnd-156-99,CallForwardNoAnswer,HuntGroup,True,No,Success,Success,success,always,2026-08-25
2026-08-19 19:00:37,702,Alex Morgan,London,SIP_ENTERPRISE,TERMINATING,+13125551009,+13125551000,Marcus Webb,Alex Morgan,rnd-157-99,HuntGroup,User,True,Yes,Success,Success,,always-pause-resume,2026-08-19
2026-09-01 18:11:09,2080,Sam Chen,Chicago,SIP_ENTERPRISE,TERMINATING,+13125551009,+13125551007,Marcus Webb,Jamie Ortiz,rnd-158-99,CallQueue,AutomatedAttendantVideo,True,Yes-PostRedirection,Success,Success,,always,2026-09-01
2026-08-24 10:03:45,1546,Sam Chen,Singapore,SIP_INBOUND,ORIGINATING,+155509996,+13125551002,+155509996,Sam Chen,rnd-159-99,HuntGroup,User,True,Yes-PostRedirection,Success,Success,,always,2026-08-24
2026-08-07 09:44:17,177,Priya Nair,Dallas,SIP_ENTERPRISE,ORIGINATING,+13125551006,+13125551009,Riley Park,Marcus Webb,rnd-160-99,HuntGroup,AutomatedAttendantVideo,True,No,Success,Success,success,always-pause-resume,2026-08-07
2026-08-30 23:46:29,1296,Jamie Ortiz,Singapore,SIP_INTERNATIONAL,ORIGINATING,+13125551007,+155509987,Jamie Ortiz,+155509987,rnd-161-99,Deflection,CallCenterPremium,True,No,Success,Success,,always,2026-08-30
2026-08-15 11:20:45,293,Morgan Quinn,Chicago,SIP_INBOUND,TERMINATING,+155509966,+13125551005,+155509966,Morgan Quinn,rnd-162-99,,HuntGroup,True,Yes,Success,Success,success,always-pause-resume,2026-08-15
2026-08-31 17:55:01,1931,Casey Rivera,Denver,SIP_ENTERPRISE,TERMINATING,+13125551006,+13125551003,Riley Park,Taylor Brooks,rnd-163-99,CallQueue,User,True,Yes-PostRedirection,Success,Success,,always-pause-resume,2026-08-31
2026-08-19 09:48:39,1223,Casey Rivera,Dallas,SIP_ENTERPRISE,TERMINATING,+13125551006,+13125551000,Riley Park,Alex Morgan,rnd-164-99,Deflection,User,True,Yes,Success,Success,,always,2026-08-19
2026-08-25 17:09:26,1869,Priya Nair,London,SIP_ENTERPRISE,TERMINATING,+13125551004,+13125551008,Casey Rivera,Priya Nair,rnd-165-99,Deflection,CallCenterPremium,True,Yes-PostRedirection,Success,Success,,always-pause-resume,2026-08-25
2026-08-06 22:10:39,212,Morgan Quinn,Singapore,SIP_ENTERPRISE,TERMINATING,+13125551000,+13125551004,Alex Morgan,Casey Rivera,rnd-166-99,CallForwardBusy,User,True,Yes-PostRedirection,Success,Success,,always-pause-resume,2026-08-06
2026-09-01 03:45:12,423,Casey Rivera,Dallas,SIP_ENTERPRISE,TERMINATING,+13125551009,+13125551008,Marcus Webb,Priya Nair,rnd-167-99,CallQueue,CallCenterPremium,False,Yes-PostRedirection,Refusal,UnassignedNumber,,,2026-09-01
2026-08-25 09:54:11,78,Jordan Lee,Dallas,SIP_ENTERPRISE,ORIGINATING,+13125551003,+13125551001,Taylor Brooks,Jordan Lee,rnd-168-99,,AutomatedAttendantVideo,True,No,Success,Success,,,2026-08-25
2026-08-28 17:58:52,883,Alex Morgan,Denver,SIP_ENTERPRISE,ORIGINATING,+13125551009,+13125551008,Marcus Webb,Priya Nair,rnd-169-99,HuntGroup,User,True,No,Success,Success,,always,2026-08-28
2026-08-17 06:13:34,1422,Jamie Ortiz,London,SIP_NATIONAL,TERMINATING,+13125551007,+155509978,Jamie Ortiz,+155509978,rnd-170-99,CallForwardNoAnswer,User,True,No,Success,Success,,always,2026-08-17
2026-08-09 06:54:12,1841,Sam Chen,Dallas,SIP_NATIONAL,ORIGINATING,+13125551002,+155509925,Sam Chen,+155509925,rnd-171-99,CallForwardBusy,HuntGroup,True,Yes,Success,Success,,always-pause-resume,2026-08-09
2026-08-19 09:32:41,1524,Marcus Webb,London,SIP_ENTERPRISE,TERMINATING,+13125551002,+13125551007,Sam Chen,Jamie Ortiz,rnd-172-99,CallForwardBusy,AutomatedAttendantVideo,True,Yes,Success,Success,,always,2026-08-19
2026-08-21 07:12:56,2041,Casey Rivera,Dallas,SIP_INBOUND,ORIGINATING,+155509960,+13125551004,+155509960,Casey Rivera,rnd-173-99,CallForwardBusy,User,True,No,Success,Success,,always,2026-08-21
2026-09-04 17:48:27,1493,Sam Chen,Chicago,SIP_INBOUND,TERMINATING,+155509989,+13125551002,+155509989,Sam Chen,rnd-174-99,CallForwardNoAnswer,CallCenterPremium,True,No,Success,Success,,,2026-09-04
2026-08-24 11:38:43,123,Casey Rivera,Chicago,SIP_ENTERPRISE,TERMINATING,+13125551008,+13125551005,Priya Nair,Morgan Quinn,rnd-175-99,CallForwardNoAnswer,User,True,No,Success,Success,success,always,2026-08-24
2026-08-16 21:31:45,1087,Sam Chen,Denver,SIP_ENTERPRISE,TERMINATING,+13125551003,+13125551005,Taylor Brooks,Morgan Quinn,rnd-176-99,HuntGroup,AutomatedAttendantVideo,True,No,Success,Success,,always-pause-resume,2026-08-16
2026-08-28 03:20:16,1162,Marcus Webb,London,SIP_INBOUND,ORIGINATING,+155509964,+13125551009,+155509964,Marcus Webb,rnd-177-99,,User,True,Yes-PostRedirection,Success,Success,success,always-pause-resume,2026-08-28
2026-08-12 18:04:18,145,Sam Chen,London,SIP_ENTERPRISE,TERMINATING,+13125551000,+13125551009,Alex Morgan,Marcus Webb,rnd-178-99,Deflection,AutomatedAttendantVideo,True,No,Success,Success,,,2026-08-12
2026-08-10 06:48:07,585,Casey Rivera,London,SIP_ENTERPRISE,ORIGINATING,+13125551008,+13125551000,Priya Nair,Alex Morgan,rnd-179-99,CallQueue,User,True,No,Success,Success,,always-pause-resume,2026-08-10
2026-08-22 03:29:56,885,Riley Park,Denver,SIP_INTERNATIONAL,ORIGINATING,+13125551006,+155509999,Riley Park,+155509999,rnd-180-99,CallQueue,CallCenterPremium,True,Yes-PostRedirection,Success,Success,,always-pause-resume,2026-08-22
2026-08-29 01:19:48,771,Marcus Webb,London,SIP_INBOUND,TERMINATING,+155509910,+13125551009,+155509910,Marcus Webb,rnd-181-99,HuntGroup,User,True,Yes,Success,Success,,,2026-08-29
2026-08-30 12:51:56,2244,Riley Park,Dallas,SIP_MOBILE,ORIGINATING,+13125551006,+155509935,Riley Park,+155509935,rnd-182-99,CallForwardNoAnswer,HuntGroup,True,No,Success,Success,,always,2026-08-30
2026-08-30 19:08:26,708,Sam Chen,Chicago,SIP_ENTERPRISE,ORIGINATING,+13125551004,+13125551005,Casey Rivera,Morgan Quinn,rnd-183-99,ConsultativeTransfer,CallCenterPremium,True,No,Success,Success,,,2026-08-30
2026-09-05 20:43:06,2204,Marcus Webb,Singapore,SIP_INTERNATIONAL,ORIGINATING,+13125551009,+155509945,Marcus Webb,+155509945,rnd-184-99,HuntGroup,User,True,No,Success,Success,,always-pause-resume,2026-09-05
2026-08-11 06:28:18,1314,Riley Park,Dallas,SIP_ENTERPRISE,TERMINATING,+13125551004,+13125551006,Casey Rivera,Riley Park,rnd-185-99,CallForwardBusy,CallCenterPremium,True,Yes-PostRedirection,Success,Success,,always-pause-resume,2026-08-11
2026-08-17 05:51:43,1528,Taylor Brooks,Singapore,SIP_MOBILE,TERMINATING,+13125551003,+155509969,Taylor Brooks,+155509969,rnd-186-99,,CallCenterPremium,False,Yes,Refusal,UnassignedNumber,,,2026-08-17
2026-08-19 19:31:24,1337,Sam Chen,Singapore,SIP_NATIONAL,TERMINATING,+13125551002,+155509958,Sam Chen,+155509958,rnd-187-99,CallForwardNoAnswer,User,True,Yes-PostRedirection,Success,Success,,always,2026-08-19
2026-08-20 10:19:19,1439,Jamie Ortiz,Dallas,SIP_ENTERPRISE,ORIGINATING,+13125551002,+13125551003,Sam Chen,Taylor Brooks,rnd-188-99,HuntGroup,User,False,No,Refusal,CallRejected,,,2026-08-20
2026-08-12 20:02:43,1993,Sam Chen,Singapore,SIP_ENTERPRISE,TERMINATING,+13125551004,+13125551009,Casey Rivera,Marcus Webb,rnd-189-99,Deflection,User,True,Yes,Success,Success,,,2026-08-12
2026-08-18 18:06:44,902,Alex Morgan,Denver,SIP_INBOUND,TERMINATING,+155509931,+13125551000,+155509931,Alex Morgan,rnd-190-99,CallQueue,User,True,No,Success,Success,,always-pause-resume,2026-08-18
2026-08-17 01:48:20,302,Jordan Lee,Dallas,SIP_ENTERPRISE,ORIGINATING,+13125551001,+13125551005,Jordan Lee,Morgan Quinn,rnd-191-99,CallForwardBusy,User,True,Yes,Success,Success,success,always,2026-08-17
2026-09-05 22:50:04,245,Jordan Lee,Chicago,SIP_ENTERPRISE,TERMINATING,+13125551005,+13125551006,Morgan Quinn,Riley Park,rnd-192-99,CallForwardBusy,User,True,No,Success,Success,,,2026-09-05
2026-09-02 23:57:43,157,Riley Park,London,SIP_ENTERPRISE,TERMINATING,+13125551002,+13125551003,Sam Chen,Taylor Brooks,rnd-193-99,HuntGroup,AutomatedAttendantVideo,False,Yes-PostRedirection,Refusal,CallRejected,,always-pause-resume,2026-09-02
2026-08-22 18:03:18,794,Jamie Ortiz,Denver,SIP_MOBILE,TERMINATING,+13125551007,+155509915,Jamie Ortiz,+155509915,rnd-194-99,,HuntGroup,True,Yes-PostRedirection,Success,Success,,always,2026-08-22
2026-08-25 14:02:53,2346,Casey Rivera,London,SIP_ENTERPRISE,TERMINATING,+13125551008,+13125551004,Priya Nair,Casey Rivera,rnd-195-99,Deflection,User,False,Yes,Refusal,UnassignedNumber,success,,2026-08-25
2026-08-27 15:25:46,1279,Jamie Ortiz,London,SIP_NATIONAL,ORIGINATING,+13125551007,+155509967,Jamie Ortiz,+155509967,rnd-196-99,CallForwardNoAnswer,HuntGroup,True,Yes,Success,Success,,always,2026-08-27
2026-08-25 15:02:50,1013,Marcus Webb,Dallas,SIP_NATIONAL,TERMINATING,+13125551009,+155509910,Marcus Webb,+155509910,rnd-197-99,CallForwardNoAnswer,HuntGroup,True,Yes,Success,Success,,,2026-08-25
2026-08-09 16:50:07,1390,Casey Rivera,London,SIP_NATIONAL,TERMINATING,+13125551004,+155509922,Casey Rivera,+155509922,rnd-198-99,CallForwardNoAnswer,User,True,Yes,Success,Success,,,2026-08-09
2026-08-06 13:18:57,2267,Alex Morgan,London,SIP_ENTERPRISE,ORIGINATING,+13125551004,+13125551008,Casey Rivera,Priya Nair,rnd-199-99,Deflection,User,True,Yes,Success,Success,,always,2026-08-06
2026-08-20 03:47:27,347,Taylor Brooks,London,SIP_INBOUND,ORIGINATING,+155509929,+13125551003,+155509929,Taylor Brooks,rnd-200-99,,User,True,No,Success,Success,success,,2026-08-20
2026-08-27 10:57:07,2059,Jamie Ortiz,Chicago,SIP_MOBILE,ORIGINATING,+13125551007,+155509937,Jamie Ortiz,+155509937,rnd-201-99,CallForwardNoAnswer,User,True,Yes,Success,Success,,,2026-08-27
2026-08-08 06:14:23,1226,Casey Rivera,Denver,SIP_ENTERPRISE,TERMINATING,+13125551006,+13125551008,Riley Park,Priya Nair,rnd-202-99,CallForwardBusy,HuntGroup,True,Yes,Success,Success,,always-pause-resume,2026-08-08
2026-09-03 02:43:56,173,Sam Chen,London,SIP_ENTERPRISE,ORIGINATING,+13125551004,+13125551001,Casey Rivera,Jordan Lee,rnd-203-99,,HuntGroup,True,No,Success,Success,,always-pause-resume,2026-09-03
2026-09-05 06:44:43,880,Jordan Lee,Singapore,UNKNOWN,TERMINATING,+13125551001,+155509981,Jordan Lee,+155509981,rnd-204-99,CallForwardNoAnswer,HuntGroup,True,Yes-PostRedirection,Success,Success,,always-pause-resume,2026-09-05
2026-08-16 02:06:40,2143,Sam Chen,Denver,SIP_ENTERPRISE,TERMINATING,+13125551001,+13125551002,Jordan Lee,Sam Chen,rnd-205-99,,CallCenterPremium,True,Yes,Success,Success,,always-pause-resume,2026-08-16
2026-08-12 11:02:40,1972,Taylor Brooks,Chicago,SIP_ENTERPRISE,ORIGINATING,+13125551006,+13125551002,Riley Park,Sam Chen,rnd-206-99,Deflection,HuntGroup,True,No,Success,Success,,always,2026-08-12
2026-08-12 15:17:59,201,Jordan Lee,Denver,SIP_ENTERPRISE,TERMINATING,+13125551005,+13125551006,Morgan Quinn,Riley Park,rnd-207-99,CallForwardNoAnswer,User,True,No,Success,Success,,always,2026-08-12
2026-08-26 13:25:48,1341,Morgan Quinn,Singapore,SIP_ENTERPRISE,TERMINATING,+13125551007,+13125551008,Jamie Ortiz,Priya Nair,rnd-208-99,CallForwardNoAnswer,AutomatedAttendantVideo,True,No,Success,Success,,always-pause-resume,2026-08-26
2026-08-21 04:43:41,544,Morgan Quinn,Dallas,SIP_ENTERPRISE,ORIGINATING,+13125551007,+13125551006,Jamie Ortiz,Riley Park,rnd-209-99,CallForwardBusy,AutomatedAttendantVideo,True,Yes-PostRedirection,Success,Success,,always-pause-resume,2026-08-21
2026-08-18 13:02:54,417,Jordan Lee,Denver,SIP_ENTERPRISE,ORIGINATING,+13125551007,+13125551001,Jamie Ortiz,Jordan Lee,rnd-210-99,CallForwardBusy,User,True,Yes,Success,Success,,always,2026-08-18
2026-08-13 02:05:58,1466,Riley Park,Chicago,SIP_ENTERPRISE,TERMINATING,+13125551001,+13125551004,Jordan Lee,Casey Rivera,rnd-211-99,HuntGroup,User,True,Yes,Success,Success,,always,2026-08-13
2026-08-15 03:06:57,2294,Riley Park,London,SIP_ENTERPRISE,TERMINATING,+13125551002,+13125551008,Sam Chen,Priya Nair,rnd-212-99,CallForwardBusy,User,True,Yes,Success,Success,,always-pause-resume,2026-08-15
2026-08-24 16:21:45,2123,Morgan Quinn,Dallas,SIP_ENTERPRISE,TERMINATING,+13125551006,+13125551002,Riley Park,Sam Chen,rnd-213-99,Deflection,User,True,No,Success,Success,,always,2026-08-24
2026-08-16 17:51:08,834,Priya Nair,Dallas,SIP_ENTERPRISE,ORIGINATING,+13125551001,+13125551007,Jordan Lee,Jamie Ortiz,rnd-214-99,CallForwardNoAnswer,User,True,Yes,Success,Success,,always,2026-08-16
2026-08-13 15:56:12,818,Marcus Webb,Denver,SIP_INBOUND,TERMINATING,+155509956,+13125551009,+155509956,Marcus Webb,rnd-215-99,CallForwardBusy,User,True,No,Success,Success,,always-pause-resume,2026-08-13
2026-08-18 17:25:03,1570,Casey Rivera,Chicago,SIP_ENTERPRISE,TERMINATING,+13125551005,+13125551002,Morgan Quinn,Sam Chen,rnd-216-99,CallQueue,User,True,Yes,Success,Success,,always,2026-08-18
2026-08-27 14:26:36,2015,Casey Rivera,Dallas,SIP_NATIONAL,ORIGINATING,+13125551004,+155509966,Casey Rivera,+155509966,rnd-217-99,Deflection,User,True,Yes,Success,Success,,,2026-08-27
2026-09-04 12:36:31,530,Casey Rivera,Singapore,SIP_NATIONAL,ORIGINATING,+13125551004,+155509942,Casey Rivera,+155509942,rnd-218-99,SimultaneousRingPersonal,User,True,Yes-PostRedirection,Success,Success,,always-pause-resume,2026-09-04
2026-09-05 06:13:59,1551,Jamie Ortiz,Singapore,SIP_ENTERPRISE,ORIGINATING,+13125551007,+13125551001,Jamie Ortiz,Jordan Lee,rnd-219-99,ConsultativeTransfer,User,True,Yes,Success,Success,,always-pause-resume,2026-09-05
2026-08-31 14:32:51,570,Morgan Quinn,Dallas,SIP_ENTERPRISE,ORIGINATING,+13125551002,+13125551003,Sam Chen,Taylor Brooks,rnd-220-99,CallQueue,User,True,No,Success,Success,,always,2026-08-31
2026-08-22 16:03:34,1245,Jordan Lee,Denver,SIP_ENTERPRISE,ORIGINATING,+13125551006,+13125551003,Riley Park,Taylor Brooks,rnd-221-99,HuntGroup,User,True,No,Success,Success,success,always,2026-08-22
2026-08-17 04:22:24,1660,Taylor Brooks,Dallas,SIP_ENTERPRISE,ORIGINATING,+13125551004,+13125551008,Casey Rivera,Priya Nair,rnd-222-99,ConsultativeTransfer,AutomatedAttendantVideo,True,No,Success,Success,,always,2026-08-17
2026-09-05 13:55:44,1295,Taylor Brooks,Singapore,SIP_ENTERPRISE,ORIGINATING,+13125551008,+13125551007,Priya Nair,Jamie Ortiz,rnd-223-99,,User,False,No,Refusal,TemporarilyUnavailable,,always-pause-resume,2026-09-05
2026-08-22 09:16:42,1706,Riley Park,Chicago,SIP_INBOUND,ORIGINATING,+155509917,+13125551006,+155509917,Riley Park,rnd-224-99,CallForwardNoAnswer,User,True,Yes-PostRedirection,Success,Success,,always-pause-resume,2026-08-22
2026-08-14 23:04:50,143,Sam Chen,Denver,SIP_ENTERPRISE,ORIGINATING,+13125551003,+13125551009,Taylor Brooks,Marcus Webb,rnd-225-99,CallForwardBusy,User,True,No,Success,Success,,,2026-08-14
2026-08-23 15:22:33,1642,Sam Chen,Singapore,SIP_ENTERPRISE,TERMINATING,+13125551002,+13125551003,Sam Chen,Taylor Brooks,rnd-226-99,CallForwardNoAnswer,AutomatedAttendantVideo,True,Yes,Success,Success,,always,2026-08-23
2026-08-12 08:26:01,2090,Priya Nair,London,SIP_INBOUND,TERMINATING,+155509966,+13125551008,+155509966,Priya Nair,rnd-227-99,Deflection,AutomatedAttendantVideo,True,Yes-PostRedirection,Success,Success,,,2026-08-12
2026-08-30 07:43:54,95,Marcus Webb,Dallas,SIP_NATIONAL,ORIGINATING,+13125551009,+155509963,Marcus Webb,+155509963,rnd-228-99,HuntGroup,CallCenterPremium,True,Yes-PostRedirection,Success,Success,,,2026-08-30
2026-08-31 02:45:37,312,Sam Chen,Dallas,SIP_MOBILE,ORIGINATING,+13125551002,+155509932,Sam Chen,+155509932,rnd-229-99,ConsultativeTransfer,CallCenterPremium,True,Yes,Success,Success,,always-pause-resume,2026-08-31
2026-08-21 19:21:46,706,Jordan Lee,London,SIP_ENTERPRISE,TERMINATING,+13125551002,+13125551003,Sam Chen,Taylor Brooks,rnd-230-99,HuntGroup,AutomatedAttendantVideo,True,No,Success,Success,,always-pause-resume,2026-08-21
2026-09-01 07:08:12,1188,Casey Rivera,Chicago,SIP_ENTERPRISE,TERMINATING,+13125551004,+13125551009,Casey Rivera,Marcus Webb,rnd-231-99,CallForwardBusy,User,False,No,Refusal,CallRejected,,always,2026-09-01
2026-08-18 16:43:30,1510,Alex Morgan,Denver,SIP_INBOUND,TERMINATING,+155509950,+13125551000,+155509950,Alex Morgan,rnd-232-99,HuntGroup,HuntGroup,True,Yes,Success,Success,,,2026-08-18
2026-08-06 00:16:27,2179,Morgan Quinn,London,SIP_ENTERPRISE,ORIGINATING,+13125551004,+13125551000,Casey Rivera,Alex Morgan,rnd-233-99,SimultaneousRingPersonal,AutomatedAttendantVideo,True,No,Success,Success,,always,2026-08-06
2026-08-30 10:34:00,845,Riley Park,London,SIP_ENTERPRISE,TERMINATING,+13125551007,+13125551001,Jamie Ortiz,Jordan Lee,rnd-234-99,CallForwardBusy,User,True,No,Success,Success,,,2026-08-30
2026-08-23 00:38:36,1932,Taylor Brooks,Chicago,SIP_ENTERPRISE,ORIGINATING,+13125551003,+13125551006,Taylor Brooks,Riley Park,rnd-235-99,Deflection,User,True,Yes,Success,Success,success,always-pause-resume,2026-08-23
2026-08-30 16:40:03,2007,Morgan Quinn,Denver,SIP_INTERNATIONAL,ORIGINATING,+13125551005,+155509920,Morgan Quinn,+155509920,rnd-236-99,CallForwardNoAnswer,User,True,No,Success,Success,,always-pause-resume,2026-08-30
2026-09-05 23:14:52,0,Jordan Lee,Dallas,SIP_INTERNATIONAL,ORIGINATING,+13125551001,+155509966,Jordan Lee,+155509966,rnd-237-99,CallForwardBusy,User,True,No,Success,Success,,,2026-09-05
2026-08-29 14:59:19,2174,Alex Morgan,Denver,SIP_INTERNATIONAL,TERMINATING,+13125551000,+155509923,Alex Morgan,+155509923,rnd-238-99,CallForwardBusy,HuntGroup,False,Yes-PostRedirection,Refusal,CallRejected,,always,2026-08-29
2026-08-29 05:50:40,1178,Casey Rivera,Dallas,SIP_INBOUND,TERMINATING,+155509913,+13125551004,+155509913,Casey Rivera,rnd-239-99,,User,True,Yes-PostRedirection,Success,Success,,always-pause-resume,2026-08-29
2026-08-12 23:22:56,437,Priya Nair,Chicago,SIP_MOBILE,ORIGINATING,+13125551008,+155509923,Priya Nair,+155509923,rnd-240-99,SimultaneousRingPersonal,AutomatedAttendantVideo,True,No,Success,Success,,always-pause-resume,2026-08-12
2026-08-06 17:03:55,1408,Marcus Webb,Chicago,SIP_ENTERPRISE,TERMINATING,+13125551004,+13125551001,Casey Rivera,Jordan Lee,rnd-241-99,CallQueue,AutomatedAttendantVideo,True,Yes,Success,Success,,,2026-08-06
2026-08-08 17:07:20,1407,Morgan Quinn,Dallas,SIP_ENTERPRISE,ORIGINATING,+13125551007,+13125551001,Jamie Ortiz,Jordan Lee,rnd-242-99,,AutomatedAttendantVideo,False,Yes-PostRedirection,Refusal,UnassignedNumber,,always,2026-08-08
2026-08-22 17:24:05,1285,Taylor Brooks,Denver,SIP_NATIONAL,ORIGINATING,+13125551003,+155509913,Taylor Brooks,+155509913,rnd-243-99,Deflection,HuntGroup,True,No,Success,Success,,,2026-08-22
2026-08-08 22:31:46,217,Alex Morgan,Denver,SIP_INBOUND,ORIGINATING,+155509998,+13125551000,+155509998,Alex Morgan,rnd-244-99,CallForwardBusy,User,True,Yes,Success,Success,,always-pause-resume,2026-08-08
2026-08-11 06:41:32,2197,Marcus Webb,Singapore,SIP_INBOUND,TERMINATING,+155509988,+13125551009,+155509988,Marcus Webb,rnd-245-99,CallForwardNoAnswer,AutomatedAttendantVideo,True,No,Success,Success,,always-pause-resume,2026-08-11
2026-08-25 13:42:08,301,Riley Park,Denver,SIP_NATIONAL,ORIGINATING,+13125551006,+155509956,Riley Park,+155509956,rnd-246-99,ConsultativeTransfer,HuntGroup,True,Yes,Success,Success,,always,2026-08-25
2026-08-29 02:34:52,27,Morgan Quinn,Dallas,SIP_NATIONAL,TERMINATING,+13125551005,+155509980,Morgan Quinn,+155509980,rnd-247-99,HuntGroup,User,True,Yes,Success,Success,success,,2026-08-29
2026-08-22 19:02:27,779,Riley Park,Singapore,SIP_MOBILE,TERMINATING,+13125551006,+155509998,Riley Park,+155509998,rnd-248-99,ConsultativeTransfer,User,True,No,Success,Success,,,2026-08-22
2026-08-20 13:19:13,984,Taylor Brooks,London,SIP_ENTERPRISE,ORIGINATING,+13125551006,+13125551005,Riley Park,Morgan Quinn,rnd-249-99,CallQueue,User,True,Yes,Success,Success,,always,2026-08-20
2026-08-12 20:13:53,154,Jordan Lee,Denver,SIP_ENTERPRISE,ORIGINATING,+13125551005,+13125551003,Morgan Quinn,Taylor Brooks,rnd-250-99,HuntGroup,User,True,Yes,Success,Success,,,2026-08-12
2026-08-26 11:24:35,2215,Jordan Lee,Denver,SIP_ENTERPRISE,TERMINATING,+13125551001,+13125551004,Jordan Lee,Casey Rivera,rnd-251-99,CallQueue,HuntGroup,True,Yes-PostRedirection,Success,Success,,,2026-08-26
2026-09-05 16:32:32,1399,Marcus Webb,London,SIP_ENTERPRISE,ORIGINATING,+13125551009,+13125551006,Marcus Webb,Riley Park,rnd-252-99,,HuntGroup,True,Yes,Success,Success,,always-pause-resume,2026-09-05
2026-08-15 17:26:57,1962,Taylor Brooks,Singapore,SIP_ENTERPRISE,ORIGINATING,+13125551005,+13125551009,Morgan Quinn,Marcus Webb,rnd-253-99,CallForwardNoAnswer,User,True,Yes-PostRedirection,Success,Success,,always-pause-resume,2026-08-15
2026-08-12 08:11:38,583,Morgan Quinn,London,SIP_ENTERPRISE,TERMINATING,+13125551002,+13125551008,Sam Chen,Priya Nair,rnd-254-99,ConsultativeTransfer,User,True,Yes,Success,Success,,always,2026-08-12
2026-08-29 14:59:18,1185,Taylor Brooks,Denver,SIP_NATIONAL,ORIGINATING,+13125551003,+155509963,Taylor Brooks,+155509963,rnd-255-99,,User,True,Yes-PostRedirection,Success,Success,,,2026-08-29
2026-08-24 23:25:07,1643,Priya Nair,Chicago,SIP_INTERNATIONAL,ORIGINATING,+13125551008,+155509945,Priya Nair,+155509945,rnd-256-99,HuntGroup,CallCenterPremium,True,No,Success,Success,,,2026-08-24
2026-08-16 09:17:12,729,Priya Nair,Chicago,SIP_INBOUND,TERMINATING,+155509999,+13125551008,+155509999,Priya Nair,rnd-257-99,,User,True,Yes,Success,Success,,,2026-08-16
2026-09-03 06:45:31,973,Jamie Ortiz,Denver,SIP_ENTERPRISE,TERMINATING,+13125551000,+13125551003,Alex Morgan,Taylor Brooks,rnd-258-99,Deflection,HuntGroup,True,No,Success,Success,,always-pause-resume,2026-09-03
2026-08-31 21:03:06,1418,Jordan Lee,Denver,SIP_ENTERPRISE,ORIGINATING,+13125551005,+13125551009,Morgan Quinn,Marcus Webb,rnd-259-99,CallQueue,User,True,Yes,Success,Success,success,,2026-08-31
2026-08-31 03:47:30,1916,Priya Nair,Denver,SIP_ENTERPRISE,TERMINATING,+13125551007,+13125551004,Jamie Ortiz,Casey Rivera,rnd-260-99,CallQueue,CallCenterPremium,True,Yes-PostRedirection,Success,Success,,always-pause-resume,2026-08-31
2026-08-17 14:24:54,1714,Jordan Lee,Singapore,SIP_ENTERPRISE,ORIGINATING,+13125551004,+13125551001,Casey Rivera,Jordan Lee,rnd-261-99,ConsultativeTransfer,CallCenterPremium,True,No,Success,Success,,always-pause-resume,2026-08-17
2026-08-16 20:55:16,1649,Casey Rivera,Denver,SIP_ENTERPRISE,ORIGINATING,+13125551004,+13125551003,Casey Rivera,Taylor Brooks,rnd-262-99,CallForwardBusy,User,True,No,Success,Success,,,2026-08-16
2026-08-13 22:38:37,250,Jordan Lee,Denver,SIP_ENTERPRISE,TERMINATING,+13125551007,+13125551006,Jamie Ortiz,Riley Park,rnd-263-99,CallForwardNoAnswer,User,False,No,Refusal,CallRejected,,always,2026-08-13
2026-09-04 14:51:56,1925,Alex Morgan,London,SIP_ENTERPRISE,TERMINATING,+13125551003,+13125551004,Taylor Brooks,Casey Rivera,rnd-264-99,ConsultativeTransfer,User,True,Yes-PostRedirection,Success,Success,,always,2026-09-04
2026-08-21 13:50:51,2097,Casey Rivera,Dallas,SIP_ENTERPRISE,TERMINATING,+13125551004,+13125551000,Casey Rivera,Alex Morgan,rnd-265-99,SimultaneousRingPersonal,User,True,Yes,Success,Success,,always-pause-resume,2026-08-21
2026-08-17 03:05:42,1335,Priya Nair,Chicago,SIP_INBOUND,ORIGINATING,+155509991,+13125551008,+155509991,Priya Nair,rnd-266-99,CallQueue,User,True,No,Success,Success,,,2026-08-17
2026-08-17 08:36:59,1501,Jamie Ortiz,Chicago,SIP_ENTERPRISE,TERMINATING,+13125551002,+13125551004,Sam Chen,Casey Rivera,rnd-267-99,CallForwardBusy,AutomatedAttendantVideo,True,Yes-PostRedirection,Success,Success,,,2026-08-17
2026-08-09 17:45:42,1726,Jamie Ortiz,Dallas,SIP_INTERNATIONAL,TERMINATING,+13125551007,+155509936,Jamie Ortiz,+155509936,rnd-268-99,HuntGroup,CallCenterPremium,True,No,Success,Success,,always,2026-08-09
2026-08-30 09:26:16,2335,Alex Morgan,Dallas,SIP_NATIONAL,ORIGINATING,+13125551000,+155509975,Alex Morgan,+155509975,rnd-269-99,HuntGroup,User,True,Yes,Success,Success,,always-pause-resume,2026-08-30
2026-08-18 23:40:26,2072,Morgan Quinn,Chicago,SIP_ENTERPRISE,ORIGINATING,+13125551006,+13125551003,Riley Park,Taylor Brooks,rnd-270-99,Deflection,User,True,Yes-PostRedirection,Success,Success,,always-pause-resume,2026-08-18
2026-08-22 11:36:20,1235,Morgan Quinn,London,SIP_INBOUND,TERMINATING,+155509966,+13125551005,+155509966,Morgan Quinn,rnd-271-99,CallForwardNoAnswer,HuntGroup,True,Yes,Success,Success,,always-pause-resume,2026-08-22
2026-08-21 04:47:41,1253,Casey Rivera,Denver,SIP_ENTERPRISE,ORIGINATING,+13125551000,+13125551003,Alex Morgan,Taylor Brooks,rnd-272-99,CallQueue,HuntGroup,True,No,Success,Success,,,2026-08-21
2026-08-09 22:41:08,746,Jamie Ortiz,Denver,SIP_ENTERPRISE,TERMINATING,+13125551006,+13125551004,Riley Park,Casey Rivera,rnd-273-99,HuntGroup,User,True,No,Success,Success,,always-pause-resume,2026-08-09
2026-08-29 19:10:59,112,Jordan Lee,London,SIP_INBOUND,TERMINATING,+155509911,+13125551001,+155509911,Jordan Lee,rnd-274-99,SimultaneousRingPersonal,User,True,No,Success,Success,success,always-pause-resume,2026-08-29
2026-08-13 03:30:14,2284,Sam Chen,Singapore,SIP_ENTERPRISE,TERMINATING,+13125551009,+13125551000,Marcus Webb,Alex Morgan,rnd-275-99,CallQueue,User,True,No,Success,Success,success,,2026-08-13
2026-08-15 09:52:16,781,Jamie Ortiz,Denver,SIP_NATIONAL,TERMINATING,+13125551007,+155509921,Jamie Ortiz,+155509921,rnd-276-99,CallForwardNoAnswer,User,True,Yes-PostRedirection,Success,Success,,always-pause-resume,2026-08-15
2026-08-13 04:13:38,1526,Jordan Lee,Chicago,SIP_INBOUND,TERMINATING,+155509933,+13125551001,+155509933,Jordan Lee,rnd-277-99,HuntGroup,AutomatedAttendantVideo,True,No,Success,Success,,always-pause-resume,2026-08-13
2026-08-24 02:33:45,1335,Riley Park,Dallas,SIP_ENTERPRISE,TERMINATING,+13125551008,+13125551002,Priya Nair,Sam Chen,rnd-278-99,CallForwardBusy,CallCenterPremium,True,Yes,Success,Success,,,2026-08-24
2026-08-18 00:26:33,1661,Priya Nair,Denver,SIP_INBOUND,ORIGINATING,+155509988,+13125551008,+155509988,Priya Nair,rnd-279-99,CallForwardNoAnswer,User,True,Yes,Success,Success,,always-pause-resume,2026-08-18
2026-08-28 02:36:24,1269,Taylor Brooks,London,SIP_ENTERPRISE,ORIGINATING,+13125551000,+13125551005,Alex Morgan,Morgan Quinn,rnd-280-99,,HuntGroup,True,Yes-PostRedirection,Success,Success,,,2026-08-28
2026-09-01 16:22:28,1186,Sam Chen,Chicago,SIP_ENTERPRISE,ORIGINATING,+13125551006,+13125551009,Riley Park,Marcus Webb,rnd-281-99,Deflection,User,True,Yes,Success,Success,success,,2026-09-01
2026-08-27 06:57:51,2389,Taylor Brooks,London,SIP_ENTERPRISE,ORIGINATING,+13125551003,+13125551002,Taylor Brooks,Sam Chen,rnd-282-99,Deflection,User,True,No,Success,Success,success,,2026-08-27
2026-08-22 12:45:29,1956,Morgan Quinn,Chicago,SIP_INBOUND,ORIGINATING,+155509988,+13125551005,+155509988,Morgan Quinn,rnd-283-99,HuntGroup,User,True,Yes-PostRedirection,Success,Success,,,2026-08-22
2026-09-02 19:24:57,1944,Jamie Ortiz,Dallas,SIP_NATIONAL,TERMINATING,+13125551007,+155509982,Jamie Ortiz,+155509982,rnd-284-99,HuntGroup,User,False,No,Refusal,CallRejected,,always,2026-09-02
2026-08-09 10:01:54,1991,Marcus Webb,Singapore,SIP_NATIONAL,ORIGINATING,+13125551009,+155509973,Marcus Webb,+155509973,rnd-285-99,,HuntGroup,True,Yes-PostRedirection,Success,Success,,,2026-08-09
2026-08-10 21:11:16,68,Morgan Quinn,Chicago,SIP_MOBILE,ORIGINATING,+13125551005,+155509915,Morgan Quinn,+155509915,rnd-286-99,SimultaneousRingPersonal,User,True,Yes,Success,Success,,always,2026-08-10
2026-09-01 02:41:45,1131,Alex Morgan,London,SIP_ENTERPRISE,ORIGINATING,+13125551003,+13125551007,Taylor Brooks,Jamie Ortiz,rnd-287-99,HuntGroup,User,True,Yes-PostRedirection,Success,Success,success,always,2026-09-01
2026-09-04 02:21:21,235,Taylor Brooks,Chicago,SIP_ENTERPRISE,ORIGINATING,+13125551004,+13125551006,Casey Rivera,Riley Park,rnd-288-99,ConsultativeTransfer,CallCenterPremium,True,Yes,Success,Success,,always,2026-09-04
2026-08-21 03:16:58,16,Casey Rivera,Denver,SIP_ENTERPRISE,ORIGINATING,+13125551004,+13125551003,Casey Rivera,Taylor Brooks,rnd-289-99,CallQueue,User,True,No,Success,Success,,always-pause-resume,2026-08-21
2026-08-31 07:22:19,2086,Morgan Quinn,Singapore,SIP_ENTERPRISE,ORIGINATING,+13125551005,+13125551008,Morgan Quinn,Priya Nair,rnd-290-99,SimultaneousRingPersonal,AutomatedAttendantVideo,True,Yes,Success,Success,,always,2026-08-31
2026-08-16 15:28:23,148,Morgan Quinn,Dallas,SIP_INBOUND,TERMINATING,+155509952,+13125551005,+155509952,Morgan Quinn,rnd-291-99,SimultaneousRingPersonal,User,True,No,Success,Success,,,2026-08-16
2026-09-05 02:59:19,1345,Jamie Ortiz,Denver,SIP_ENTERPRISE,ORIGINATING,+13125551008,+13125551009,Priya Nair,Marcus Webb,rnd-292-99,CallForwardBusy,User,True,No,Success,Success,,always,2026-09-05
2026-08-06 19:43:00,2289,Priya Nair,Singapore,SIP_ENTERPRISE,ORIGINATING,+13125551005,+13125551003,Morgan Quinn,Taylor Brooks,rnd-293-99,Deflection,CallCenterPremium,True,Yes,Success,Success,,always,2026-08-06
2026-08-14 20:50:26,1002,Priya Nair,London,SIP_ENTERPRISE,TERMINATING,+13125551000,+13125551005,Alex Morgan,Morgan Quinn,rnd-294-99,SimultaneousRingPersonal,CallCenterPremium,True,Yes,Success,Success,,,2026-08-14
2026-08-06 21:47:54,387,Priya Nair,London,SIP_MOBILE,ORIGINATING,+13125551008,+155509951,Priya Nair,+155509951,rnd-295-99,Deflection,User,True,No,Success,Success,,always,2026-08-06
2026-08-06 01:34:26,2015,Morgan Quinn,London,SIP_NATIONAL,TERMINATING,+13125551005,+155509996,Morgan Quinn,+155509996,rnd-296-99,,User,True,No,Success,Success,,always,2026-08-06
2026-08-14 23:47:45,1185,Riley Park,Chicago,SIP_ENTERPRISE,ORIGINATING,+13125551009,+13125551000,Marcus Webb,Alex Morgan,rnd-297-99,ConsultativeTransfer,User,True,Yes,Success,Success,success,always,2026-08-14
2026-08-20 18:21:50,1637,Priya Nair,London,SIP_ENTERPRISE,TERMINATING,+13125551009,+13125551007,Marcus Webb,Jamie Ortiz,rnd-298-99,CallForwardNoAnswer,CallCenterPremium,True,Yes,Success,Success,,,2026-08-20
2026-08-07 07:29:26,858,Jordan Lee,Denver,SIP_ENTERPRISE,ORIGINATING,+13125551001,+13125551002,Jordan Lee,Sam Chen,rnd-299-99,ConsultativeTransfer,CallCenterPremium,True,Yes,Success,Success,,always,2026-08-07
2026-08-07 16:58:09,1106,Priya Nair,Singapore,SIP_ENTERPRISE,TERMINATING,+13125551002,+13125551008,Sam Chen,Priya Nair,rnd-300-99,SimultaneousRingPersonal,CallCenterPremium,True,No,Success,Success,,,2026-08-07
2026-08-28 17:36:36,2262,Casey Rivera,Chicago,SIP_INBOUND,TERMINATING,+155509920,+13125551004,+155509920,Casey Rivera,rnd-301-99,CallForwardNoAnswer,CallCenterPremium,True,No,Success,Success,success,always-pause-resume,2026-08-28
2026-08-21 10:03:53,181,Jamie Ortiz,Dallas,SIP_INBOUND,ORIGINATING,+155509926,+13125551007,+155509926,Jamie Ortiz,rnd-302-99,CallQueue,User,True,Yes-PostRedirection,Success,Success,success,always-pause-resume,2026-08-21
2026-08-25 22:31:29,1693,Jamie Ortiz,Singapore,SIP_INTERNATIONAL,TERMINATING,+13125551007,+155509992,Jamie Ortiz,+155509992,rnd-303-99,CallForwardNoAnswer,User,True,Yes-PostRedirection,Success,Success,,,2026-08-25
2026-08-23 15:01:26,726,Riley Park,Dallas,SIP_INBOUND,ORIGINATING,+155509927,+13125551006,+155509927,Riley Park,rnd-304-99,SimultaneousRingPersonal,HuntGroup,True,Yes-PostRedirection,Success,Success,,,2026-08-23
2026-08-22 23:23:46,1813,Jordan Lee,Singapore,SIP_INBOUND,ORIGINATING,+155509957,+13125551001,+155509957,Jordan Lee,rnd-305-99,CallQueue,AutomatedAttendantVideo,True,No,Success,Success,,always-pause-resume,2026-08-22
2026-08-23 07:44:15,2358,Jordan Lee,Denver,SIP_MOBILE,TERMINATING,+13125551001,+155509975,Jordan Lee,+155509975,rnd-306-99,CallForwardNoAnswer,User,False,No,Refusal,TemporarilyUnavailable,,,2026-08-23
2026-08-08 06:04:43,957,Marcus Webb,London,SIP_INBOUND,ORIGINATING,+155509950,+13125551009,+155509950,Marcus Webb,rnd-307-99,Deflection,HuntGroup,True,Yes,Success,Success,,always-pause-resume,2026-08-08
2026-08-25 21:23:33,704,Taylor Brooks,Singapore,SIP_INBOUND,ORIGINATING,+155509989,+13125551003,+155509989,Taylor Brooks,rnd-308-99,CallQueue,HuntGroup,True,Yes-PostRedirection,Success,Success,,,2026-08-25
2026-08-28 16:44:49,2112,Jordan Lee,Chicago,SIP_INBOUND,ORIGINATING,+155509959,+13125551001,+155509959,Jordan Lee,rnd-309-99,Deflection,User,True,Yes-PostRedirection,Success,Success,success,,2026-08-28
2026-08-23 03:59:02,2342,Riley Park,Denver,SIP_ENTERPRISE,TERMINATING,+13125551001,+13125551009,Jordan Lee,Marcus Webb,rnd-310-99,CallForwardNoAnswer,AutomatedAttendantVideo,True,Yes-PostRedirection,Success,Success,,always,2026-08-23
2026-08-08 09:38:09,1383,Priya Nair,Denver,SIP_ENTERPRISE,TERMINATING,+13125551008,+13125551001,Priya Nair,Jordan Lee,rnd-311-99,,User,True,Yes-PostRedirection,Success,Success,,,2026-08-08
2026-08-06 01:48:03,2010,Morgan Quinn,Denver,SIP_ENTERPRISE,ORIGINATING,+13125551008,+13125551002,Priya Nair,Sam Chen,rnd-312-99,HuntGroup,User,True,Yes-PostRedirection,Success,Success,,,2026-08-06
2026-08-23 04:08:37,938,Jordan Lee,London,SIP_ENTERPRISE,TERMINATING,+13125551005,+13125551004,Morgan Quinn,Casey Rivera,rnd-313-99,CallForwardBusy,User,False,No,Refusal,TemporarilyUnavailable,,,2026-08-23
2026-08-22 02:38:18,277,Marcus Webb,Chicago,SIP_ENTERPRISE,TERMINATING,+13125551009,+13125551006,Marcus Webb,Riley Park,rnd-314-99,HuntGroup,CallCenterPremium,True,No,Success,Success,,always-pause-resume,2026-08-22
2026-08-19 05:44:31,2193,Riley Park,Singapore,SIP_INBOUND,TERMINATING,+155509974,+13125551006,+155509974,Riley Park,rnd-315-99,SimultaneousRingPersonal,User,True,Yes-PostRedirection,Success,Success,,always-pause-resume,2026-08-19
2026-08-12 15:22:23,2322,Jordan Lee,Chicago,SIP_INBOUND,ORIGINATING,+155509927,+13125551001,+155509927,Jordan Lee,rnd-316-99,CallQueue,CallCenterPremium,True,No,Success,Success,,always-pause-resume,2026-08-12
2026-09-05 07:03:31,1179,Marcus Webb,Denver,SIP_ENTERPRISE,ORIGINATING,+13125551005,+13125551002,Morgan Quinn,Sam Chen,rnd-317-99,Deflection,CallCenterPremium,False,No,Refusal,UnassignedNumber,,always,2026-09-05
2026-08-22 20:32:04,298,Taylor Brooks,London,SIP_ENTERPRISE,TERMINATING,+13125551006,+13125551005,Riley Park,Morgan Quinn,rnd-318-99,Deflection,User,True,Yes-PostRedirection,Success,Success,,,2026-08-22
2026-08-23 08:18:20,2158,Jordan Lee,London,SIP_NATIONAL,TERMINATING,+13125551001,+155509956,Jordan Lee,+155509956,rnd-319-99,Deflection,AutomatedAttendantVideo,True,No,Success,Success,,always,2026-08-23
2026-08-09 03:33:11,25,Sam Chen,Singapore,SIP_ENTERPRISE,TERMINATING,+13125551009,+13125551008,Marcus Webb,Priya Nair,rnd-320-99,SimultaneousRingPersonal,AutomatedAttendantVideo,True,Yes-PostRedirection,Success,Success,,,2026-08-09
2026-09-04 18:19:37,1684,Priya Nair,London,SIP_NATIONAL,ORIGINATING,+13125551008,+155509929,Priya Nair,+155509929,rnd-321-99,ConsultativeTransfer,User,True,Yes-PostRedirection,Success,Success,success,always,2026-09-04
2026-08-31 16:54:16,1792,Jamie Ortiz,Dallas,SIP_INBOUND,TERMINATING,+155509970,+13125551007,+155509970,Jamie Ortiz,rnd-322-99,SimultaneousRingPersonal,User,False,Yes,Refusal,CallRejected,success,always,2026-08-31
2026-08-20 03:08:23,1524,Riley Park,Singapore,SIP_ENTERPRISE,TERMINATING,+13125551000,+13125551006,Alex Morgan,Riley Park,rnd-323-99,CallForwardNoAnswer,CallCenterPremium,True,No,Success,Success,,,2026-08-20
2026-09-01 20:32:31,493,Marcus Webb,London,SIP_ENTERPRISE,ORIGINATING,+13125551005,+13125551000,Morgan Quinn,Alex Morgan,rnd-324-99,,User,True,No,Success,Success,,always,2026-09-01
2026-08-26 04:55:13,1323,Riley Park,Denver,SIP_ENTERPRISE,TERMINATING,+13125551005,+13125551002,Morgan Quinn,Sam Chen,rnd-325-99,CallForwardNoAnswer,CallCenterPremium,True,No,Success,Success,success,always,2026-08-26
2026-08-16 23:38:54,855,Jordan Lee,London,SIP_ENTERPRISE,ORIGINATING,+13125551008,+13125551001,Priya Nair,Jordan Lee,rnd-326-99,SimultaneousRingPersonal,User,True,Yes-PostRedirection,Success,Success,,always-pause-resume,2026-08-16
2026-09-01 03:02:13,1289,Sam Chen,Singapore,SIP_ENTERPRISE,TERMINATING,+13125551004,+13125551002,Casey Rivera,Sam Chen,rnd-327-99,Deflection,AutomatedAttendantVideo,True,Yes,Success,Success,,,2026-09-01
2026-08-27 08:13:16,1313,Marcus Webb,Denver,SIP_NATIONAL,ORIGINATING,+13125551009,+155509936,Marcus Webb,+155509936,rnd-328-99,CallForwardNoAnswer,User,True,Yes-PostRedirection,Success,Success,,,2026-08-27
2026-08-26 17:34:43,288,Jamie Ortiz,Denver,SIP_ENTERPRISE,ORIGINATING,+13125551005,+13125551006,Morgan Quinn,Riley Park,rnd-329-99,,CallCenterPremium,True,Yes-PostRedirection,Success,Success,,,2026-08-26
2026-08-06 07:46:57,1152,Casey Rivera,Singapore,SIP_INBOUND,ORIGINATING,+155509949,+13125551004,+155509949,Casey Rivera,rnd-330-99,ConsultativeTransfer,HuntGroup,False,No,Refusal,TemporarilyUnavailable,success,always-pause-resume,2026-08-06
2026-08-20 14:25:06,151,Morgan Quinn,London,SIP_INBOUND,ORIGINATING,+155509919,+13125551005,+155509919,Morgan Quinn,rnd-331-99,,CallCenterPremium,True,Yes-PostRedirection,Success,Success,success,always,2026-08-20
2026-08-17 10:24:30,1868,Morgan Quinn,Dallas,SIP_ENTERPRISE,ORIGINATING,+13125551006,+13125551004,Riley Park,Casey Rivera,rnd-332-99,CallForwardNoAnswer,User,True,Yes-PostRedirection,Success,Success,,,2026-08-17
2026-08-19 02:21:40,465,Jordan Lee,Chicago,SIP_INBOUND,TERMINATING,+155509920,+13125551001,+155509920,Jordan Lee,rnd-333-99,CallForwardBusy,AutomatedAttendantVideo,True,No,Success,Success,,always,2026-08-19
2026-08-23 18:25:02,1115,Jamie Ortiz,Dallas,SIP_ENTERPRISE,TERMINATING,+13125551002,+13125551004,Sam Chen,Casey Rivera,rnd-334-99,,CallCenterPremium,True,Yes-PostRedirection,Success,Success,,,2026-08-23
2026-08-08 21:53:37,2366,Alex Morgan,London,SIP_INBOUND,ORIGINATING,+155509974,+13125551000,+155509974,Alex Morgan,rnd-335-99,CallQueue,AutomatedAttendantVideo,True,Yes-PostRedirection,Success,Success,,,2026-08-08
2026-08-28 10:42:56,1566,Alex Morgan,London,SIP_INBOUND,TERMINATING,+155509932,+13125551000,+155509932,Alex Morgan,rnd-336-99,CallForwardNoAnswer,AutomatedAttendantVideo,True,Yes-PostRedirection,Success,Success,,always,2026-08-28
2026-08-19 11:56:11,267,Jordan Lee,London,SIP_ENTERPRISE,ORIGINATING,+13125551009,+13125551000,Marcus Webb,Alex Morgan,rnd-337-99,,User,True,Yes-PostRedirection,Success,Success,,,2026-08-19
2026-09-05 02:37:15,424,Riley Park,London,SIP_INTERNATIONAL,ORIGINATING,+13125551006,+155509936,Riley Park,+155509936,rnd-338-99,Deflection,HuntGroup,True,Yes-PostRedirection,Success,Success,success,,2026-09-05
2026-08-17 11:19:07,1351,Priya Nair,Chicago,SIP_ENTERPRISE,ORIGINATING,+13125551005,+13125551004,Morgan Quinn,Casey Rivera,rnd-339-99,HuntGroup,User,True,Yes,Success,Success,,always-pause-resume,2026-08-17
2026-08-22 06:37:11,1746,Priya Nair,Chicago,SIP_ENTERPRISE,TERMINATING,+13125551002,+13125551000,Sam Chen,Alex Morgan,rnd-340-99,SimultaneousRingPersonal,User,True,Yes,Success,Success,,always,2026-08-22
2026-08-29 16:14:27,2206,Riley Park,Dallas,SIP_ENTERPRISE,TERMINATING,+13125551004,+13125551003,Casey Rivera,Taylor Brooks,rnd-341-99,Deflection,User,True,Yes,Success,Success,,always-pause-resume,2026-08-29
2026-08-15 12:25:38,1598,Jamie Ortiz,Chicago,SIP_MOBILE,TERMINATING,+13125551007,+155509955,Jamie Ortiz,+155509955,rnd-342-99,SimultaneousRingPersonal,AutomatedAttendantVideo,True,Yes,Success,Success,,,2026-08-15
2026-08-11 23:48:58,913,Alex Morgan,Chicago,SIP_ENTERPRISE,ORIGINATING,+13125551009,+13125551008,Marcus Webb,Priya Nair,rnd-343-99,CallForwardNoAnswer,HuntGroup,True,Yes-PostRedirection,Success,Success,,always-pause-resume,2026-08-11
2026-08-23 04:06:11,1640,Sam Chen,London,SIP_NATIONAL,TERMINATING,+13125551002,+155509929,Sam Chen,+155509929,rnd-344-99,HuntGroup,AutomatedAttendantVideo,True,No,Success,Success,,,2026-08-23
2026-08-18 03:44:20,1931,Riley Park,Denver,SIP_ENTERPRISE,ORIGINATING,+13125551009,+13125551005,Marcus Webb,Morgan Quinn,rnd-345-99,SimultaneousRingPersonal,AutomatedAttendantVideo,True,No,Success,Success,,,2026-08-18
2026-08-16 19:36:57,2226,Jordan Lee,London,SIP_MOBILE,ORIGINATING,+13125551001,+155509933,Jordan Lee,+155509933,rnd-346-99,HuntGroup,CallCenterPremium,True,No,Success,Success,,always-pause-resume,2026-08-16
2026-08-15 23:04:31,443,Sam Chen,Denver,SIP_ENTERPRISE,ORIGINATING,+13125551004,+13125551005,Casey Rivera,Morgan Quinn,rnd-347-99,CallQueue,HuntGroup,True,Yes,Success,Success,,always,2026-08-15
2026-08-08 01:42:23,2100,Sam Chen,Denver,SIP_INBOUND,TERMINATING,+155509953,+13125551002,+155509953,Sam Chen,rnd-348-99,Deflection,CallCenterPremium,True,Yes,Success,Success,,always-pause-resume,2026-08-08
2026-08-11 23:43:48,1389,Jordan Lee,London,UNKNOWN,TERMINATING,+13125551001,+155509962,Jordan Lee,+155509962,rnd-349-99,SimultaneousRingPersonal,HuntGroup,True,Yes-PostRedirection,Success,Success,,,2026-08-11
2026-09-04 15:45:45,533,Jordan Lee,Dallas,SIP_NATIONAL,ORIGINATING,+13125551001,+155509952,Jordan Lee,+155509952,rnd-350-99,CallForwardNoAnswer,HuntGroup,True,Yes,Success,Success,success,always-pause-resume,2026-09-04
2026-08-31 23:42:00,991,Sam Chen,London,SIP_NATIONAL,TERMINATING,+13125551002,+155509973,Sam Chen,+155509973,rnd-351-99,,AutomatedAttendantVideo,True,No,Success,Success,,always,2026-08-31
2026-08-08 20:09:05,860,Marcus Webb,Singapore,SIP_ENTERPRISE,ORIGINATING,+13125551006,+13125551004,Riley Park,Casey Rivera,rnd-352-99,,User,True,No,Success,Success,,,2026-08-08
2026-08-14 19:53:42,2159,Alex Morgan,Chicago,SIP_NATIONAL,TERMINATING,+13125551000,+155509934,Alex Morgan,+155509934,rnd-353-99,ConsultativeTransfer,AutomatedAttendantVideo,False,Yes,Refusal,TemporarilyUnavailable,,always,2026-08-14
2026-09-02 14:32:44,226,Riley Park,Dallas,SIP_INTERNATIONAL,ORIGINATING,+13125551006,+155509916,Riley Park,+155509916,rnd-354-99,HuntGroup,AutomatedAttendantVideo,True,Yes,Success,Success,,always,2026-09-02
2026-08-30 23:42:31,689,Sam Chen,Chicago,SIP_MOBILE,ORIGINATING,+13125551002,+155509975,Sam Chen,+155509975,rnd-355-99,CallForwardBusy,HuntGroup,True,No,Success,Success,success,always,2026-08-30
2026-08-21 21:11:56,940,Casey Rivera,Chicago,SIP_ENTERPRISE,ORIGINATING,+13125551000,+13125551002,Alex Morgan,Sam Chen,rnd-356-99,HuntGroup,CallCenterPremium,True,Yes-PostRedirection,Success,Success,,always,2026-08-21
2026-08-08 02:50:28,1308,Taylor Brooks,Dallas,UNKNOWN,ORIGINATING,+13125551003,+155509928,Taylor Brooks,+155509928,rnd-357-99,ConsultativeTransfer,User,True,No,Success,Success,,always-pause-resume,2026-08-08
2026-08-07 00:26:27,10,Taylor Brooks,Dallas,SIP_ENTERPRISE,ORIGINATING,+13125551001,+13125551007,Jordan Lee,Jamie Ortiz,rnd-358-99,Deflection,User,True,No,Success,Success,,always-pause-resume,2026-08-07
2026-08-27 12:06:48,2325,Alex Morgan,London,SIP_ENTERPRISE,TERMINATING,+13125551007,+13125551009,Jamie Ortiz,Marcus Webb,rnd-359-99,CallQueue,AutomatedAttendantVideo,True,Yes-PostRedirection,Success,Success,,always,2026-08-27
2026-08-24 04:22:54,439,Marcus Webb,Singapore,SIP_NATIONAL,TERMINATING,+13125551009,+155509993,Marcus Webb,+155509993,rnd-360-99,CallQueue,User,True,No,Success,Success,,always,2026-08-24
2026-08-12 11:30:40,942,Jamie Ortiz,Denver,SIP_INBOUND,TERMINATING,+155509924,+13125551007,+155509924,Jamie Ortiz,rnd-361-99,Deflection,HuntGroup,True,Yes-PostRedirection,Success,Success,failed,always-pause-resume,2026-08-12
2026-08-18 01:14:02,34,Morgan Quinn,Denver,SIP_ENTERPRISE,TERMINATING,+13125551007,+13125551000,Jamie Ortiz,Alex Morgan,rnd-362-99,Deflection,User,True,Yes-PostRedirection,Success,Success,,always-pause-resume,2026-08-18
2026-08-14 14:43:25,951,Morgan Quinn,London,SIP_ENTERPRISE,TERMINATING,+13125551009,+13125551001,Marcus Webb,Jordan Lee,rnd-363-99,CallForwardBusy,HuntGroup,True,Yes,Success,Success,success,,2026-08-14
2026-08-29 21:18:36,1156,Taylor Brooks,London,SIP_ENTERPRISE,TERMINATING,+13125551003,+13125551004,Taylor Brooks,Casey Rivera,rnd-364-99,ConsultativeTransfer,User,True,No,Success,Success,,,2026-08-29
2026-08-15 15:34:02,1952,Jamie Ortiz,Chicago,SIP_MOBILE,TERMINATING,+13125551007,+155509983,Jamie Ortiz,+155509983,rnd-365-99,CallQueue,User,True,Yes-PostRedirection,Success,Success,,,2026-08-15
2026-08-24 14:46:20,172,Priya Nair,Singapore,SIP_NATIONAL,ORIGINATING,+13125551008,+155509964,Priya Nair,+155509964,rnd-366-99,CallForwardNoAnswer,CallCenterPremium,True,Yes,Success,Success,,always-pause-resume,2026-08-24
2026-08-13 03:51:13,1515,Jordan Lee,London,SIP_ENTERPRISE,ORIGINATING,+13125551001,+13125551008,Jordan Lee,Priya Nair,rnd-367-99,HuntGroup,User,True,No,Success,Success,,always-pause-resume,2026-08-13
2026-08-09 05:36:03,886,Jamie Ortiz,Singapore,SIP_NATIONAL,ORIGINATING,+13125551007,+155509980,Jamie Ortiz,+155509980,rnd-368-99,CallQueue,User,True,No,Success,Success,,always,2026-08-09
2026-08-11 23:20:33,703,Jamie Ortiz,Dallas,SIP_ENTERPRISE,ORIGINATING,+13125551007,+13125551001,Jamie Ortiz,Jordan Lee,rnd-369-99,ConsultativeTransfer,User,True,Yes-PostRedirection,Success,Success,,always,2026-08-11
2026-08-28 02:24:33,1414,Riley Park,Dallas,SIP_INBOUND,ORIGINATING,+155509948,+13125551006,+155509948,Riley Park,rnd-370-99,CallQueue,User,True,No,Success,Success,,always,2026-08-28
2026-09-01 06:32:32,1867,Sam Chen,Denver,SIP_ENTERPRISE,ORIGINATING,+13125551000,+13125551004,Alex Morgan,Casey Rivera,rnd-371-99,SimultaneousRingPersonal,User,True,No,Success,Success,,,2026-09-01
2026-08-08 20:20:29,339,Priya Nair,Chicago,SIP_ENTERPRISE,ORIGINATING,+13125551009,+13125551006,Marcus Webb,Riley Park,rnd-372-99,ConsultativeTransfer,User,True,No,Success,Success,,always,2026-08-08
2026-08-24 07:20:35,2234,Taylor Brooks,Dallas,SIP_ENTERPRISE,ORIGINATING,+13125551003,+13125551002,Taylor Brooks,Sam Chen,rnd-373-99,Deflection,CallCenterPremium,True,No,Success,Success,,,2026-08-24
2026-08-13 20:45:56,274,Priya Nair,London,SIP_INBOUND,ORIGINATING,+155509980,+13125551008,+155509980,Priya Nair,rnd-374-99,HuntGroup,HuntGroup,True,Yes,Success,Success,success,always,2026-08-13
2026-08-31 14:21:35,1840,Jordan Lee,Chicago,SIP_NATIONAL,ORIGINATING,+13125551001,+155509993,Jordan Lee,+155509993,rnd-375-99,CallForwardNoAnswer,User,False,No,Refusal,CallRejected,,always,2026-08-31
2026-08-27 14:33:21,1765,Jamie Ortiz,Singapore,SIP_ENTERPRISE,ORIGINATING,+13125551004,+13125551008,Casey Rivera,Priya Nair,rnd-376-99,HuntGroup,AutomatedAttendantVideo,True,No,Success,Success,,always,2026-08-27
2026-08-30 07:18:37,2371,Casey Rivera,Chicago,SIP_ENTERPRISE,ORIGINATING,+13125551005,+13125551006,Morgan Quinn,Riley Park,rnd-377-99,ConsultativeTransfer,HuntGroup,True,Yes-PostRedirection,Success,Success,,always,2026-08-30
2026-08-22 03:44:48,385,Morgan Quinn,Chicago,SIP_NATIONAL,TERMINATING,+13125551005,+155509999,Morgan Quinn,+155509999,rnd-378-99,Deflection,User,True,Yes,Success,Success,success,always,2026-08-22
2026-09-03 13:31:35,1807,Morgan Quinn,London,SIP_ENTERPRISE,ORIGINATING,+13125551006,+13125551005,Riley Park,Morgan Quinn,rnd-379-99,CallForwardNoAnswer,User,True,Yes-PostRedirection,Success,Success,,always,2026-09-03
2026-08-29 23:14:00,991,Taylor Brooks,Chicago,SIP_NATIONAL,ORIGINATING,+13125551003,+155509922,Taylor Brooks,+155509922,rnd-380-99,ConsultativeTransfer,HuntGroup,True,Yes-PostRedirection,Success,Success,success,,2026-08-29
2026-08-30 13:42:11,2316,Sam Chen,Chicago,SIP_ENTERPRISE,ORIGINATING,+13125551006,+13125551002,Riley Park,Sam Chen,rnd-381-99,CallForwardNoAnswer,AutomatedAttendantVideo,True,Yes,Success,Success,,,2026-08-30
2026-09-01 21:28:33,2140,Casey Rivera,Dallas,SIP_ENTERPRISE,TERMINATING,+13125551005,+13125551006,Morgan Quinn,Riley Park,rnd-382-99,CallForwardBusy,User,True,Yes,Success,Success,,always,2026-09-01
2026-08-13 15:19:51,1870,Priya Nair,Singapore,SIP_MOBILE,ORIGINATING,+13125551008,+155509919,Priya Nair,+155509919,rnd-383-99,CallForwardBusy,CallCenterPremium,False,No,Refusal,CallRejected,,always,2026-08-13
2026-08-17 12:43:58,2252,Sam Chen,Singapore,SIP_ENTERPRISE,ORIGINATING,+13125551008,+13125551005,Priya Nair,Morgan Quinn,rnd-384-99,ConsultativeTransfer,User,True,No,Success,Success,,always,2026-08-17
2026-09-05 05:33:19,51,Jamie Ortiz,London,SIP_NATIONAL,TERMINATING,+13125551007,+155509945,Jamie Ortiz,+155509945,rnd-385-99,Deflection,User,True,Yes-PostRedirection,Success,Success,,always-pause-resume,2026-09-05
2026-08-23 06:50:33,613,Sam Chen,Dallas,SIP_ENTERPRISE,TERMINATING,+13125551002,+13125551003,Sam Chen,Taylor Brooks,rnd-386-99,Deflection,User,True,Yes-PostRedirection,Success,Success,,,2026-08-23
2026-08-17 06:37:17,15,Jamie Ortiz,London,SIP_ENTERPRISE,ORIGINATING,+13125551004,+13125551001,Casey Rivera,Jordan Lee,rnd-387-99,Deflection,AutomatedAttendantVideo,False,No,Refusal,CallRejected,,,2026-08-17
2026-08-16 10:20:43,791,Alex Morgan,London,SIP_NATIONAL,ORIGINATING,+13125551000,+155509928,Alex Morgan,+155509928,rnd-388-99,ConsultativeTransfer,AutomatedAttendantVideo,True,No,Success,Success,,always,2026-08-16
2026-09-01 15:19:50,1391,Priya Nair,Chicago,UNKNOWN,ORIGINATING,+13125551008,+155509962,Priya Nair,+155509962,rnd-389-99,ConsultativeTransfer,CallCenterPremium,True,Yes,Success,Success,,always,2026-09-01
2026-08-30 17:29:33,1656,Riley Park,Singapore,SIP_NATIONAL,ORIGINATING,+13125551006,+155509930,Riley Park,+155509930,rnd-390-99,ConsultativeTransfer,HuntGroup,True,No,Success,Success,success,always-pause-resume,2026-08-30
2026-08-30 19:45:20,2360,Taylor Brooks,Singapore,SIP_ENTERPRISE,ORIGINATING,+13125551008,+13125551007,Priya Nair,Jamie Ortiz,rnd-391-99,SimultaneousRingPersonal,User,True,No,Success,Success,,,2026-08-30
2026-08-13 04:29:18,580,Morgan Quinn,London,SIP_ENTERPRISE,ORIGINATING,+13125551007,+13125551004,Jamie Ortiz,Casey Rivera,rnd-392-99,HuntGroup,User,True,No,Success,Success,,,2026-08-13
2026-08-31 19:01:00,548,Taylor Brooks,London,SIP_ENTERPRISE,ORIGINATING,+13125551006,+13125551003,Riley Park,Taylor Brooks,rnd-393-99,Deflection,AutomatedAttendantVideo,True,Yes-PostRedirection,Success,Success,,,2026-08-31
2026-09-04 09:56:45,1113,Morgan Quinn,Denver,SIP_INBOUND,ORIGINATING,+155509947,+13125551005,+155509947,Morgan Quinn,rnd-394-99,,AutomatedAttendantVideo,True,Yes,Success,Success,success,always,2026-09-04
2026-08-20 07:39:18,302,Morgan Quinn,London,SIP_INBOUND,ORIGINATING,+155509915,+13125551005,+155509915,Morgan Quinn,rnd-395-99,SimultaneousRingPersonal,AutomatedAttendantVideo,True,Yes-PostRedirection,Success,Success,,,2026-08-20
2026-08-25 18:09:48,1535,Priya Nair,Singapore,SIP_INBOUND,ORIGINATING,+155509934,+13125551008,+155509934,Priya Nair,rnd-396-99,HuntGroup,AutomatedAttendantVideo,True,Yes-PostRedirection,Success,Success,,always-pause-resume,2026-08-25
2026-08-28 01:19:39,1097,Priya Nair,Singapore,SIP_INBOUND,ORIGINATING,+155509979,+13125551008,+155509979,Priya Nair,rnd-397-99,HuntGroup,User,True,Yes-PostRedirection,Success,Success,,always-pause-resume,2026-08-28
2026-08-14 19:22:28,742,Jamie Ortiz,Denver,SIP_NATIONAL,TERMINATING,+13125551007,+155509911,Jamie Ortiz,+155509911,rnd-398-99,HuntGroup,User,True,Yes-PostRedirection,Success,Success,,always,2026-08-14
2026-08-12 21:28:07,1246,Jordan Lee,Singapore,SIP_ENTERPRISE,TERMINATING,+13125551004,+13125551009,Casey Rivera,Marcus Webb,rnd-399-99,CallForwardBusy,User,True,No,Success,Success,,always,2026-08-12
2026-08-29 19:38:49,871,Sam Chen,Chicago,SIP_NATIONAL,TERMINATING,+13125551002,+155509968,Sam Chen,+155509968,rnd-400-99,CallForwardBusy,CallCenterPremium,True,Yes,Success,Success,success,always-pause-resume,2026-08-29
2026-08-24 09:57:58,1493,Casey Rivera,London,SIP_INBOUND,ORIGINATING,+155509980,+13125551004,+155509980,Casey Rivera,rnd-401-99,ConsultativeTransfer,CallCenterPremium,True,No,Success,Success,,always-pause-resume,2026-08-24
2026-09-02 16:52:39,894,Morgan Quinn,London,SIP_INBOUND,ORIGINATING,+155509957,+13125551005,+155509957,Morgan Quinn,rnd-402-99,HuntGroup,CallCenterPremium,True,No,Success,Success,,always-pause-resume,2026-09-02
2026-08-09 06:53:38,693,Riley Park,Denver,SIP_INBOUND,ORIGINATING,+155509971,+13125551006,+155509971,Riley Park,rnd-403-99,CallForwardNoAnswer,HuntGroup,True,Yes,Success,Success,,always-pause-resume,2026-08-09
2026-09-04 23:32:07,558,Jordan Lee,Singapore,SIP_NATIONAL,ORIGINATING,+13125551001,+155509961,Jordan Lee,+155509961,rnd-404-99,Deflection,User,True,Yes,Success,Success,,always,2026-09-04
2026-08-25 03:43:04,408,Taylor Brooks,Dallas,SIP_INBOUND,TERMINATING,+155509934,+13125551003,+155509934,Taylor Brooks,rnd-405-99,CallForwardBusy,AutomatedAttendantVideo,True,Yes,Success,Success,,always,2026-08-25
2026-08-21 08:17:08,1586,Priya Nair,Dallas,SIP_INBOUND,ORIGINATING,+155509941,+13125551008,+155509941,Priya Nair,rnd-406-99,CallForwardBusy,AutomatedAttendantVideo,True,No,Success,Success,,always,2026-08-21
2026-08-11 13:33:37,113,Marcus Webb,Singapore,SIP_ENTERPRISE,ORIGINATING,+13125551000,+13125551008,Alex Morgan,Priya Nair,rnd-407-99,ConsultativeTransfer,HuntGroup,True,Yes-PostRedirection,Success,Success,,always-pause-resume,2026-08-11
2026-08-29 01:50:55,1863,Marcus Webb,Singapore,SIP_ENTERPRISE,ORIGINATING,+13125551002,+13125551001,Sam Chen,Jordan Lee,rnd-408-99,Deflection,User,True,Yes,Success,Success,,,2026-08-29
2026-08-15 10:50:09,2261,Marcus Webb,London,SIP_INBOUND,TERMINATING,+155509936,+13125551009,+155509936,Marcus Webb,rnd-409-99,HuntGroup,AutomatedAttendantVideo,True,Yes,Success,Success,,,2026-08-15
2026-08-10 10:18:53,1565,Marcus Webb,London,SIP_NATIONAL,ORIGINATING,+13125551009,+155509956,Marcus Webb,+155509956,rnd-410-99,CallForwardBusy,User,True,Yes,Success,Success,,always-pause-resume,2026-08-10
2026-08-31 18:23:21,1658,Priya Nair,Dallas,SIP_ENTERPRISE,TERMINATING,+13125551008,+13125551006,Priya Nair,Riley Park,rnd-411-99,CallForwardNoAnswer,User,True,Yes-PostRedirection,Success,Success,,always-pause-resume,2026-08-31
2026-08-13 16:50:18,862,Jamie Ortiz,London,SIP_ENTERPRISE,TERMINATING,+13125551002,+13125551006,Sam Chen,Riley Park,rnd-412-99,Deflection,AutomatedAttendantVideo,True,Yes,Success,Success,,,2026-08-13
2026-09-02 18:08:06,697,Sam Chen,Chicago,SIP_INBOUND,ORIGINATING,+155509987,+13125551002,+155509987,Sam Chen,rnd-413-99,ConsultativeTransfer,User,True,Yes,Success,Success,success,always-pause-resume,2026-09-02
2026-08-19 14:22:17,1052,Riley Park,Chicago,SIP_INBOUND,ORIGINATING,+155509948,+13125551006,+155509948,Riley Park,rnd-414-99,HuntGroup,User,True,Yes,Success,Success,,,2026-08-19
2026-08-10 10:57:04,584,Jordan Lee,Singapore,SIP_INBOUND,ORIGINATING,+155509987,+13125551001,+155509987,Jordan Lee,rnd-415-99,CallForwardNoAnswer,CallCenterPremium,True,Yes,Success,Success,,always,2026-08-10
2026-08-29 18:21:12,1347,Riley Park,Denver,SIP_ENTERPRISE,ORIGINATING,+13125551008,+13125551006,Priya Nair,Riley Park,rnd-416-99,SimultaneousRingPersonal,CallCenterPremium,True,No,Success,Success,,,2026-08-29
2026-08-15 02:16:58,910,Jamie Ortiz,Dallas,SIP_ENTERPRISE,ORIGINATING,+13125551003,+13125551002,Taylor Brooks,Sam Chen,rnd-417-99,CallQueue,AutomatedAttendantVideo,True,Yes,Success,Success,success,,2026-08-15
2026-08-31 17:55:45,1820,Marcus Webb,Denver,SIP_ENTERPRISE,TERMINATING,+13125551000,+13125551004,Alex Morgan,Casey Rivera,rnd-418-99,ConsultativeTransfer,CallCenterPremium,True,Yes,Success,Success,,always,2026-08-31
2026-08-15 04:27:42,1021,Riley Park,Dallas,SIP_ENTERPRISE,ORIGINATING,+13125551000,+13125551008,Alex Morgan,Priya Nair,rnd-419-99,SimultaneousRingPersonal,User,True,No,Success,Success,,always,2026-08-15
2026-08-17 15:22:25,1830,Casey Rivera,Dallas,SIP_INBOUND,ORIGINATING,+155509922,+13125551004,+155509922,Casey Rivera,rnd-420-99,SimultaneousRingPersonal,User,True,Yes,Success,Success,,always-pause-resume,2026-08-17
2026-08-26 03:24:00,1203,Jordan Lee,Singapore,SIP_INBOUND,ORIGINATING,+155509926,+13125551001,+155509926,Jordan Lee,rnd-421-99,CallQueue,AutomatedAttendantVideo,True,No,Success,Success,,always-pause-resume,2026-08-26
2026-08-11 04:23:09,2056,Morgan Quinn,London,SIP_ENTERPRISE,ORIGINATING,+13125551007,+13125551009,Jamie Ortiz,Marcus Webb,rnd-422-99,CallForwardBusy,CallCenterPremium,True,Yes-PostRedirection,Success,Success,,always-pause-resume,2026-08-11
2026-08-22 03:44:14,2286,Taylor Brooks,London,SIP_ENTERPRISE,ORIGINATING,+13125551001,+13125551000,Jordan Lee,Alex Morgan,rnd-423-99,CallForwardBusy,CallCenterPremium,True,No,Success,Success,,always-pause-resume,2026-08-22
2026-08-24 23:08:39,457,Marcus Webb,Singapore,SIP_INBOUND,ORIGINATING,+155509956,+13125551009,+155509956,Marcus Webb,rnd-424-99,CallForwardNoAnswer,User,True,Yes,Success,Success,,,2026-08-24
2026-08-31 11:59:16,983,Casey Rivera,Singapore,SIP_ENTERPRISE,ORIGINATING,+13125551008,+13125551007,Priya Nair,Jamie Ortiz,rnd-425-99,SimultaneousRingPersonal,CallCenterPremium,True,Yes,Success,Success,,always,2026-08-31
2026-08-09 06:22:38,540,Taylor Brooks,Chicago,SIP_MOBILE,ORIGINATING,+13125551003,+155509933,Taylor Brooks,+155509933,rnd-426-99,CallForwardBusy,User,False,Yes,Refusal,UnassignedNumber,,always,2026-08-09
2026-09-02 12:39:36,969,Casey Rivera,Dallas,SIP_NATIONAL,ORIGINATING,+13125551004,+155509999,Casey Rivera,+155509999,rnd-427-99,CallForwardBusy,CallCenterPremium,True,No,Success,Success,,,2026-09-02
2026-08-25 14:57:06,472,Riley Park,Chicago,SIP_MOBILE,TERMINATING,+13125551006,+155509915,Riley Park,+155509915,rnd-428-99,CallQueue,User,True,Yes-PostRedirection,Success,Success,,always-pause-resume,2026-08-25
2026-09-04 23:37:38,1748,Alex Morgan,Singapore,SIP_NATIONAL,ORIGINATING,+13125551000,+155509929,Alex Morgan,+155509929,rnd-429-99,HuntGroup,CallCenterPremium,True,Yes,Success,Success,,,2026-09-04
2026-08-29 03:45:17,160,Taylor Brooks,Singapore,UNKNOWN,TERMINATING,+13125551003,+155509950,Taylor Brooks,+155509950,rnd-430-99,HuntGroup,User,True,Yes-PostRedirection,Success,Success,,always,2026-08-29
2026-09-03 12:13:35,947,Sam Chen,London,SIP_MOBILE,TERMINATING,+13125551002,+155509939,Sam Chen,+155509939,rnd-431-99,CallForwardNoAnswer,User,True,Yes,Success,Success,,,2026-09-03
2026-08-09 03:27:57,1069,Alex Morgan,Singapore,SIP_INBOUND,TERMINATING,+155509996,+13125551000,+155509996,Alex Morgan,rnd-432-99,CallForwardBusy,AutomatedAttendantVideo,True,No,Success,Success,,always-pause-resume,2026-08-09
2026-08-31 12:56:09,1492,Sam Chen,Dallas,SIP_INBOUND,ORIGINATING,+155509921,+13125551002,+155509921,Sam Chen,rnd-433-99,ConsultativeTransfer,User,True,Yes-PostRedirection,Success,Success,,always,2026-08-31
2026-08-28 22:55:15,2342,Morgan Quinn,Denver,SIP_INBOUND,ORIGINATING,+155509934,+13125551005,+155509934,Morgan Quinn,rnd-434-99,SimultaneousRingPersonal,HuntGroup,True,No,Success,Success,,,2026-08-28
2026-08-15 18:47:26,980,Morgan Quinn,Dallas,SIP_ENTERPRISE,TERMINATING,+13125551006,+13125551009,Riley Park,Marcus Webb,rnd-435-99,CallQueue,HuntGroup,True,No,Success,Success,,,2026-08-15
2026-08-06 21:15:40,446,Casey Rivera,Denver,SIP_MOBILE,TERMINATING,+13125551004,+155509997,Casey Rivera,+155509997,rnd-436-99,HuntGroup,CallCenterPremium,True,Yes-PostRedirection,Success,Success,,always-pause-resume,2026-08-06
2026-08-31 03:13:07,1878,Riley Park,Chicago,SIP_ENTERPRISE,ORIGINATING,+13125551003,+13125551000,Taylor Brooks,Alex Morgan,rnd-437-99,CallForwardBusy,CallCenterPremium,True,Yes,Success,Success,,always,2026-08-31
2026-08-28 11:55:12,2099,Marcus Webb,Chicago,SIP_INTERNATIONAL,ORIGINATING,+13125551009,+155509937,Marcus Webb,+155509937,rnd-438-99,CallForwardNoAnswer,User,True,No,Success,Success,,,2026-08-28
2026-08-09 00:43:36,1077,Alex Morgan,Denver,SIP_ENTERPRISE,TERMINATING,+13125551009,+13125551001,Marcus Webb,Jordan Lee,rnd-439-99,CallForwardBusy,AutomatedAttendantVideo,True,Yes-PostRedirection,Success,Success,,always,2026-08-09
2026-08-10 03:38:49,1795,Taylor Brooks,Dallas,SIP_NATIONAL,ORIGINATING,+13125551003,+155509928,Taylor Brooks,+155509928,rnd-440-99,SimultaneousRingPersonal,AutomatedAttendantVideo,True,Yes,Success,Success,success,,2026-08-10
2026-08-22 20:55:42,1811,Riley Park,Dallas,SIP_NATIONAL,TERMINATING,+13125551006,+155509972,Riley Park,+155509972,rnd-441-99,CallQueue,User,True,No,Success,Success,,always,2026-08-22
2026-08-26 19:18:03,1415,Morgan Quinn,Chicago,SIP_MOBILE,TERMINATING,+13125551005,+155509986,Morgan Quinn,+155509986,rnd-442-99,CallQueue,User,True,Yes,Success,Success,,,2026-08-26
2026-08-24 10:44:13,79,Riley Park,Dallas,SIP_ENTERPRISE,TERMINATING,+13125551000,+13125551007,Alex Morgan,Jamie Ortiz,rnd-443-99,CallForwardNoAnswer,User,True,Yes,Success,Success,,,2026-08-24
2026-09-03 05:23:16,2219,Marcus Webb,London,SIP_ENTERPRISE,ORIGINATING,+13125551005,+13125551008,Morgan Quinn,Priya Nair,rnd-444-99,Deflection,CallCenterPremium,True,Yes,Success,Success,success,always-pause-resume,2026-09-03
2026-09-01 22:20:07,2061,Taylor Brooks,London,SIP_ENTERPRISE,ORIGINATING,+13125551005,+13125551004,Morgan Quinn,Casey Rivera,rnd-445-99,CallForwardBusy,User,True,Yes-PostRedirection,Success,Success,,always-pause-resume,2026-09-01
2026-08-07 00:33:06,1702,Morgan Quinn,Dallas,SIP_NATIONAL,TERMINATING,+13125551005,+155509989,Morgan Quinn,+155509989,rnd-446-99,Deflection,HuntGroup,True,Yes,Success,Success,success,always-pause-resume,2026-08-07
2026-08-28 10:08:28,623,Morgan Quinn,Chicago,SIP_ENTERPRISE,ORIGINATING,+13125551001,+13125551006,Jordan Lee,Riley Park,rnd-447-99,,User,True,No,Success,Success,success,always-pause-resume,2026-08-28
2026-08-23 06:21:07,1892,Sam Chen,London,SIP_ENTERPRISE,ORIGINATING,+13125551000,+13125551005,Alex Morgan,Morgan Quinn,rnd-448-99,CallForwardBusy,HuntGroup,True,Yes-PostRedirection,Success,Success,,,2026-08-23
2026-08-18 20:17:52,2023,Taylor Brooks,London,SIP_INBOUND,ORIGINATING,+155509915,+13125551003,+155509915,Taylor Brooks,rnd-449-99,ConsultativeTransfer,AutomatedAttendantVideo,True,No,Success,Success,,,2026-08-18
2026-08-09 13:47:51,392,Alex Morgan,Denver,SIP_ENTERPRISE,TERMINATING,+13125551007,+13125551008,Jamie Ortiz,Priya Nair,rnd-450-99,CallQueue,User,True,Yes-PostRedirection,Success,Success,success,,2026-08-09
2026-08-21 06:54:35,1036,Priya Nair,Singapore,SIP_INBOUND,ORIGINATING,+155509983,+13125551008,+155509983,Priya Nair,rnd-451-99,CallForwardNoAnswer,User,False,No,Refusal,CallRejected,,,2026-08-21
2026-08-25 05:04:09,197,Casey Rivera,London,SIP_INBOUND,ORIGINATING,+155509912,+13125551004,+155509912,Casey Rivera,rnd-452-99,,CallCenterPremium,True,Yes-PostRedirection,Success,Success,,always,2026-08-25
2026-08-23 22:59:24,1001,Marcus Webb,Singapore,SIP_ENTERPRISE,ORIGINATING,+13125551003,+13125551001,Taylor Brooks,Jordan Lee,rnd-453-99,CallForwardBusy,AutomatedAttendantVideo,False,Yes,Refusal,TemporarilyUnavailable,,,2026-08-23
2026-08-14 13:22:47,225,Riley Park,Chicago,SIP_MOBILE,ORIGINATING,+13125551006,+155509913,Riley Park,+155509913,rnd-454-99,,CallCenterPremium,True,Yes-PostRedirection,Success,Success,,always,2026-08-14
2026-08-16 08:08:25,355,Casey Rivera,Singapore,SIP_ENTERPRISE,ORIGINATING,+13125551001,+13125551004,Jordan Lee,Casey Rivera,rnd-455-99,ConsultativeTransfer,CallCenterPremium,False,Yes-PostRedirection,Refusal,CallRejected,,always,2026-08-16
2026-08-25 10:40:37,1084,Casey Rivera,Singapore,SIP_NATIONAL,ORIGINATING,+13125551004,+155509948,Casey Rivera,+155509948,rnd-456-99,ConsultativeTransfer,User,True,Yes,Success,Success,success,always-pause-resume,2026-08-25
2026-08-13 17:49:17,1586,Sam Chen,Singapore,SIP_ENTERPRISE,ORIGINATING,+13125551003,+13125551005,Taylor Brooks,Morgan Quinn,rnd-457-99,CallQueue,User,True,Yes,Success,Success,,always-pause-resume,2026-08-13
2026-08-24 09:56:30,596,Marcus Webb,Denver,SIP_ENTERPRISE,ORIGINATING,+13125551004,+13125551001,Casey Rivera,Jordan Lee,rnd-458-99,,User,True,Yes,Success,Success,,always-pause-resume,2026-08-24
2026-08-27 13:34:56,312,Taylor Brooks,Denver,SIP_ENTERPRISE,TERMINATING,+13125551008,+13125551006,Priya Nair,Riley Park,rnd-459-99,Deflection,CallCenterPremium,True,Yes,Success,Success,,always,2026-08-27
2026-08-11 03:00:06,1742,Marcus Webb,Chicago,SIP_NATIONAL,ORIGINATING,+13125551009,+155509911,Marcus Webb,+155509911,rnd-460-99,CallQueue,HuntGroup,False,Yes,Refusal,CallRejected,,always,2026-08-11
2026-09-03 11:01:29,1021,Priya Nair,London,SIP_ENTERPRISE,TERMINATING,+13125551008,+13125551009,Priya Nair,Marcus Webb,rnd-461-99,CallQueue,User,True,No,Success,Success,,,2026-09-03
2026-08-13 16:31:15,1004,Casey Rivera,Singapore,SIP_ENTERPRISE,ORIGINATING,+13125551000,+13125551006,Alex Morgan,Riley Park,rnd-462-99,,AutomatedAttendantVideo,True,Yes,Success,Success,,,2026-08-13
2026-08-26 21:46:41,1344,Jamie Ortiz,Dallas,SIP_ENTERPRISE,TERMINATING,+13125551006,+13125551007,Riley Park,Jamie Ortiz,rnd-463-99,SimultaneousRingPersonal,User,True,Yes,Success,Success,,,2026-08-26
2026-08-20 12:40:17,980,Taylor Brooks,Dallas,SIP_ENTERPRISE,TERMINATING,+13125551006,+13125551001,Riley Park,Jordan Lee,rnd-464-99,,User,False,Yes-PostRedirection,Refusal,CallRejected,,,2026-08-20
2026-08-17 13:06:19,263,Jamie Ortiz,Denver,SIP_ENTERPRISE,ORIGINATING,+13125551005,+13125551000,Morgan Quinn,Alex Morgan,rnd-465-99,CallQueue,CallCenterPremium,False,No,Refusal,TemporarilyUnavailable,,,2026-08-17
2026-08-29 07:46:46,643,Priya Nair,Dallas,SIP_ENTERPRISE,ORIGINATING,+13125551009,+13125551004,Marcus Webb,Casey Rivera,rnd-466-99,HuntGroup,User,False,Yes-PostRedirection,Refusal,TemporarilyUnavailable,,always,2026-08-29
2026-09-04 12:27:12,968,Jamie Ortiz,Chicago,SIP_ENTERPRISE,TERMINATING,+13125551001,+13125551009,Jordan Lee,Marcus Webb,rnd-467-99,Deflection,CallCenterPremium,True,Yes-PostRedirection,Success,Success,,always,2026-09-04
2026-08-30 13:43:04,1206,Jamie Ortiz,Singapore,SIP_ENTERPRISE,TERMINATING,+13125551001,+13125551007,Jordan Lee,Jamie Ortiz,rnd-468-99,HuntGroup,CallCenterPremium,True,Yes,Success,Success,,always,2026-08-30
2026-08-13 08:47:24,1824,Alex Morgan,Dallas,SIP_ENTERPRISE,TERMINATING,+13125551002,+13125551008,Sam Chen,Priya Nair,rnd-469-99,HuntGroup,HuntGroup,True,Yes-PostRedirection,Success,Success,,,2026-08-13
2026-08-17 19:21:45,264,Morgan Quinn,Denver,SIP_INBOUND,TERMINATING,+155509949,+13125551005,+155509949,Morgan Quinn,rnd-470-99,ConsultativeTransfer,User,True,Yes-PostRedirection,Success,Success,,,2026-08-17
2026-08-22 23:01:45,1545,Riley Park,Singapore,SIP_ENTERPRISE,TERMINATING,+13125551008,+13125551007,Priya Nair,Jamie Ortiz,rnd-471-99,,HuntGroup,True,Yes,Success,Success,,always,2026-08-22
2026-09-05 22:57:52,1874,Taylor Brooks,London,SIP_NATIONAL,ORIGINATING,+13125551003,+155509980,Taylor Brooks,+155509980,rnd-472-99,SimultaneousRingPersonal,User,True,Yes-PostRedirection,Success,Success,,always,2026-09-05
2026-08-24 05:06:01,320,Taylor Brooks,Chicago,SIP_ENTERPRISE,ORIGINATING,+13125551005,+13125551003,Morgan Quinn,Taylor Brooks,rnd-473-99,SimultaneousRingPersonal,HuntGroup,True,Yes-PostRedirection,Success,Success,,always-pause-resume,2026-08-24
2026-08-11 02:17:40,46,Priya Nair,Dallas,SIP_INTERNATIONAL,TERMINATING,+13125551008,+155509969,Priya Nair,+155509969,rnd-474-99,ConsultativeTransfer,User,True,No,Success,Success,,always,2026-08-11
2026-08-31 15:48:28,1701,Morgan Quinn,Dallas,SIP_ENTERPRISE,ORIGINATING,+13125551000,+13125551002,Alex Morgan,Sam Chen,rnd-475-99,ConsultativeTransfer,User,True,Yes-PostRedirection,Success,Success,,,2026-08-31
2026-08-31 06:15:01,516,Riley Park,Singapore,SIP_ENTERPRISE,ORIGINATING,+13125551003,+13125551009,Taylor Brooks,Marcus Webb,rnd-476-99,Deflection,CallCenterPremium,True,Yes-PostRedirection,Success,Success,success,always-pause-resume,2026-08-31
2026-08-24 12:30:09,314,Casey Rivera,Chicago,SIP_ENTERPRISE,ORIGINATING,+13125551003,+13125551000,Taylor Brooks,Alex Morgan,rnd-477-99,CallForwardBusy,CallCenterPremium,True,Yes,Success,Success,,always-pause-resume,2026-08-24
2026-08-17 00:08:45,733,Taylor Brooks,Dallas,SIP_ENTERPRISE,ORIGINATING,+13125551008,+13125551000,Priya Nair,Alex Morgan,rnd-478-99,CallForwardBusy,User,False,No,Refusal,TemporarilyUnavailable,,always-pause-resume,2026-08-17
2026-09-02 20:26:13,1970,Jamie Ortiz,Singapore,SIP_ENTERPRISE,TERMINATING,+13125551005,+13125551007,Morgan Quinn,Jamie Ortiz,rnd-479-99,SimultaneousRingPersonal,AutomatedAttendantVideo,True,Yes,Success,Success,,,2026-09-02
2026-08-29 18:07:12,1435,Jamie Ortiz,Singapore,SIP_ENTERPRISE,TERMINATING,+13125551009,+13125551004,Marcus Webb,Casey Rivera,rnd-480-99,HuntGroup,User,True,No,Success,Success,,,2026-08-29
2026-08-26 14:37:52,1334,Riley Park,Dallas,SIP_INBOUND,ORIGINATING,+155509966,+13125551006,+155509966,Riley Park,rnd-481-99,CallForwardBusy,AutomatedAttendantVideo,True,Yes-PostRedirection,Success,Success,success,always-pause-resume,2026-08-26
2026-08-28 16:33:55,2025,Taylor Brooks,Singapore,SIP_ENTERPRISE,ORIGINATING,+13125551005,+13125551001,Morgan Quinn,Jordan Lee,rnd-482-99,ConsultativeTransfer,User,True,Yes-PostRedirection,Success,Success,,,2026-08-28
2026-08-22 03:53:29,908,Marcus Webb,Singapore,SIP_ENTERPRISE,ORIGINATING,+13125551009,+13125551008,Marcus Webb,Priya Nair,rnd-483-99,SimultaneousRingPersonal,User,True,Yes,Success,Success,,,2026-08-22
2026-08-21 15:55:32,598,Priya Nair,London,SIP_ENTERPRISE,TERMINATING,+13125551002,+13125551005,Sam Chen,Morgan Quinn,rnd-484-99,SimultaneousRingPersonal,User,True,No,Success,Success,,always,2026-08-21
2026-08-08 16:01:49,1063,Casey Rivera,Chicago,SIP_ENTERPRISE,TERMINATING,+13125551007,+13125551004,Jamie Ortiz,Casey Rivera,rnd-485-99,CallForwardBusy,CallCenterPremium,True,Yes-PostRedirection,Success,Success,,always,2026-08-08
2026-08-21 20:19:27,885,Alex Morgan,Singapore,SIP_NATIONAL,ORIGINATING,+13125551000,+155509968,Alex Morgan,+155509968,rnd-486-99,CallQueue,AutomatedAttendantVideo,True,No,Success,Success,,,2026-08-21
2026-08-14 03:16:36,1530,Taylor Brooks,Dallas,SIP_ENTERPRISE,ORIGINATING,+13125551008,+13125551007,Priya Nair,Jamie Ortiz,rnd-487-99,SimultaneousRingPersonal,User,True,Yes-PostRedirection,Success,Success,,,2026-08-14
2026-08-18 06:54:49,803,Morgan Quinn,Chicago,SIP_NATIONAL,ORIGINATING,+13125551005,+155509985,Morgan Quinn,+155509985,rnd-488-99,HuntGroup,User,True,Yes-PostRedirection,Success,Success,,always,2026-08-18
2026-08-24 00:57:49,718,Jamie Ortiz,Denver,SIP_NATIONAL,TERMINATING,+13125551007,+155509985,Jamie Ortiz,+155509985,rnd-489-99,SimultaneousRingPersonal,User,True,Yes,Success,Success,,always-pause-resume,2026-08-24
2026-09-03 11:51:34,1806,Marcus Webb,Dallas,SIP_ENTERPRISE,ORIGINATING,+13125551004,+13125551002,Casey Rivera,Sam Chen,rnd-490-99,CallQueue,CallCenterPremium,True,Yes,Success,Success,,always,2026-09-03
2026-08-31 23:27:35,1343,Marcus Webb,Singapore,SIP_MOBILE,TERMINATING,+13125551009,+155509980,Marcus Webb,+155509980,rnd-491-99,Deflection,HuntGroup,True,Yes,Success,Success,success,always-pause-resume,2026-08-31
2026-08-28 13:27:16,2148,Casey Rivera,Denver,SIP_ENTERPRISE,ORIGINATING,+13125551005,+13125551008,Morgan Quinn,Priya Nair,rnd-492-99,CallForwardNoAnswer,CallCenterPremium,True,No,Success,Success,,always,2026-08-28
2026-08-28 10:11:50,2238,Alex Morgan,Dallas,SIP_NATIONAL,ORIGINATING,+13125551000,+155509949,Alex Morgan,+155509949,rnd-493-99,CallForwardNoAnswer,User,True,No,Success,Success,,always-pause-resume,2026-08-28
2026-08-25 15:27:05,831,Riley Park,Singapore,SIP_INBOUND,TERMINATING,+155509944,+13125551006,+155509944,Riley Park,rnd-494-99,,CallCenterPremium,True,Yes-PostRedirection,Success,Success,,,2026-08-25
2026-08-09 06:39:36,2095,Riley Park,Chicago,SIP_ENTERPRISE,ORIGINATING,+13125551002,+13125551001,Sam Chen,Jordan Lee,rnd-495-99,CallQueue,User,True,Yes,Success,Success,,always,2026-08-09
2026-08-29 14:51:19,115,Priya Nair,London,SIP_ENTERPRISE,TERMINATING,+13125551003,+13125551005,Taylor Brooks,Morgan Quinn,rnd-496-99,ConsultativeTransfer,User,True,No,Success,Success,,always,2026-08-29
2026-08-26 20:24:40,1630,Jamie Ortiz,Singapore,SIP_INBOUND,TERMINATING,+155509988,+13125551007,+155509988,Jamie Ortiz,rnd-497-99,Deflection,HuntGroup,True,Yes,Success,Success,,always,2026-08-26
2026-08-10 01:02:35,2045,Marcus Webb,Dallas,SIP_ENTERPRISE,ORIGINATING,+13125551008,+13125551001,Priya Nair,Jordan Lee,rnd-498-99,,User,True,Yes,Success,Success,,,2026-08-10
2026-09-04 12:02:05,2185,Priya Nair,Dallas,SIP_ENTERPRISE,TERMINATING,+13125551009,+13125551007,Marcus Webb,Jamie Ortiz,rnd-499-99,CallForwardNoAnswer,CallCenterPremium,True,No,Success,Success,success,always,2026-09-04
2026-08-25 02:15:38,1441,Priya Nair,Dallas,SIP_ENTERPRISE,ORIGINATING,+13125551006,+13125551005,Riley Park,Morgan Quinn,rnd-500-99,CallForwardBusy,AutomatedAttendantVideo,True,Yes-PostRedirection,Success,Success,,always-pause-resume,2026-08-25
2026-09-05 02:26:04,297,Riley Park,Chicago,SIP_INBOUND,TERMINATING,+155509925,+13125551006,+155509925,Riley Park,rnd-501-99,ConsultativeTransfer,User,True,Yes-PostRedirection,Success,Success,,,2026-09-05
2026-08-06 21:20:36,705,Taylor Brooks,Singapore,SIP_ENTERPRISE,ORIGINATING,+13125551000,+13125551009,Alex Morgan,Marcus Webb,rnd-502-99,HuntGroup,AutomatedAttendantVideo,True,No,Success,Success,,always-pause-resume,2026-08-06
2026-09-03 12:29:53,1815,Taylor Brooks,London,SIP_ENTERPRISE,TERMINATING,+13125551006,+13125551004,Riley Park,Casey Rivera,rnd-503-99,HuntGroup,User,True,No,Success,Success,,always,2026-09-03
2026-09-04 03:57:51,8,Jamie Ortiz,Dallas,SIP_ENTERPRISE,ORIGINATING,+13125551009,+13125551002,Marcus Webb,Sam Chen,rnd-504-99,CallQueue,User,True,No,Success,Success,,always,2026-09-04
2026-08-16 20:25:57,1137,Priya Nair,Chicago,SIP_MOBILE,ORIGINATING,+13125551008,+155509974,Priya Nair,+155509974,rnd-505-99,,User,True,Yes-PostRedirection,Success,Success,,always-pause-resume,2026-08-16
2026-09-04 06:41:42,971,Casey Rivera,Dallas,SIP_ENTERPRISE,TERMINATING,+13125551007,+13125551005,Jamie Ortiz,Morgan Quinn,rnd-506-99,SimultaneousRingPersonal,CallCenterPremium,True,Yes-PostRedirection,Success,Success,,always,2026-09-04
2026-08-07 07:16:39,603,Priya Nair,Denver,SIP_ENTERPRISE,TERMINATING,+13125551000,+13125551002,Alex Morgan,Sam Chen,rnd-507-99,HuntGroup,HuntGroup,False,Yes-PostRedirection,Refusal,TemporarilyUnavailable,,always,2026-08-07
2026-08-10 22:47:38,1433,Riley Park,London,SIP_MOBILE,ORIGINATING,+13125551006,+155509959,Riley Park,+155509959,rnd-508-99,CallForwardBusy,CallCenterPremium,True,No,Success,Success,success,,2026-08-10
2026-08-08 20:55:42,1263,Alex Morgan,London,SIP_ENTERPRISE,TERMINATING,+13125551002,+13125551005,Sam Chen,Morgan Quinn,rnd-509-99,Deflection,User,True,Yes-PostRedirection,Success,Success,success,always,2026-08-08
2026-08-11 08:25:54,536,Marcus Webb,Chicago,SIP_ENTERPRISE,TERMINATING,+13125551002,+13125551001,Sam Chen,Jordan Lee,rnd-510-99,Deflection,User,True,Yes,Success,Success,success,,2026-08-11
2026-09-04 19:14:29,843,Sam Chen,Chicago,SIP_INBOUND,ORIGINATING,+155509955,+13125551002,+155509955,Sam Chen,rnd-511-99,CallForwardBusy,User,True,No,Success,Success,,always,2026-09-04
2026-08-15 13:45:19,1273,Morgan Quinn,London,SIP_ENTERPRISE,TERMINATING,+13125551008,+13125551004,Priya Nair,Casey Rivera,rnd-512-99,,User,True,Yes-PostRedirection,Success,Success,,always,2026-08-15
2026-09-05 04:41:20,1166,Morgan Quinn,London,SIP_ENTERPRISE,TERMINATING,+13125551006,+13125551004,Riley Park,Casey Rivera,rnd-513-99,CallForwardBusy,CallCenterPremium,False,No,Refusal,UnassignedNumber,,,2026-09-05
2026-08-15 11:16:27,800,Jamie Ortiz,Denver,SIP_NATIONAL,ORIGINATING,+13125551007,+155509953,Jamie Ortiz,+155509953,rnd-514-99,ConsultativeTransfer,User,True,Yes,Success,Success,,always-pause-resume,2026-08-15
2026-08-28 15:19:27,1252,Priya Nair,Dallas,SIP_ENTERPRISE,ORIGINATING,+13125551004,+13125551009,Casey Rivera,Marcus Webb,rnd-515-99,HuntGroup,HuntGroup,True,No,Success,Success,success,,2026-08-28
2026-08-31 13:45:02,1904,Jamie Ortiz,Singapore,SIP_ENTERPRISE,TERMINATING,+13125551000,+13125551004,Alex Morgan,Casey Rivera,rnd-516-99,HuntGroup,User,True,Yes,Success,Success,,always,2026-08-31
2026-08-30 03:00:04,846,Riley Park,London,SIP_ENTERPRISE,ORIGINATING,+13125551007,+13125551005,Jamie Ortiz,Morgan Quinn,rnd-517-99,ConsultativeTransfer,AutomatedAttendantVideo,True,Yes,Success,Success,,,2026-08-30
2026-09-02 23:22:29,22,Priya Nair,London,SIP_ENTERPRISE,ORIGINATING,+13125551005,+13125551001,Morgan Quinn,Jordan Lee,rnd-518-99,CallForwardBusy,AutomatedAttendantVideo,True,Yes-PostRedirection,Success,Success,,,2026-09-02
2026-08-06 04:53:23,739,Casey Rivera,London,SIP_ENTERPRISE,ORIGINATING,+13125551002,+13125551001,Sam Chen,Jordan Lee,rnd-519-99,Deflection,HuntGroup,True,Yes-PostRedirection,Success,Success,,always,2026-08-06
2026-08-16 16:26:39,1488,Riley Park,Singapore,SIP_NATIONAL,TERMINATING,+13125551006,+155509910,Riley Park,+155509910,rnd-520-99,ConsultativeTransfer,HuntGroup,True,No,Success,Success,,always-pause-resume,2026-08-16
2026-08-14 18:49:39,373,Morgan Quinn,London,SIP_ENTERPRISE,TERMINATING,+13125551007,+13125551008,Jamie Ortiz,Priya Nair,rnd-521-99,ConsultativeTransfer,User,True,No,Success,Success,,always-pause-resume,2026-08-14
2026-08-09 19:04:16,2055,Jordan Lee,Singapore,SIP_ENTERPRISE,ORIGINATING,+13125551009,+13125551005,Marcus Webb,Morgan Quinn,rnd-522-99,Deflection,User,True,No,Success,Success,,always-pause-resume,2026-08-09
2026-08-14 07:21:00,1941,Jamie Ortiz,Chicago,SIP_ENTERPRISE,TERMINATING,+13125551005,+13125551003,Morgan Quinn,Taylor Brooks,rnd-523-99,Deflection,AutomatedAttendantVideo,True,No,Success,Success,,always,2026-08-14
2026-08-11 01:09:17,465,Casey Rivera,Denver,SIP_ENTERPRISE,ORIGINATING,+13125551000,+13125551001,Alex Morgan,Jordan Lee,rnd-524-99,CallQueue,AutomatedAttendantVideo,True,Yes,Success,Success,,always,2026-08-11
2026-08-19 09:14:38,1778,Sam Chen,Denver,SIP_ENTERPRISE,TERMINATING,+13125551000,+13125551005,Alex Morgan,Morgan Quinn,rnd-525-99,CallForwardNoAnswer,CallCenterPremium,True,Yes-PostRedirection,Success,Success,,always,2026-08-19
2026-08-27 17:48:19,2127,Jordan Lee,Dallas,SIP_ENTERPRISE,ORIGINATING,+13125551009,+13125551006,Marcus Webb,Riley Park,rnd-526-99,Deflection,CallCenterPremium,True,Yes,Success,Success,success,,2026-08-27
2026-08-13 11:45:35,542,Sam Chen,Chicago,SIP_ENTERPRISE,TERMINATING,+13125551003,+13125551004,Taylor Brooks,Casey Rivera,rnd-527-99,CallForwardBusy,AutomatedAttendantVideo,True,Yes-PostRedirection,Success,Success,,,2026-08-13
2026-08-16 23:24:36,1140,Alex Morgan,Chicago,SIP_ENTERPRISE,TERMINATING,+13125551004,+13125551000,Casey Rivera,Alex Morgan,rnd-528-99,,User,True,No,Success,Success,,always,2026-08-16
2026-08-15 22:29:37,43,Alex Morgan,Dallas,SIP_ENTERPRISE,ORIGINATING,+13125551006,+13125551002,Riley Park,Sam Chen,rnd-529-99,SimultaneousRingPersonal,HuntGroup,True,Yes,Success,Success,,always-pause-resume,2026-08-15
2026-08-22 09:30:15,1412,Sam Chen,London,SIP_ENTERPRISE,ORIGINATING,+13125551005,+13125551004,Morgan Quinn,Casey Rivera,rnd-530-99,CallForwardNoAnswer,CallCenterPremium,True,Yes-PostRedirection,Success,Success,,always,2026-08-22
2026-08-21 18:51:58,2177,Riley Park,Singapore,SIP_NATIONAL,ORIGINATING,+13125551006,+155509943,Riley Park,+155509943,rnd-531-99,SimultaneousRingPersonal,AutomatedAttendantVideo,True,Yes,Success,Success,,always-pause-resume,2026-08-21
2026-08-09 00:55:33,2225,Taylor Brooks,Singapore,SIP_NATIONAL,ORIGINATING,+13125551003,+155509927,Taylor Brooks,+155509927,rnd-532-99,CallForwardNoAnswer,User,True,Yes-PostRedirection,Success,Success,,always,2026-08-09
2026-08-27 18:14:51,106,Riley Park,Singapore,SIP_ENTERPRISE,TERMINATING,+13125551006,+13125551000,Riley Park,Alex Morgan,rnd-533-99,CallForwardBusy,User,True,No,Success,Success,,always,2026-08-27
2026-08-11 13:10:54,846,Priya Nair,Chicago,SIP_ENTERPRISE,TERMINATING,+13125551008,+13125551009,Priya Nair,Marcus Webb,rnd-534-99,HuntGroup,AutomatedAttendantVideo,True,No,Success,Success,,,2026-08-11
2026-08-22 01:48:23,1118,Alex Morgan,Chicago,SIP_MOBILE,ORIGINATING,+13125551000,+155509986,Alex Morgan,+155509986,rnd-535-99,HuntGroup,User,True,Yes,Success,Success,,always-pause-resume,2026-08-22
2026-09-01 01:39:11,208,Marcus Webb,Denver,SIP_NATIONAL,ORIGINATING,+13125551009,+155509961,Marcus Webb,+155509961,rnd-536-99,CallQueue,CallCenterPremium,True,Yes-PostRedirection,Success,Success,success,always,2026-09-01
2026-08-08 01:07:20,215,Morgan Quinn,Dallas,SIP_SHORTCODE,ORIGINATING,+13125551005,+155509991,Morgan Quinn,+155509991,rnd-537-99,,CallCenterPremium,True,No,Success,Success,,always,2026-08-08
2026-08-08 01:34:45,1287,Jamie Ortiz,Singapore,SIP_INBOUND,TERMINATING,+155509916,+13125551007,+155509916,Jamie Ortiz,rnd-538-99,Deflection,HuntGroup,True,Yes-PostRedirection,Success,Success,,always,2026-08-08
2026-08-12 15:42:36,42,Marcus Webb,Denver,SIP_ENTERPRISE,TERMINATING,+13125551007,+13125551003,Jamie Ortiz,Taylor Brooks,rnd-539-99,SimultaneousRingPersonal,HuntGroup,False,Yes-PostRedirection,Refusal,UnassignedNumber,,,2026-08-12
2026-08-31 12:13:50,1703,Marcus Webb,London,SIP_INBOUND,ORIGINATING,+155509935,+13125551009,+155509935,Marcus Webb,rnd-540-99,CallQueue,User,True,No,Success,Success,success,always-pause-resume,2026-08-31
2026-08-12 21:31:34,1981,Riley Park,Dallas,SIP_NATIONAL,ORIGINATING,+13125551006,+155509945,Riley Park,+155509945,rnd-541-99,CallQueue,User,True,Yes-PostRedirection,Success,Success,,always-pause-resume,2026-08-12
2026-08-07 21:44:52,1167,Taylor Brooks,Chicago,SIP_NATIONAL,TERMINATING,+13125551003,+155509982,Taylor Brooks,+155509982,rnd-542-99,HuntGroup,AutomatedAttendantVideo,True,Yes,Success,Success,,always-pause-resume,2026-08-07
2026-08-11 02:20:58,14,Jamie Ortiz,Singapore,SIP_INBOUND,TERMINATING,+155509927,+13125551007,+155509927,Jamie Ortiz,rnd-543-99,ConsultativeTransfer,HuntGroup,True,Yes-PostRedirection,Success,Success,,always-pause-resume,2026-08-11
2026-09-03 04:06:30,2306,Alex Morgan,Dallas,SIP_NATIONAL,ORIGINATING,+13125551000,+155509946,Alex Morgan,+155509946,rnd-544-99,ConsultativeTransfer,User,False,No,Refusal,CallRejected,,always-pause-resume,2026-09-03
2026-08-22 11:00:42,76,Priya Nair,London,SIP_INBOUND,ORIGINATING,+155509938,+13125551008,+155509938,Priya Nair,rnd-545-99,CallForwardNoAnswer,HuntGroup,True,No,Success,Success,,,2026-08-22
2026-08-30 00:47:20,0,Sam Chen,London,SIP_INTERNATIONAL,TERMINATING,+13125551002,+155509917,Sam Chen,+155509917,rnd-546-99,HuntGroup,User,True,No,Success,Success,,,2026-08-30
2026-09-04 07:34:02,2354,Sam Chen,Dallas,SIP_NATIONAL,TERMINATING,+13125551002,+155509923,Sam Chen,+155509923,rnd-547-99,CallQueue,AutomatedAttendantVideo,True,Yes-PostRedirection,Success,Success,,always,2026-09-04
2026-09-04 05:45:34,1700,Priya Nair,Dallas,SIP_INBOUND,TERMINATING,+155509994,+13125551008,+155509994,Priya Nair,rnd-548-99,Deflection,HuntGroup,True,No,Success,Success,,always-pause-resume,2026-09-04
2026-08-21 17:49:48,873,Jamie Ortiz,Singapore,SIP_INBOUND,TERMINATING,+155509924,+13125551007,+155509924,Jamie Ortiz,rnd-549-99,Deflection,User,True,Yes,Success,Success,,,2026-08-21
2026-08-19 16:47:33,663,Casey Rivera,London,SIP_ENTERPRISE,TERMINATING,+13125551008,+13125551004,Priya Nair,Casey Rivera,rnd-550-99,CallForwardNoAnswer,AutomatedAttendantVideo,True,No,Success,Success,,,2026-08-19
2026-08-29 22:45:00,1941,Priya Nair,Denver,SIP_ENTERPRISE,TERMINATING,+13125551004,+13125551000,Casey Rivera,Alex Morgan,rnd-551-99,SimultaneousRingPersonal,User,True,Yes-PostRedirection,Success,Success,,always-pause-resume,2026-08-29
2026-08-10 01:48:09,1555,Riley Park,Chicago,SIP_ENTERPRISE,TERMINATING,+13125551000,+13125551001,Alex Morgan,Jordan Lee,rnd-552-99,HuntGroup,AutomatedAttendantVideo,True,Yes-PostRedirection,Success,Success,,always,2026-08-10
2026-08-20 00:01:53,822,Riley Park,Denver,SIP_ENTERPRISE,TERMINATING,+13125551002,+13125551008,Sam Chen,Priya Nair,rnd-553-99,,CallCenterPremium,True,Yes-PostRedirection,Success,Success,success,always-pause-resume,2026-08-20
2026-08-19 02:15:18,585,Priya Nair,Dallas,SIP_ENTERPRISE,ORIGINATING,+13125551005,+13125551007,Morgan Quinn,Jamie Ortiz,rnd-554-99,CallQueue,AutomatedAttendantVideo,True,Yes-PostRedirection,Success,Success,,always,2026-08-19
2026-08-09 09:03:03,625,Alex Morgan,Dallas,SIP_ENTERPRISE,TERMINATING,+13125551003,+13125551004,Taylor Brooks,Casey Rivera,rnd-555-99,ConsultativeTransfer,HuntGroup,True,No,Success,Success,,,2026-08-09
2026-08-20 22:16:19,1928,Casey Rivera,Singapore,SIP_MOBILE,ORIGINATING,+13125551004,+155509914,Casey Rivera,+155509914,rnd-556-99,CallForwardNoAnswer,User,True,Yes,Success,Success,,always,2026-08-20
2026-09-04 10:33:58,515,Taylor Brooks,London,SIP_ENTERPRISE,TERMINATING,+13125551003,+13125551008,Taylor Brooks,Priya Nair,rnd-557-99,HuntGroup,CallCenterPremium,True,Yes,Success,Success,,always-pause-resume,2026-09-04
2026-08-30 05:15:29,901,Riley Park,Singapore,SIP_ENTERPRISE,ORIGINATING,+13125551007,+13125551009,Jamie Ortiz,Marcus Webb,rnd-558-99,Deflection,AutomatedAttendantVideo,True,Yes,Success,Success,,always,2026-08-30
2026-08-30 13:53:56,2344,Morgan Quinn,Singapore,SIP_ENTERPRISE,TERMINATING,+13125551000,+13125551004,Alex Morgan,Casey Rivera,rnd-559-99,CallForwardBusy,HuntGroup,True,No,Success,Success,,always-pause-resume,2026-08-30
2026-08-07 19:02:49,1881,Riley Park,Dallas,SIP_INTERNATIONAL,TERMINATING,+13125551006,+155509950,Riley Park,+155509950,rnd-560-99,ConsultativeTransfer,CallCenterPremium,True,Yes,Success,Success,,always-pause-resume,2026-08-07
2026-08-25 14:12:37,607,Taylor Brooks,Dallas,SIP_ENTERPRISE,ORIGINATING,+13125551004,+13125551001,Casey Rivera,Jordan Lee,rnd-561-99,Deflection,AutomatedAttendantVideo,True,No,Success,Success,,always-pause-resume,2026-08-25
2026-08-22 13:19:07,668,Riley Park,Dallas,SIP_INBOUND,TERMINATING,+155509954,+13125551006,+155509954,Riley Park,rnd-562-99,HuntGroup,User,True,Yes-PostRedirection,Success,Success,,always,2026-08-22
2026-08-30 06:25:05,489,Jamie Ortiz,Dallas,SIP_MOBILE,ORIGINATING,+13125551007,+155509994,Jamie Ortiz,+155509994,rnd-563-99,SimultaneousRingPersonal,User,False,No,Refusal,CallRejected,,always,2026-08-30
2026-08-16 00:30:36,2151,Casey Rivera,Singapore,SIP_NATIONAL,ORIGINATING,+13125551004,+155509915,Casey Rivera,+155509915,rnd-564-99,Deflection,AutomatedAttendantVideo,False,Yes,Refusal,UnassignedNumber,,always,2026-08-16
2026-08-20 17:31:03,1133,Taylor Brooks,Chicago,SIP_ENTERPRISE,TERMINATING,+13125551007,+13125551001,Jamie Ortiz,Jordan Lee,rnd-565-99,HuntGroup,HuntGroup,True,No,Success,Success,,,2026-08-20
2026-08-15 03:15:51,1777,Casey Rivera,Chicago,SIP_NATIONAL,ORIGINATING,+13125551004,+155509956,Casey Rivera,+155509956,rnd-566-99,ConsultativeTransfer,CallCenterPremium,True,No,Success,Success,,always,2026-08-15
2026-08-27 08:55:57,615,Riley Park,Chicago,SIP_ENTERPRISE,ORIGINATING,+13125551007,+13125551008,Jamie Ortiz,Priya Nair,rnd-567-99,CallForwardNoAnswer,HuntGroup,True,Yes-PostRedirection,Success,Success,,always-pause-resume,2026-08-27
2026-08-30 19:45:35,649,Marcus Webb,London,SIP_ENTERPRISE,TERMINATING,+13125551003,+13125551001,Taylor Brooks,Jordan Lee,rnd-568-99,HuntGroup,User,True,Yes-PostRedirection,Success,Success,,always,2026-08-30
2026-08-20 06:20:52,1676,Jordan Lee,Denver,SIP_INBOUND,TERMINATING,+155509962,+13125551001,+155509962,Jordan Lee,rnd-569-99,Deflection,CallCenterPremium,True,Yes-PostRedirection,Success,Success,,,2026-08-20
2026-08-22 07:37:41,1195,Jamie Ortiz,Dallas,SIP_ENTERPRISE,ORIGINATING,+13125551009,+13125551008,Marcus Webb,Priya Nair,rnd-570-99,,User,False,Yes-PostRedirection,Refusal,CallRejected,success,always-pause-resume,2026-08-22
2026-08-12 15:40:04,1082,Taylor Brooks,Singapore,SIP_ENTERPRISE,ORIGINATING,+13125551007,+13125551008,Jamie Ortiz,Priya Nair,rnd-571-99,CallForwardNoAnswer,AutomatedAttendantVideo,True,Yes-PostRedirection,Success,Success,,always-pause-resume,2026-08-12
2026-08-20 16:27:34,1927,Alex Morgan,Singapore,SIP_INBOUND,ORIGINATING,+155509965,+13125551000,+155509965,Alex Morgan,rnd-572-99,HuntGroup,User,True,Yes,Success,Success,,always-pause-resume,2026-08-20
2026-08-14 15:28:24,2324,Priya Nair,Denver,SIP_ENTERPRISE,ORIGINATING,+13125551004,+13125551008,Casey Rivera,Priya Nair,rnd-573-99,HuntGroup,CallCenterPremium,True,Yes-PostRedirection,Success,Success,success,always-pause-resume,2026-08-14
2026-08-07 04:50:29,1952,Jordan Lee,Dallas,SIP_INTERNATIONAL,ORIGINATING,+13125551001,+155509989,Jordan Lee,+155509989,rnd-574-99,HuntGroup,User,False,No,Refusal,TemporarilyUnavailable,,,2026-08-07
2026-08-31 10:46:40,1051,Jordan Lee,London,SIP_INBOUND,TERMINATING,+155509983,+13125551001,+155509983,Jordan Lee,rnd-575-99,Deflection,HuntGroup,True,Yes-PostRedirection,Success,Success,,,2026-08-31
2026-08-19 20:33:32,488,Morgan Quinn,Singapore,SIP_ENTERPRISE,ORIGINATING,+13125551009,+13125551006,Marcus Webb,Riley Park,rnd-576-99,CallQueue,AutomatedAttendantVideo,True,Yes,Success,Success,,,2026-08-19
2026-08-08 20:29:26,1723,Alex Morgan,Dallas,SIP_ENTERPRISE,ORIGINATING,+13125551001,+13125551000,Jordan Lee,Alex Morgan,rnd-577-99,CallQueue,HuntGroup,True,No,Success,Success,,always-pause-resume,2026-08-08
2026-08-16 00:21:51,727,Casey Rivera,Singapore,SIP_ENTERPRISE,ORIGINATING,+13125551007,+13125551009,Jamie Ortiz,Marcus Webb,rnd-578-99,,User,True,Yes,Success,Success,,always,2026-08-16
2026-08-21 04:59:28,2289,Jordan Lee,London,SIP_INBOUND,ORIGINATING,+155509975,+13125551001,+155509975,Jordan Lee,rnd-579-99,CallQueue,CallCenterPremium,True,No,Success,Success,,,2026-08-21
2026-08-07 10:41:34,29,Jamie Ortiz,Chicago,SIP_INBOUND,TERMINATING,+155509970,+13125551007,+155509970,Jamie Ortiz,rnd-580-99,,User,True,Yes-PostRedirection,Success,Success,success,always,2026-08-07
2026-08-26 04:55:12,889,Alex Morgan,Singapore,SIP_ENTERPRISE,ORIGINATING,+13125551000,+13125551003,Alex Morgan,Taylor Brooks,rnd-581-99,HuntGroup,User,True,Yes,Success,Success,,always,2026-08-26
2026-08-19 14:33:54,1173,Alex Morgan,Singapore,SIP_INBOUND,ORIGINATING,+155509990,+13125551000,+155509990,Alex Morgan,rnd-582-99,CallForwardBusy,HuntGroup,True,Yes-PostRedirection,Success,Success,,always-pause-resume,2026-08-19
2026-08-12 04:49:08,188,Riley Park,London,SIP_ENTERPRISE,TERMINATING,+13125551002,+13125551003,Sam Chen,Taylor Brooks,rnd-583-99,CallQueue,CallCenterPremium,True,Yes,Success,Success,,,2026-08-12
2026-08-21 03:39:05,521,Marcus Webb,Dallas,SIP_INBOUND,ORIGINATING,+155509941,+13125551009,+155509941,Marcus Webb,rnd-584-99,HuntGroup,CallCenterPremium,True,Yes-PostRedirection,Success,Success,,always,2026-08-21
2026-08-26 02:35:29,1128,Priya Nair,Dallas,SIP_ENTERPRISE,ORIGINATING,+13125551009,+13125551003,Marcus Webb,Taylor Brooks,rnd-585-99,ConsultativeTransfer,User,True,Yes,Success,Success,success,always-pause-resume,2026-08-26
2026-08-27 00:52:16,1667,Casey Rivera,Denver,SIP_ENTERPRISE,ORIGINATING,+13125551004,+13125551006,Casey Rivera,Riley Park,rnd-586-99,,AutomatedAttendantVideo,True,Yes,Success,Success,,always-pause-resume,2026-08-27
2026-09-04 15:46:29,1301,Marcus Webb,Chicago,SIP_INTERNATIONAL,TERMINATING,+13125551009,+155509993,Marcus Webb,+155509993,rnd-587-99,CallForwardBusy,User,True,Yes-PostRedirection,Success,Success,,always-pause-resume,2026-09-04
2026-08-29 15:16:53,355,Alex Morgan,Denver,SIP_ENTERPRISE,ORIGINATING,+13125551004,+13125551001,Casey Rivera,Jordan Lee,rnd-588-99,,HuntGroup,True,No,Success,Success,,always,2026-08-29
2026-08-27 10:49:41,132,Priya Nair,London,SIP_INBOUND,TERMINATING,+155509917,+13125551008,+155509917,Priya Nair,rnd-589-99,HuntGroup,HuntGroup,False,No,Refusal,CallRejected,,always-pause-resume,2026-08-27
2026-08-24 21:35:45,54,Marcus Webb,Dallas,SIP_ENTERPRISE,TERMINATING,+13125551000,+13125551003,Alex Morgan,Taylor Brooks,rnd-590-99,HuntGroup,User,True,Yes-PostRedirection,Success,Success,,,2026-08-24
2026-08-11 05:20:26,2015,Jordan Lee,Singapore,SIP_ENTERPRISE,TERMINATING,+13125551001,+13125551005,Jordan Lee,Morgan Quinn,rnd-591-99,,User,True,No,Success,Success,,always-pause-resume,2026-08-11
2026-08-23 09:41:46,1408,Casey Rivera,Singapore,SIP_NATIONAL,TERMINATING,+13125551004,+155509964,Casey Rivera,+155509964,rnd-592-99,HuntGroup,User,True,No,Success,Success,,always,2026-08-23
2026-08-30 21:57:37,1027,Casey Rivera,Dallas,SIP_INBOUND,TERMINATING,+155509929,+13125551004,+155509929,Casey Rivera,rnd-593-99,HuntGroup,AutomatedAttendantVideo,True,No,Success,Success,,always,2026-08-30
2026-09-05 12:40:01,2249,Priya Nair,Chicago,SIP_ENTERPRISE,TERMINATING,+13125551007,+13125551004,Jamie Ortiz,Casey Rivera,rnd-594-99,HuntGroup,User,True,Yes-PostRedirection,Success,Success,,always-pause-resume,2026-09-05
2026-08-14 08:52:13,308,Taylor Brooks,Dallas,SIP_INBOUND,TERMINATING,+155509991,+13125551003,+155509991,Taylor Brooks,rnd-595-99,ConsultativeTransfer,AutomatedAttendantVideo,True,No,Success,Success,,,2026-08-14
2026-09-03 06:16:12,1136,Casey Rivera,Chicago,SIP_ENTERPRISE,ORIGINATING,+13125551000,+13125551007,Alex Morgan,Jamie Ortiz,rnd-596-99,SimultaneousRingPersonal,User,True,No,Success,Success,,always-pause-resume,2026-09-03
2026-08-11 12:18:14,966,Sam Chen,Denver,SIP_ENTERPRISE,TERMINATING,+13125551004,+13125551007,Casey Rivera,Jamie Ortiz,rnd-597-99,HuntGroup,User,True,No,Success,Success,,always-pause-resume,2026-08-11
2026-08-23 11:43:57,2234,Marcus Webb,Singapore,SIP_ENTERPRISE,TERMINATING,+13125551005,+13125551001,Morgan Quinn,Jordan Lee,rnd-598-99,CallForwardNoAnswer,CallCenterPremium,True,Yes,Success,Success,,always,2026-08-23
2026-08-12 23:18:13,814,Alex Morgan,Dallas,SIP_INBOUND,ORIGINATING,+155509961,+13125551000,+155509961,Alex Morgan,rnd-599-99,CallQueue,CallCenterPremium,True,Yes,Success,Success,,,2026-08-12
2026-09-01 17:39:11,239,Jamie Ortiz,Denver,SIP_ENTERPRISE,TERMINATING,+13125551005,+13125551001,Morgan Quinn,Jordan Lee,rnd-600-99,ConsultativeTransfer,AutomatedAttendantVideo,True,Yes-PostRedirection,Success,Success,,,2026-09-01
2026-08-06 07:23:32,650,Jamie Ortiz,Singapore,SIP_SHORTCODE,ORIGINATING,+13125551007,+155509939,Jamie Ortiz,+155509939,rnd-601-99,HuntGroup,User,True,Yes,Success,Success,,,2026-08-06
2026-09-04 07:01:22,1560,Taylor Brooks,Denver,SIP_ENTERPRISE,TERMINATING,+13125551003,+13125551004,Taylor Brooks,Casey Rivera,rnd-602-99,,HuntGroup,True,Yes,Success,Success,,always-pause-resume,2026-09-04
2026-08-14 16:21:01,850,Riley Park,Singapore,SIP_NATIONAL,TERMINATING,+13125551006,+155509954,Riley Park,+155509954,rnd-603-99,Deflection,AutomatedAttendantVideo,True,Yes,Success,Success,,always,2026-08-14
2026-08-09 03:47:54,2191,Riley Park,Singapore,SIP_ENTERPRISE,TERMINATING,+13125551003,+13125551000,Taylor Brooks,Alex Morgan,rnd-604-99,Deflection,AutomatedAttendantVideo,True,Yes-PostRedirection,Success,Success,,,2026-08-09
2026-08-15 08:47:36,1430,Alex Morgan,London,SIP_INBOUND,ORIGINATING,+155509928,+13125551000,+155509928,Alex Morgan,rnd-605-99,,CallCenterPremium,True,Yes,Success,Success,,always,2026-08-15
2026-08-07 07:45:25,1486,Alex Morgan,Dallas,SIP_NATIONAL,TERMINATING,+13125551000,+155509995,Alex Morgan,+155509995,rnd-606-99,SimultaneousRingPersonal,User,True,No,Success,Success,,always-pause-resume,2026-08-07
2026-08-28 13:27:00,2029,Jamie Ortiz,Singapore,SIP_ENTERPRISE,TERMINATING,+13125551002,+13125551003,Sam Chen,Taylor Brooks,rnd-607-99,CallForwardNoAnswer,HuntGroup,False,Yes-PostRedirection,Refusal,TemporarilyUnavailable,,,2026-08-28
2026-08-28 08:58:38,72,Jordan Lee,London,SIP_INBOUND,TERMINATING,+155509949,+13125551001,+155509949,Jordan Lee,rnd-608-99,ConsultativeTransfer,CallCenterPremium,True,Yes,Success,Success,success,,2026-08-28
2026-09-02 10:17:21,1877,Taylor Brooks,London,SIP_INBOUND,ORIGINATING,+155509995,+13125551003,+155509995,Taylor Brooks,rnd-609-99,SimultaneousRingPersonal,AutomatedAttendantVideo,False,Yes-PostRedirection,Refusal,TemporarilyUnavailable,,always-pause-resume,2026-09-02
2026-08-24 00:34:37,1893,Taylor Brooks,Dallas,SIP_ENTERPRISE,ORIGINATING,+13125551004,+13125551009,Casey Rivera,Marcus Webb,rnd-610-99,CallForwardNoAnswer,User,True,Yes-PostRedirection,Success,Success,,always-pause-resume,2026-08-24
2026-09-05 22:03:58,472,Jamie Ortiz,Denver,SIP_ENTERPRISE,ORIGINATING,+13125551009,+13125551003,Marcus Webb,Taylor Brooks,rnd-611-99,CallForwardNoAnswer,User,False,Yes-PostRedirection,Refusal,CallRejected,,,2026-09-05
2026-08-23 05:22:18,1727,Casey Rivera,Dallas,SIP_INBOUND,TERMINATING,+155509915,+13125551004,+155509915,Casey Rivera,rnd-612-99,SimultaneousRingPersonal,CallCenterPremium,False,Yes-PostRedirection,Refusal,TemporarilyUnavailable,,,2026-08-23
2026-08-09 02:48:46,505,Priya Nair,Chicago,SIP_ENTERPRISE,ORIGINATING,+13125551003,+13125551000,Taylor Brooks,Alex Morgan,rnd-613-99,ConsultativeTransfer,User,False,Yes,Refusal,CallRejected,,,2026-08-09
2026-08-23 18:57:02,389,Morgan Quinn,Dallas,SIP_ENTERPRISE,TERMINATING,+13125551003,+13125551000,Taylor Brooks,Alex Morgan,rnd-614-99,,CallCenterPremium,True,No,Success,Success,,,2026-08-23
2026-08-09 20:00:25,1473,Morgan Quinn,Denver,SIP_ENTERPRISE,ORIGINATING,+13125551007,+13125551001,Jamie Ortiz,Jordan Lee,rnd-615-99,CallForwardNoAnswer,User,True,Yes-PostRedirection,Success,Success,,,2026-08-09
2026-08-30 17:04:57,924,Jamie Ortiz,London,SIP_MOBILE,TERMINATING,+13125551007,+155509972,Jamie Ortiz,+155509972,rnd-616-99,,AutomatedAttendantVideo,True,No,Success,Success,,,2026-08-30
2026-08-21 01:22:33,1430,Alex Morgan,Chicago,SIP_ENTERPRISE,ORIGINATING,+13125551000,+13125551005,Alex Morgan,Morgan Quinn,rnd-617-99,Deflection,User,True,Yes,Success,Success,,always,2026-08-21
2026-08-21 05:46:27,885,Sam Chen,Chicago,SIP_MOBILE,TERMINATING,+13125551002,+155509936,Sam Chen,+155509936,rnd-618-99,HuntGroup,User,True,Yes,Success,Success,,,2026-08-21
2026-08-20 20:50:16,1978,Casey Rivera,Singapore,SIP_INBOUND,TERMINATING,+155509955,+13125551004,+155509955,Casey Rivera,rnd-619-99,SimultaneousRingPersonal,User,True,No,Success,Success,,,2026-08-20
2026-08-31 00:05:03,672,Morgan Quinn,Singapore,SIP_ENTERPRISE,ORIGINATING,+13125551000,+13125551009,Alex Morgan,Marcus Webb,rnd-620-99,SimultaneousRingPersonal,User,True,No,Success,Success,,,2026-08-31
2026-08-18 17:43:29,2380,Taylor Brooks,Singapore,SIP_ENTERPRISE,TERMINATING,+13125551000,+13125551008,Alex Morgan,Priya Nair,rnd-621-99,CallForwardNoAnswer,HuntGroup,True,Yes,Success,Success,,,2026-08-18
2026-08-19 00:13:08,1260,Taylor Brooks,Singapore,SIP_NATIONAL,ORIGINATING,+13125551003,+155509951,Taylor Brooks,+155509951,rnd-622-99,ConsultativeTransfer,AutomatedAttendantVideo,False,Yes-PostRedirection,Refusal,CallRejected,,always,2026-08-19
2026-08-25 01:56:12,318,Priya Nair,Chicago,SIP_INBOUND,ORIGINATING,+155509958,+13125551008,+155509958,Priya Nair,rnd-623-99,CallQueue,User,True,Yes-PostRedirection,Success,Success,success,,2026-08-25
2026-08-11 07:36:30,2372,Priya Nair,Dallas,SIP_NATIONAL,ORIGINATING,+13125551008,+155509958,Priya Nair,+155509958,rnd-624-99,,AutomatedAttendantVideo,False,No,Refusal,CallRejected,,,2026-08-11
2026-08-27 09:00:24,425,Casey Rivera,Chicago,SIP_INTERNATIONAL,ORIGINATING,+13125551004,+155509935,Casey Rivera,+155509935,rnd-625-99,CallForwardBusy,HuntGroup,True,Yes,Success,Success,,,2026-08-27
2026-08-18 02:08:45,481,Riley Park,London,SIP_ENTERPRISE,ORIGINATING,+13125551009,+13125551002,Marcus Webb,Sam Chen,rnd-626-99,SimultaneousRingPersonal,User,True,Yes,Success,Success,,always-pause-resume,2026-08-18
2026-08-16 00:22:04,1021,Riley Park,Chicago,SIP_ENTERPRISE,TERMINATING,+13125551006,+13125551008,Riley Park,Priya Nair,rnd-627-99,SimultaneousRingPersonal,HuntGroup,False,Yes-PostRedirection,Refusal,CallRejected,,always-pause-resume,2026-08-16
2026-08-10 19:30:45,1796,Jordan Lee,Chicago,SIP_INBOUND,ORIGINATING,+155509924,+13125551001,+155509924,Jordan Lee,rnd-628-99,CallForwardNoAnswer,User,False,No,Refusal,TemporarilyUnavailable,,,2026-08-10
2026-08-22 05:53:12,1860,Jordan Lee,Dallas,SIP_NATIONAL,ORIGINATING,+13125551001,+155509956,Jordan Lee,+155509956,rnd-629-99,HuntGroup,User,True,Yes-PostRedirection,Success,Success,success,always-pause-resume,2026-08-22
2026-08-29 02:07:28,325,Taylor Brooks,Chicago,SIP_INTERNATIONAL,ORIGINATING,+13125551003,+155509993,Taylor Brooks,+155509993,rnd-630-99,CallQueue,User,True,Yes-PostRedirection,Success,Success,,always-pause-resume,2026-08-29
2026-09-01 03:28:50,122,Marcus Webb,London,SIP_ENTERPRISE,ORIGINATING,+13125551004,+13125551003,Casey Rivera,Taylor Brooks,rnd-631-99,CallQueue,AutomatedAttendantVideo,True,Yes,Success,Success,,always-pause-resume,2026-09-01
2026-08-22 13:41:17,383,Alex Morgan,Chicago,SIP_INTERNATIONAL,TERMINATING,+13125551000,+155509994,Alex Morgan,+155509994,rnd-632-99,CallForwardBusy,CallCenterPremium,True,No,Success,Success,,,2026-08-22
2026-08-25 09:37:33,883,Taylor Brooks,Singapore,SIP_INBOUND,TERMINATING,+155509938,+13125551003,+155509938,Taylor Brooks,rnd-633-99,CallForwardBusy,HuntGroup,False,Yes-PostRedirection,Refusal,UnassignedNumber,,always,2026-08-25
2026-08-14 14:10:01,704,Taylor Brooks,Denver,SIP_ENTERPRISE,ORIGINATING,+13125551004,+13125551003,Casey Rivera,Taylor Brooks,rnd-634-99,CallForwardNoAnswer,HuntGroup,False,No,Refusal,CallRejected,,always,2026-08-14
2026-08-21 08:05:15,1490,Taylor Brooks,Chicago,SIP_INBOUND,TERMINATING,+155509943,+13125551003,+155509943,Taylor Brooks,rnd-635-99,ConsultativeTransfer,User,True,Yes,Success,Success,,always-pause-resume,2026-08-21
2026-08-30 22:01:23,645,Priya Nair,Dallas,SIP_ENTERPRISE,TERMINATING,+13125551004,+13125551003,Casey Rivera,Taylor Brooks,rnd-636-99,,User,True,Yes-PostRedirection,Success,Success,,always,2026-08-30
2026-08-30 14:26:12,466,Priya Nair,Dallas,SIP_INBOUND,TERMINATING,+155509988,+13125551008,+155509988,Priya Nair,rnd-637-99,SimultaneousRingPersonal,User,True,Yes-PostRedirection,Success,Success,success,always-pause-resume,2026-08-30
2026-08-21 18:19:28,1209,Marcus Webb,Chicago,SIP_INTERNATIONAL,ORIGINATING,+13125551009,+155509922,Marcus Webb,+155509922,rnd-638-99,,User,True,Yes-PostRedirection,Success,Success,,,2026-08-21
2026-08-10 23:08:56,195,Jordan Lee,Singapore,SIP_INTERNATIONAL,TERMINATING,+13125551001,+155509991,Jordan Lee,+155509991,rnd-639-99,CallForwardNoAnswer,CallCenterPremium,True,Yes-PostRedirection,Success,Success,,always-pause-resume,2026-08-10
2026-08-30 12:34:23,493,Sam Chen,Chicago,SIP_ENTERPRISE,ORIGINATING,+13125551009,+13125551005,Marcus Webb,Morgan Quinn,rnd-640-99,CallForwardNoAnswer,HuntGroup,True,No,Success,Success,,,2026-08-30
2026-08-12 06:39:55,649,Taylor Brooks,Singapore,SIP_ENTERPRISE,ORIGINATING,+13125551005,+13125551001,Morgan Quinn,Jordan Lee,rnd-641-99,HuntGroup,User,True,Yes,Success,Success,,,2026-08-12
2026-08-22 04:21:22,193,Jordan Lee,Singapore,SIP_INBOUND,ORIGINATING,+155509994,+13125551001,+155509994,Jordan Lee,rnd-642-99,,CallCenterPremium,True,Yes-PostRedirection,Success,Success,success,,2026-08-22
2026-08-24 03:20:34,2151,Sam Chen,Denver,SIP_ENTERPRISE,TERMINATING,+13125551008,+13125551006,Priya Nair,Riley Park,rnd-643-99,,HuntGroup,True,No,Success,Success,,,2026-08-24
2026-08-24 01:28:31,2108,Taylor Brooks,Singapore,SIP_MOBILE,TERMINATING,+13125551003,+155509933,Taylor Brooks,+155509933,rnd-644-99,,User,True,Yes-PostRedirection,Success,Success,,,2026-08-24
2026-08-10 04:59:53,510,Morgan Quinn,Chicago,SIP_INTERNATIONAL,ORIGINATING,+13125551005,+155509947,Morgan Quinn,+155509947,rnd-645-99,SimultaneousRingPersonal,CallCenterPremium,True,No,Success,Success,,always-pause-resume,2026-08-10
2026-08-16 22:46:19,809,Alex Morgan,Denver,SIP_ENTERPRISE,TERMINATING,+13125551001,+13125551009,Jordan Lee,Marcus Webb,rnd-646-99,CallForwardNoAnswer,HuntGroup,True,Yes,Success,Success,,,2026-08-16
2026-08-16 01:59:44,1990,Morgan Quinn,Denver,SIP_ENTERPRISE,ORIGINATING,+13125551009,+13125551006,Marcus Webb,Riley Park,rnd-647-99,CallForwardNoAnswer,CallCenterPremium,True,No,Success,Success,,,2026-08-16
2026-09-02 01:05:36,2269,Jamie Ortiz,Chicago,SIP_ENTERPRISE,ORIGINATING,+13125551006,+13125551004,Riley Park,Casey Rivera,rnd-648-99,CallQueue,HuntGroup,True,No,Success,Success,,,2026-09-02
2026-09-04 15:29:11,1702,Marcus Webb,Dallas,SIP_ENTERPRISE,ORIGINATING,+13125551002,+13125551007,Sam Chen,Jamie Ortiz,rnd-649-99,CallForwardNoAnswer,HuntGroup,True,No,Success,Success,,,2026-09-04
2026-08-11 08:55:51,638,Priya Nair,Chicago,SIP_SHORTCODE,TERMINATING,+13125551008,+155509927,Priya Nair,+155509927,rnd-650-99,SimultaneousRingPersonal,CallCenterPremium,True,No,Success,Success,,,2026-08-11
2026-08-24 10:33:37,942,Casey Rivera,Denver,SIP_SHORTCODE,ORIGINATING,+13125551004,+155509937,Casey Rivera,+155509937,rnd-651-99,Deflection,User,True,Yes,Success,Success,,always,2026-08-24
2026-08-22 11:14:06,992,Morgan Quinn,Denver,SIP_ENTERPRISE,ORIGINATING,+13125551003,+13125551005,Taylor Brooks,Morgan Quinn,rnd-652-99,HuntGroup,User,True,Yes-PostRedirection,Success,Success,,always,2026-08-22
2026-08-13 12:39:05,1787,Morgan Quinn,Dallas,SIP_ENTERPRISE,TERMINATING,+13125551004,+13125551000,Casey Rivera,Alex Morgan,rnd-653-99,CallForwardNoAnswer,User,True,Yes,Success,Success,,,2026-08-13
2026-08-29 03:58:42,2136,Riley Park,Chicago,SIP_ENTERPRISE,TERMINATING,+13125551000,+13125551002,Alex Morgan,Sam Chen,rnd-654-99,SimultaneousRingPersonal,HuntGroup,True,No,Success,Success,,always,2026-08-29
2026-08-10 07:27:31,2268,Alex Morgan,London,SIP_INBOUND,TERMINATING,+155509945,+13125551000,+155509945,Alex Morgan,rnd-655-99,HuntGroup,User,True,Yes,Success,Success,success,always-pause-resume,2026-08-10
2026-08-29 09:09:33,2199,Riley Park,London,SIP_MOBILE,TERMINATING,+13125551006,+155509915,Riley Park,+155509915,rnd-656-99,CallQueue,User,True,Yes,Success,Success,,,2026-08-29
2026-08-06 04:17:05,1033,Morgan Quinn,Dallas,SIP_ENTERPRISE,TERMINATING,+13125551005,+13125551002,Morgan Quinn,Sam Chen,rnd-657-99,SimultaneousRingPersonal,CallCenterPremium,True,Yes,Success,Success,,always,2026-08-06
2026-08-30 19:08:52,96,Sam Chen,London,SIP_ENTERPRISE,TERMINATING,+13125551007,+13125551001,Jamie Ortiz,Jordan Lee,rnd-658-99,ConsultativeTransfer,User,True,Yes-PostRedirection,Success,Success,,,2026-08-30
2026-08-21 06:50:42,1001,Sam Chen,Singapore,SIP_INBOUND,TERMINATING,+155509922,+13125551002,+155509922,Sam Chen,rnd-659-99,SimultaneousRingPersonal,User,True,No,Success,Success,,always,2026-08-21
2026-08-11 14:11:56,2058,Alex Morgan,Dallas,SIP_MOBILE,ORIGINATING,+13125551000,+155509931,Alex Morgan,+155509931,rnd-660-99,SimultaneousRingPersonal,User,False,Yes,Refusal,TemporarilyUnavailable,,always,2026-08-11
2026-08-25 20:54:24,2243,Morgan Quinn,Dallas,SIP_ENTERPRISE,ORIGINATING,+13125551009,+13125551002,Marcus Webb,Sam Chen,rnd-661-99,SimultaneousRingPersonal,AutomatedAttendantVideo,True,Yes-PostRedirection,Success,Success,,always,2026-08-25
2026-08-12 09:05:49,2228,Sam Chen,Chicago,SIP_INTERNATIONAL,TERMINATING,+13125551002,+155509926,Sam Chen,+155509926,rnd-662-99,SimultaneousRingPersonal,CallCenterPremium,True,Yes,Success,Success,,always,2026-08-12
2026-08-10 11:01:44,301,Jordan Lee,Chicago,SIP_MOBILE,TERMINATING,+13125551001,+155509951,Jordan Lee,+155509951,rnd-663-99,CallForwardNoAnswer,HuntGroup,True,Yes,Success,Success,,,2026-08-10
2026-08-22 22:01:29,477,Morgan Quinn,Singapore,SIP_ENTERPRISE,ORIGINATING,+13125551001,+13125551009,Jordan Lee,Marcus Webb,rnd-664-99,Deflection,AutomatedAttendantVideo,True,No,Success,Success,,always-pause-resume,2026-08-22
2026-08-06 11:11:01,300,Morgan Quinn,Denver,SIP_INTERNATIONAL,TERMINATING,+13125551005,+155509995,Morgan Quinn,+155509995,rnd-665-99,HuntGroup,CallCenterPremium,False,Yes,Refusal,CallRejected,,,2026-08-06
2026-08-08 07:41:19,458,Casey Rivera,Dallas,SIP_ENTERPRISE,ORIGINATING,+13125551004,+13125551005,Casey Rivera,Morgan Quinn,rnd-666-99,CallForwardNoAnswer,User,True,Yes,Success,Success,,always,2026-08-08
2026-08-29 18:58:35,1916,Morgan Quinn,Dallas,SIP_ENTERPRISE,TERMINATING,+13125551003,+13125551005,Taylor Brooks,Morgan Quinn,rnd-667-99,CallForwardBusy,User,True,Yes,Success,Success,failed,,2026-08-29
2026-08-24 18:14:55,60,Jamie Ortiz,London,SIP_INBOUND,ORIGINATING,+155509926,+13125551007,+155509926,Jamie Ortiz,rnd-668-99,SimultaneousRingPersonal,HuntGroup,True,Yes-PostRedirection,Success,Success,,always-pause-resume,2026-08-24
2026-08-07 03:50:30,133,Riley Park,Singapore,SIP_ENTERPRISE,ORIGINATING,+13125551007,+13125551005,Jamie Ortiz,Morgan Quinn,rnd-669-99,CallQueue,HuntGroup,True,Yes,Success,Success,,,2026-08-07
2026-08-23 20:20:48,1715,Alex Morgan,Denver,SIP_MOBILE,TERMINATING,+13125551000,+155509975,Alex Morgan,+155509975,rnd-670-99,Deflection,User,False,Yes,Refusal,UnassignedNumber,,always-pause-resume,2026-08-23
2026-08-30 21:54:27,2273,Jordan Lee,Singapore,UNKNOWN,ORIGINATING,+13125551001,+155509922,Jordan Lee,+155509922,rnd-671-99,CallQueue,User,True,Yes,Success,Success,,,2026-08-30
2026-08-21 20:48:25,270,Taylor Brooks,Denver,SIP_ENTERPRISE,ORIGINATING,+13125551002,+13125551001,Sam Chen,Jordan Lee,rnd-672-99,CallForwardNoAnswer,AutomatedAttendantVideo,True,Yes-PostRedirection,Success,Success,,always-pause-resume,2026-08-21
2026-08-27 04:52:25,542,Marcus Webb,London,SIP_NATIONAL,ORIGINATING,+13125551009,+155509926,Marcus Webb,+155509926,rnd-673-99,SimultaneousRingPersonal,HuntGroup,False,Yes-PostRedirection,Refusal,CallRejected,,always-pause-resume,2026-08-27
2026-08-27 09:48:24,980,Casey Rivera,London,SIP_INBOUND,TERMINATING,+155509954,+13125551004,+155509954,Casey Rivera,rnd-674-99,CallQueue,AutomatedAttendantVideo,True,No,Success,Success,success,always,2026-08-27
2026-08-10 17:24:38,1161,Morgan Quinn,Dallas,SIP_ENTERPRISE,ORIGINATING,+13125551006,+13125551001,Riley Park,Jordan Lee,rnd-675-99,SimultaneousRingPersonal,CallCenterPremium,True,No,Success,Success,,always-pause-resume,2026-08-10
2026-09-05 10:28:05,1271,Casey Rivera,Denver,SIP_ENTERPRISE,TERMINATING,+13125551004,+13125551009,Casey Rivera,Marcus Webb,rnd-676-99,,User,True,Yes-PostRedirection,Success,Success,,always-pause-resume,2026-09-05
2026-09-05 00:13:25,677,Jordan Lee,Denver,SIP_ENTERPRISE,ORIGINATING,+13125551005,+13125551003,Morgan Quinn,Taylor Brooks,rnd-677-99,HuntGroup,CallCenterPremium,True,Yes,Success,Success,,always,2026-09-05
2026-08-23 11:08:59,1520,Taylor Brooks,Chicago,UNKNOWN,TERMINATING,+13125551003,+155509942,Taylor Brooks,+155509942,rnd-678-99,ConsultativeTransfer,User,True,Yes-PostRedirection,Success,Success,,always-pause-resume,2026-08-23
2026-08-11 23:40:16,1226,Priya Nair,Chicago,SIP_NATIONAL,ORIGINATING,+13125551008,+155509965,Priya Nair,+155509965,rnd-679-99,Deflection,User,True,Yes,Success,Success,,always-pause-resume,2026-08-11
2026-08-17 11:43:56,475,Marcus Webb,Chicago,SIP_INBOUND,ORIGINATING,+155509977,+13125551009,+155509977,Marcus Webb,rnd-680-99,CallForwardBusy,User,True,Yes,Success,Success,,always,2026-08-17
2026-08-20 23:40:26,1361,Priya Nair,Denver,SIP_INTERNATIONAL,TERMINATING,+13125551008,+155509998,Priya Nair,+155509998,rnd-681-99,HuntGroup,User,False,Yes,Refusal,UnassignedNumber,,,2026-08-20
2026-09-02 11:44:11,459,Morgan Quinn,Chicago,SIP_MOBILE,TERMINATING,+13125551005,+155509944,Morgan Quinn,+155509944,rnd-682-99,CallForwardNoAnswer,User,True,Yes,Success,Success,,always-pause-resume,2026-09-02
2026-08-18 07:55:50,2093,Casey Rivera,Chicago,SIP_ENTERPRISE,TERMINATING,+13125551009,+13125551002,Marcus Webb,Sam Chen,rnd-683-99,HuntGroup,HuntGroup,True,No,Success,Success,,always,2026-08-18
2026-08-21 22:47:51,894,Riley Park,London,SIP_ENTERPRISE,ORIGINATING,+13125551000,+13125551009,Alex Morgan,Marcus Webb,rnd-684-99,Deflection,User,True,Yes,Success,Success,,always,2026-08-21
2026-08-23 08:54:30,1850,Priya Nair,London,SIP_ENTERPRISE,TERMINATING,+13125551002,+13125551008,Sam Chen,Priya Nair,rnd-685-99,Deflection,CallCenterPremium,True,No,Success,Success,,always,2026-08-23
2026-08-16 17:33:50,2245,Morgan Quinn,Singapore,SIP_MOBILE,ORIGINATING,+13125551005,+155509962,Morgan Quinn,+155509962,rnd-686-99,ConsultativeTransfer,User,True,No,Success,Success,,always-pause-resume,2026-08-16
2026-08-25 16:37:39,303,Sam Chen,Denver,SIP_INBOUND,TERMINATING,+155509936,+13125551002,+155509936,Sam Chen,rnd-687-99,ConsultativeTransfer,User,False,No,Refusal,CallRejected,,always,2026-08-25
2026-08-24 09:08:39,21,Alex Morgan,Denver,SIP_ENTERPRISE,ORIGINATING,+13125551007,+13125551003,Jamie Ortiz,Taylor Brooks,rnd-688-99,,AutomatedAttendantVideo,True,Yes,Success,Success,,always-pause-resume,2026-08-24
2026-08-28 22:28:11,1027,Taylor Brooks,Chicago,SIP_INBOUND,TERMINATING,+155509982,+13125551003,+155509982,Taylor Brooks,rnd-689-99,ConsultativeTransfer,HuntGroup,True,Yes,Success,Success,,always,2026-08-28
2026-08-31 15:40:44,2051,Marcus Webb,Dallas,SIP_NATIONAL,ORIGINATING,+13125551009,+155509957,Marcus Webb,+155509957,rnd-690-99,,AutomatedAttendantVideo,True,Yes-PostRedirection,Success,Success,,always,2026-08-31
2026-08-23 09:05:09,2379,Riley Park,Denver,SIP_NATIONAL,ORIGINATING,+13125551006,+155509934,Riley Park,+155509934,rnd-691-99,CallQueue,HuntGroup,True,Yes,Success,Success,,always,2026-08-23
2026-08-26 23:03:19,1714,Taylor Brooks,London,SIP_ENTERPRISE,TERMINATING,+13125551003,+13125551007,Taylor Brooks,Jamie Ortiz,rnd-692-99,CallQueue,User,True,No,Success,Success,,always-pause-resume,2026-08-26
2026-08-07 00:49:42,560,Priya Nair,Singapore,SIP_INBOUND,TERMINATING,+155509913,+13125551008,+155509913,Priya Nair,rnd-693-99,CallForwardNoAnswer,HuntGroup,True,No,Success,Success,,always,2026-08-07
2026-09-03 14:21:24,631,Marcus Webb,London,SIP_MOBILE,ORIGINATING,+13125551009,+155509978,Marcus Webb,+155509978,rnd-694-99,,User,True,Yes,Success,Success,,always-pause-resume,2026-09-03
2026-08-11 00:51:42,976,Casey Rivera,Chicago,SIP_ENTERPRISE,TERMINATING,+13125551000,+13125551004,Alex Morgan,Casey Rivera,rnd-695-99,CallQueue,AutomatedAttendantVideo,True,Yes-PostRedirection,Success,Success,,always-pause-resume,2026-08-11
2026-08-09 17:25:59,1075,Jamie Ortiz,London,SIP_NATIONAL,TERMINATING,+13125551007,+155509969,Jamie Ortiz,+155509969,rnd-696-99,HuntGroup,User,True,Yes-PostRedirection,Success,Success,,,2026-08-09
2026-08-14 18:11:10,527,Priya Nair,Denver,SIP_NATIONAL,ORIGINATING,+13125551008,+155509952,Priya Nair,+155509952,rnd-697-99,CallForwardNoAnswer,AutomatedAttendantVideo,True,Yes,Success,Success,,always,2026-08-14
2026-08-11 04:55:41,935,Casey Rivera,Denver,SIP_ENTERPRISE,TERMINATING,+13125551000,+13125551007,Alex Morgan,Jamie Ortiz,rnd-698-99,CallQueue,User,False,No,Refusal,UnassignedNumber,success,,2026-08-11
2026-08-18 17:07:52,1556,Marcus Webb,Singapore,SIP_ENTERPRISE,ORIGINATING,+13125551008,+13125551002,Priya Nair,Sam Chen,rnd-699-99,HuntGroup,User,True,No,Success,Success,,always-pause-resume,2026-08-18
2026-08-29 14:13:16,1756,Priya Nair,Singapore,SIP_ENTERPRISE,ORIGINATING,+13125551001,+13125551003,Jordan Lee,Taylor Brooks,rnd-700-99,CallQueue,HuntGroup,False,Yes,Refusal,UnassignedNumber,,always,2026-08-29
2026-08-24 00:25:06,1898,Taylor Brooks,Denver,SIP_ENTERPRISE,TERMINATING,+13125551002,+13125551005,Sam Chen,Morgan Quinn,rnd-701-99,CallForwardBusy,CallCenterPremium,True,Yes,Success,Success,,always,2026-08-24
2026-09-04 23:49:01,1176,Taylor Brooks,Singapore,SIP_INBOUND,ORIGINATING,+155509969,+13125551003,+155509969,Taylor Brooks,rnd-702-99,CallForwardBusy,HuntGroup,True,Yes,Success,Success,,always-pause-resume,2026-09-04
2026-08-30 05:13:00,1577,Taylor Brooks,Singapore,SIP_ENTERPRISE,ORIGINATING,+13125551004,+13125551002,Casey Rivera,Sam Chen,rnd-703-99,HuntGroup,User,True,No,Success,Success,,always,2026-08-30
2026-09-02 14:29:16,1677,Alex Morgan,Denver,SIP_NATIONAL,ORIGINATING,+13125551000,+155509921,Alex Morgan,+155509921,rnd-704-99,CallForwardNoAnswer,User,True,No,Success,Success,,always,2026-09-02
2026-09-02 12:09:13,448,Riley Park,Chicago,SIP_ENTERPRISE,TERMINATING,+13125551007,+13125551003,Jamie Ortiz,Taylor Brooks,rnd-705-99,SimultaneousRingPersonal,HuntGroup,True,Yes,Success,Success,,,2026-09-02
2026-08-22 05:30:19,1226,Alex Morgan,London,SIP_NATIONAL,ORIGINATING,+13125551000,+155509919,Alex Morgan,+155509919,rnd-706-99,CallForwardBusy,HuntGroup,False,Yes-PostRedirection,Refusal,TemporarilyUnavailable,,always-pause-resume,2026-08-22
2026-08-26 12:23:02,582,Sam Chen,Singapore,SIP_MOBILE,ORIGINATING,+13125551002,+155509980,Sam Chen,+155509980,rnd-707-99,CallForwardNoAnswer,CallCenterPremium,False,Yes-PostRedirection,Refusal,TemporarilyUnavailable,,,2026-08-26
2026-08-27 08:33:26,1619,Riley Park,London,SIP_ENTERPRISE,ORIGINATING,+13125551007,+13125551006,Jamie Ortiz,Riley Park,rnd-708-99,CallForwardNoAnswer,User,True,No,Success,Success,,,2026-08-27
2026-08-19 05:27:53,273,Casey Rivera,Dallas,SIP_NATIONAL,TERMINATING,+13125551004,+155509920,Casey Rivera,+155509920,rnd-709-99,HuntGroup,HuntGroup,True,Yes,Success,Success,success,always,2026-08-19
2026-08-16 12:47:08,1922,Marcus Webb,Singapore,SIP_NATIONAL,ORIGINATING,+13125551009,+155509976,Marcus Webb,+155509976,rnd-710-99,SimultaneousRingPersonal,HuntGroup,True,Yes,Success,Success,success,always,2026-08-16
2026-09-01 12:13:51,470,Casey Rivera,Dallas,SIP_MOBILE,ORIGINATING,+13125551004,+155509965,Casey Rivera,+155509965,rnd-711-99,ConsultativeTransfer,HuntGroup,True,Yes-PostRedirection,Success,Success,success,,2026-09-01
2026-08-30 22:12:42,2111,Riley Park,Chicago,SIP_MOBILE,ORIGINATING,+13125551006,+155509917,Riley Park,+155509917,rnd-712-99,HuntGroup,AutomatedAttendantVideo,True,No,Success,Success,,,2026-08-30
2026-09-03 00:05:50,1093,Jordan Lee,Chicago,SIP_INBOUND,TERMINATING,+155509985,+13125551001,+155509985,Jordan Lee,rnd-713-99,HuntGroup,HuntGroup,True,No,Success,Success,,always,2026-09-03
2026-08-15 16:04:28,1276,Jamie Ortiz,London,SIP_INBOUND,TERMINATING,+155509941,+13125551007,+155509941,Jamie Ortiz,rnd-714-99,CallQueue,HuntGroup,True,Yes-PostRedirection,Success,Success,,always,2026-08-15
2026-09-03 06:24:35,2311,Priya Nair,Singapore,SIP_INBOUND,TERMINATING,+155509915,+13125551008,+155509915,Priya Nair,rnd-715-99,CallForwardBusy,HuntGroup,True,No,Success,Success,,,2026-09-03
2026-08-08 19:28:01,1285,Priya Nair,London,SIP_ENTERPRISE,ORIGINATING,+13125551005,+13125551001,Morgan Quinn,Jordan Lee,rnd-716-99,CallQueue,AutomatedAttendantVideo,True,No,Success,Success,,always-pause-resume,2026-08-08
2026-08-17 15:38:48,2141,Casey Rivera,Denver,SIP_ENTERPRISE,ORIGINATING,+13125551001,+13125551008,Jordan Lee,Priya Nair,rnd-717-99,HuntGroup,HuntGroup,True,No,Success,Success,success,,2026-08-17
2026-08-13 12:01:10,777,Casey Rivera,Singapore,SIP_ENTERPRISE,TERMINATING,+13125551006,+13125551002,Riley Park,Sam Chen,rnd-718-99,Deflection,User,True,Yes,Success,Success,,always-pause-resume,2026-08-13
2026-08-24 18:27:11,515,Sam Chen,Dallas,SIP_ENTERPRISE,TERMINATING,+13125551000,+13125551007,Alex Morgan,Jamie Ortiz,rnd-719-99,SimultaneousRingPersonal,AutomatedAttendantVideo,True,No,Success,Success,,always,2026-08-24
2026-08-30 17:05:36,1786,Alex Morgan,London,SIP_ENTERPRISE,ORIGINATING,+13125551003,+13125551007,Taylor Brooks,Jamie Ortiz,rnd-720-99,ConsultativeTransfer,CallCenterPremium,True,No,Success,Success,,,2026-08-30
2026-08-31 00:39:12,1498,Priya Nair,London,SIP_MOBILE,ORIGINATING,+13125551008,+155509920,Priya Nair,+155509920,rnd-721-99,HuntGroup,CallCenterPremium,True,Yes-PostRedirection,Success,Success,success,always-pause-resume,2026-08-31
2026-08-21 19:15:03,229,Riley Park,Dallas,SIP_INTERNATIONAL,ORIGINATING,+13125551006,+155509936,Riley Park,+155509936,rnd-722-99,,User,False,No,Refusal,UnassignedNumber,,,2026-08-21
2026-08-26 12:50:16,1297,Priya Nair,Dallas,SIP_ENTERPRISE,ORIGINATING,+13125551006,+13125551000,Riley Park,Alex Morgan,rnd-723-99,CallQueue,CallCenterPremium,True,Yes,Success,Success,,always,2026-08-26
2026-08-13 22:21:46,1823,Sam Chen,Denver,SIP_MOBILE,TERMINATING,+13125551002,+155509928,Sam Chen,+155509928,rnd-724-99,,User,True,Yes-PostRedirection,Success,Success,,always-pause-resume,2026-08-13
2026-08-16 12:50:37,1697,Priya Nair,London,SIP_ENTERPRISE,ORIGINATING,+13125551001,+13125551009,Jordan Lee,Marcus Webb,rnd-725-99,CallForwardNoAnswer,User,True,No,Success,Success,success,always,2026-08-16
2026-08-29 21:58:32,77,Morgan Quinn,London,SIP_NATIONAL,ORIGINATING,+13125551005,+155509952,Morgan Quinn,+155509952,rnd-726-99,Deflection,User,True,Yes-PostRedirection,Success,Success,,,2026-08-29
2026-08-16 23:21:02,2153,Casey Rivera,London,SIP_ENTERPRISE,ORIGINATING,+13125551009,+13125551000,Marcus Webb,Alex Morgan,rnd-727-99,CallForwardNoAnswer,CallCenterPremium,True,Yes-PostRedirection,Success,Success,,always-pause-resume,2026-08-16
2026-08-26 14:14:43,148,Marcus Webb,London,SIP_ENTERPRISE,TERMINATING,+13125551007,+13125551004,Jamie Ortiz,Casey Rivera,rnd-728-99,CallQueue,AutomatedAttendantVideo,True,Yes,Success,Success,success,always-pause-resume,2026-08-26
2026-08-17 21:45:14,95,Riley Park,Chicago,SIP_ENTERPRISE,ORIGINATING,+13125551007,+13125551005,Jamie Ortiz,Morgan Quinn,rnd-729-99,CallForwardBusy,AutomatedAttendantVideo,True,Yes,Success,Success,,always-pause-resume,2026-08-17
2026-08-08 00:47:37,1263,Marcus Webb,London,SIP_INBOUND,ORIGINATING,+155509978,+13125551009,+155509978,Marcus Webb,rnd-730-99,CallForwardNoAnswer,User,True,Yes-PostRedirection,Success,Success,,,2026-08-08
2026-08-14 10:23:37,1235,Jamie Ortiz,Chicago,SIP_ENTERPRISE,ORIGINATING,+13125551003,+13125551006,Taylor Brooks,Riley Park,rnd-731-99,,User,True,No,Success,Success,,always,2026-08-14
2026-08-22 07:36:43,123,Alex Morgan,Denver,SIP_INBOUND,ORIGINATING,+155509921,+13125551000,+155509921,Alex Morgan,rnd-732-99,CallForwardBusy,HuntGroup,True,Yes,Success,Success,,always-pause-resume,2026-08-22
2026-08-15 18:41:02,188,Morgan Quinn,Chicago,SIP_ENTERPRISE,TERMINATING,+13125551006,+13125551003,Riley Park,Taylor Brooks,rnd-733-99,HuntGroup,User,True,Yes,Success,Success,,,2026-08-15
2026-09-03 21:21:28,166,Priya Nair,Dallas,SIP_INBOUND,ORIGINATING,+155509952,+13125551008,+155509952,Priya Nair,rnd-734-99,CallForwardNoAnswer,AutomatedAttendantVideo,True,Yes,Success,Success,,,2026-09-03
2026-08-18 08:26:37,1855,Jamie Ortiz,Singapore,SIP_NATIONAL,ORIGINATING,+13125551007,+155509913,Jamie Ortiz,+155509913,rnd-735-99,,User,True,Yes-PostRedirection,Success,Success,,always,2026-08-18
2026-08-25 13:01:53,798,Taylor Brooks,London,SIP_ENTERPRISE,ORIGINATING,+13125551008,+13125551000,Priya Nair,Alex Morgan,rnd-736-99,Deflection,CallCenterPremium,True,Yes-PostRedirection,Success,Success,,always-pause-resume,2026-08-25
2026-09-03 19:49:48,1010,Taylor Brooks,Chicago,SIP_MOBILE,ORIGINATING,+13125551003,+155509936,Taylor Brooks,+155509936,rnd-737-99,SimultaneousRingPersonal,CallCenterPremium,True,Yes,Success,Success,,always,2026-09-03
2026-08-21 09:18:53,1952,Priya Nair,London,SIP_NATIONAL,ORIGINATING,+13125551008,+155509982,Priya Nair,+155509982,rnd-738-99,,User,False,Yes,Refusal,CallRejected,,always-pause-resume,2026-08-21
2026-08-28 07:10:36,981,Taylor Brooks,Dallas,SIP_ENTERPRISE,ORIGINATING,+13125551008,+13125551005,Priya Nair,Morgan Quinn,rnd-739-99,CallForwardNoAnswer,User,True,No,Success,Success,,,2026-08-28
2026-08-06 05:58:10,1489,Marcus Webb,Chicago,SIP_INTERNATIONAL,ORIGINATING,+13125551009,+155509964,Marcus Webb,+155509964,rnd-740-99,Deflection,User,True,No,Success,Success,,always,2026-08-06
2026-08-16 11:10:29,946,Sam Chen,London,SIP_ENTERPRISE,ORIGINATING,+13125551007,+13125551002,Jamie Ortiz,Sam Chen,rnd-741-99,CallQueue,User,True,Yes-PostRedirection,Success,Success,,always,2026-08-16
2026-08-12 05:57:43,405,Marcus Webb,London,SIP_ENTERPRISE,TERMINATING,+13125551000,+13125551003,Alex Morgan,Taylor Brooks,rnd-742-99,Deflection,User,True,Yes-PostRedirection,Success,Success,success,always-pause-resume,2026-08-12
2026-08-18 02:05:41,1848,Taylor Brooks,Chicago,SIP_ENTERPRISE,ORIGINATING,+13125551002,+13125551007,Sam Chen,Jamie Ortiz,rnd-743-99,,User,False,Yes,Refusal,CallRejected,,always-pause-resume,2026-08-18
2026-08-23 09:33:40,992,Jamie Ortiz,Chicago,SIP_INBOUND,TERMINATING,+155509921,+13125551007,+155509921,Jamie Ortiz,rnd-744-99,CallQueue,HuntGroup,True,No,Success,Success,,always,2026-08-23
2026-08-08 19:46:29,993,Casey Rivera,Chicago,SIP_INBOUND,TERMINATING,+155509968,+13125551004,+155509968,Casey Rivera,rnd-745-99,CallForwardNoAnswer,User,True,Yes-PostRedirection,Success,Success,,,2026-08-08
2026-08-26 18:05:22,1405,Riley Park,Chicago,SIP_ENTERPRISE,ORIGINATING,+13125551003,+13125551004,Taylor Brooks,Casey Rivera,rnd-746-99,Deflection,CallCenterPremium,True,Yes,Success,Success,,always,2026-08-26
2026-08-23 01:30:22,1010,Marcus Webb,London,SIP_ENTERPRISE,TERMINATING,+13125551000,+13125551009,Alex Morgan,Marcus Webb,rnd-747-99,CallForwardBusy,CallCenterPremium,False,No,Refusal,UnassignedNumber,,always-pause-resume,2026-08-23
2026-09-05 19:20:56,2203,Riley Park,London,SIP_ENTERPRISE,TERMINATING,+13125551004,+13125551001,Casey Rivera,Jordan Lee,rnd-748-99,,AutomatedAttendantVideo,False,Yes-PostRedirection,Refusal,TemporarilyUnavailable,,always,2026-09-05
2026-08-25 03:45:39,491,Marcus Webb,London,SIP_ENTERPRISE,ORIGINATING,+13125551000,+13125551001,Alex Morgan,Jordan Lee,rnd-749-99,CallQueue,AutomatedAttendantVideo,True,Yes-PostRedirection,Success,Success,,always,2026-08-25
2026-08-23 00:34:01,444,Casey Rivera,Dallas,SIP_ENTERPRISE,TERMINATING,+13125551002,+13125551005,Sam Chen,Morgan Quinn,rnd-750-99,CallQueue,User,True,Yes,Success,Success,success,always,2026-08-23
2026-08-20 08:03:31,2048,Casey Rivera,Denver,SIP_ENTERPRISE,ORIGINATING,+13125551004,+13125551006,Casey Rivera,Riley Park,rnd-751-99,CallQueue,User,True,Yes-PostRedirection,Success,Success,,,2026-08-20
2026-08-11 10:41:44,2354,Taylor Brooks,Denver,SIP_NATIONAL,TERMINATING,+13125551003,+155509998,Taylor Brooks,+155509998,rnd-752-99,CallForwardNoAnswer,User,False,Yes,Refusal,TemporarilyUnavailable,,always,2026-08-11
2026-08-07 06:31:45,2220,Jamie Ortiz,Denver,SIP_INTERNATIONAL,TERMINATING,+13125551007,+155509985,Jamie Ortiz,+155509985,rnd-753-99,CallForwardBusy,CallCenterPremium,True,Yes-PostRedirection,Success,Success,,always,2026-08-07
2026-08-27 16:06:13,1338,Jamie Ortiz,Denver,SIP_INTERNATIONAL,TERMINATING,+13125551007,+155509949,Jamie Ortiz,+155509949,rnd-754-99,CallQueue,User,True,No,Success,Success,,,2026-08-27
2026-08-19 00:49:50,632,Alex Morgan,Chicago,SIP_ENTERPRISE,TERMINATING,+13125551007,+13125551003,Jamie Ortiz,Taylor Brooks,rnd-755-99,CallForwardBusy,User,True,Yes-PostRedirection,Success,Success,,always-pause-resume,2026-08-19
2026-08-31 12:48:44,1110,Sam Chen,Chicago,SIP_INBOUND,TERMINATING,+155509941,+13125551002,+155509941,Sam Chen,rnd-756-99,CallForwardNoAnswer,User,True,Yes-PostRedirection,Success,Success,,always,2026-08-31
2026-08-09 03:32:47,104,Priya Nair,Denver,SIP_ENTERPRISE,ORIGINATING,+13125551007,+13125551004,Jamie Ortiz,Casey Rivera,rnd-757-99,ConsultativeTransfer,User,True,No,Success,Success,,,2026-08-09
2026-08-14 12:41:53,1886,Alex Morgan,Dallas,SIP_ENTERPRISE,ORIGINATING,+13125551009,+13125551004,Marcus Webb,Casey Rivera,rnd-758-99,CallForwardNoAnswer,HuntGroup,True,Yes,Success,Success,failed,always-pause-resume,2026-08-14
2026-08-14 11:27:00,1596,Taylor Brooks,Dallas,SIP_ENTERPRISE,ORIGINATING,+13125551009,+13125551006,Marcus Webb,Riley Park,rnd-759-99,CallForwardNoAnswer,CallCenterPremium,True,No,Success,Success,,always-pause-resume,2026-08-14
2026-08-09 00:20:26,2366,Riley Park,Singapore,SIP_MOBILE,ORIGINATING,+13125551006,+155509963,Riley Park,+155509963,rnd-760-99,SimultaneousRingPersonal,User,True,No,Success,Success,,always,2026-08-09
2026-08-23 15:58:58,270,Casey Rivera,Chicago,SIP_INBOUND,TERMINATING,+155509972,+13125551004,+155509972,Casey Rivera,rnd-761-99,CallForwardNoAnswer,User,True,Yes,Success,Success,,always,2026-08-23
2026-08-17 18:05:05,700,Marcus Webb,London,SIP_INBOUND,ORIGINATING,+155509965,+13125551009,+155509965,Marcus Webb,rnd-762-99,,User,True,Yes-PostRedirection,Success,Success,,always-pause-resume,2026-08-17
2026-08-20 23:32:26,284,Sam Chen,Singapore,SIP_ENTERPRISE,TERMINATING,+13125551003,+13125551008,Taylor Brooks,Priya Nair,rnd-763-99,Deflection,AutomatedAttendantVideo,True,Yes-PostRedirection,Success,Success,success,,2026-08-20
2026-08-21 14:54:17,1687,Alex Morgan,Dallas,SIP_ENTERPRISE,TERMINATING,+13125551008,+13125551004,Priya Nair,Casey Rivera,rnd-764-99,SimultaneousRingPersonal,AutomatedAttendantVideo,True,No,Success,Success,,,2026-08-21
2026-08-21 22:18:47,2216,Jamie Ortiz,London,SIP_INBOUND,ORIGINATING,+155509961,+13125551007,+155509961,Jamie Ortiz,rnd-765-99,SimultaneousRingPersonal,HuntGroup,True,Yes-PostRedirection,Success,Success,,always-pause-resume,2026-08-21
2026-08-28 01:10:48,1967,Alex Morgan,London,SIP_ENTERPRISE,TERMINATING,+13125551000,+13125551003,Alex Morgan,Taylor Brooks,rnd-766-99,Deflection,User,True,Yes,Success,Success,,,2026-08-28
2026-08-28 02:26:42,61,Jordan Lee,Chicago,SIP_ENTERPRISE,TERMINATING,+13125551005,+13125551002,Morgan Quinn,Sam Chen,rnd-767-99,,CallCenterPremium,True,No,Success,Success,,always,2026-08-28
2026-08-09 06:59:35,681,Casey Rivera,Denver,SIP_ENTERPRISE,TERMINATING,+13125551004,+13125551009,Casey Rivera,Marcus Webb,rnd-768-99,Deflection,HuntGroup,True,Yes,Success,Success,,always,2026-08-09
2026-09-01 02:53:46,1682,Casey Rivera,Dallas,SIP_ENTERPRISE,ORIGINATING,+13125551002,+13125551005,Sam Chen,Morgan Quinn,rnd-769-99,CallQueue,HuntGroup,True,Yes-PostRedirection,Success,Success,,always-pause-resume,2026-09-01
2026-09-03 10:43:54,1695,Riley Park,Chicago,SIP_INBOUND,TERMINATING,+155509951,+13125551006,+155509951,Riley Park,rnd-770-99,,User,True,Yes,Success,Success,,always,2026-09-03
2026-08-19 01:27:40,1368,Taylor Brooks,Denver,SIP_INBOUND,TERMINATING,+155509969,+13125551003,+155509969,Taylor Brooks,rnd-771-99,CallForwardNoAnswer,User,True,No,Success,Success,,,2026-08-19
2026-08-10 01:37:46,1920,Jamie Ortiz,Dallas,SIP_ENTERPRISE,TERMINATING,+13125551003,+13125551000,Taylor Brooks,Alex Morgan,rnd-772-99,,HuntGroup,True,Yes,Success,Success,,always,2026-08-10
2026-08-22 05:16:36,1349,Sam Chen,Singapore,SIP_ENTERPRISE,ORIGINATING,+13125551006,+13125551005,Riley Park,Morgan Quinn,rnd-773-99,ConsultativeTransfer,HuntGroup,True,No,Success,Success,,always-pause-resume,2026-08-22
2026-08-19 07:38:29,1453,Riley Park,Dallas,SIP_ENTERPRISE,TERMINATING,+13125551000,+13125551004,Alex Morgan,Casey Rivera,rnd-774-99,Deflection,User,True,Yes-PostRedirection,Success,Success,,always,2026-08-19
2026-08-18 06:31:59,603,Sam Chen,London,SIP_ENTERPRISE,ORIGINATING,+13125551003,+13125551004,Taylor Brooks,Casey Rivera,rnd-775-99,CallForwardBusy,User,True,No,Success,Success,,always-pause-resume,2026-08-18
2026-09-05 15:04:56,2232,Casey Rivera,Singapore,SIP_ENTERPRISE,TERMINATING,+13125551000,+13125551007,Alex Morgan,Jamie Ortiz,rnd-776-99,Deflection,User,True,Yes,Success,Success,,always-pause-resume,2026-09-05
2026-08-11 18:30:26,53,Alex Morgan,London,SIP_INTERNATIONAL,TERMINATING,+13125551000,+155509910,Alex Morgan,+155509910,rnd-777-99,CallQueue,User,True,Yes,Success,Success,,,2026-08-11
2026-08-25 17:25:38,473,Alex Morgan,Singapore,SIP_ENTERPRISE,ORIGINATING,+13125551009,+13125551003,Marcus Webb,Taylor Brooks,rnd-778-99,CallForwardNoAnswer,User,True,Yes,Success,Success,,always-pause-resume,2026-08-25
2026-08-16 06:33:01,1706,Riley Park,Dallas,SIP_ENTERPRISE,TERMINATING,+13125551002,+13125551001,Sam Chen,Jordan Lee,rnd-779-99,,User,True,Yes,Success,Success,,,2026-08-16
2026-08-28 20:29:02,1414,Riley Park,Chicago,SIP_ENTERPRISE,ORIGINATING,+13125551008,+13125551007,Priya Nair,Jamie Ortiz,rnd-780-99,CallForwardBusy,CallCenterPremium,True,No,Success,Success,,always-pause-resume,2026-08-28
2026-08-19 22:15:05,2215,Taylor Brooks,Dallas,SIP_INBOUND,ORIGINATING,+155509983,+13125551003,+155509983,Taylor Brooks,rnd-781-99,CallForwardNoAnswer,User,True,No,Success,Success,,,2026-08-19
2026-08-25 18:12:40,248,Casey Rivera,Denver,SIP_NATIONAL,ORIGINATING,+13125551004,+155509935,Casey Rivera,+155509935,rnd-782-99,HuntGroup,User,True,No,Success,Success,,always-pause-resume,2026-08-25
2026-08-30 10:53:28,1171,Jamie Ortiz,Singapore,SIP_ENTERPRISE,TERMINATING,+13125551005,+13125551002,Morgan Quinn,Sam Chen,rnd-783-99,ConsultativeTransfer,AutomatedAttendantVideo,True,Yes-PostRedirection,Success,Success,,,2026-08-30
2026-08-13 08:34:57,1409,Casey Rivera,Chicago,SIP_ENTERPRISE,ORIGINATING,+13125551006,+13125551005,Riley Park,Morgan Quinn,rnd-784-99,Deflection,User,True,No,Success,Success,,always,2026-08-13
2026-08-31 09:57:14,2278,Casey Rivera,Singapore,SIP_NATIONAL,TERMINATING,+13125551004,+155509996,Casey Rivera,+155509996,rnd-785-99,CallForwardBusy,HuntGroup,True,No,Success,Success,,always-pause-resume,2026-08-31
2026-08-26 14:58:31,1512,Morgan Quinn,Chicago,SIP_INBOUND,ORIGINATING,+155509946,+13125551005,+155509946,Morgan Quinn,rnd-786-99,Deflection,User,True,No,Success,Success,,always-pause-resume,2026-08-26
2026-08-16 03:26:20,1242,Jamie Ortiz,London,SIP_ENTERPRISE,TERMINATING,+13125551005,+13125551007,Morgan Quinn,Jamie Ortiz,rnd-787-99,SimultaneousRingPersonal,User,True,Yes-PostRedirection,Success,Success,,always,2026-08-16
2026-09-04 06:44:50,1288,Marcus Webb,Chicago,SIP_ENTERPRISE,TERMINATING,+13125551004,+13125551006,Casey Rivera,Riley Park,rnd-788-99,,User,True,Yes-PostRedirection,Success,Success,,,2026-09-04
2026-08-16 21:09:50,1864,Casey Rivera,London,SIP_NATIONAL,ORIGINATING,+13125551004,+155509966,Casey Rivera,+155509966,rnd-789-99,CallForwardBusy,AutomatedAttendantVideo,True,No,Success,Success,,,2026-08-16
2026-09-03 14:02:37,2299,Riley Park,Dallas,SIP_INTERNATIONAL,ORIGINATING,+13125551006,+155509962,Riley Park,+155509962,rnd-790-99,CallQueue,CallCenterPremium,False,Yes,Refusal,CallRejected,,,2026-09-03
2026-08-29 16:36:40,1873,Sam Chen,London,SIP_ENTERPRISE,TERMINATING,+13125551000,+13125551006,Alex Morgan,Riley Park,rnd-791-99,CallForwardBusy,HuntGroup,True,Yes-PostRedirection,Success,Success,success,always,2026-08-29
2026-08-15 07:20:29,1160,Morgan Quinn,London,SIP_ENTERPRISE,TERMINATING,+13125551009,+13125551005,Marcus Webb,Morgan Quinn,rnd-792-99,SimultaneousRingPersonal,HuntGroup,False,Yes,Refusal,CallRejected,,,2026-08-15
2026-08-10 16:55:35,1509,Sam Chen,Singapore,SIP_MOBILE,ORIGINATING,+13125551002,+155509994,Sam Chen,+155509994,rnd-793-99,CallForwardBusy,User,True,No,Success,Success,,,2026-08-10
2026-08-06 16:54:26,1009,Alex Morgan,Singapore,UNKNOWN,TERMINATING,+13125551000,+155509914,Alex Morgan,+155509914,rnd-794-99,ConsultativeTransfer,User,True,Yes-PostRedirection,Success,Success,,,2026-08-06
2026-08-27 18:16:02,1957,Taylor Brooks,Chicago,SIP_NATIONAL,TERMINATING,+13125551003,+155509995,Taylor Brooks,+155509995,rnd-795-99,ConsultativeTransfer,HuntGroup,False,Yes,Refusal,TemporarilyUnavailable,,,2026-08-27
2026-08-19 07:02:17,1550,Jordan Lee,Chicago,SIP_INTERNATIONAL,ORIGINATING,+13125551001,+155509919,Jordan Lee,+155509919,rnd-796-99,SimultaneousRingPersonal,User,True,No,Success,Success,,,2026-08-19
2026-08-12 18:04:55,1548,Priya Nair,Denver,SIP_INBOUND,ORIGINATING,+155509953,+13125551008,+155509953,Priya Nair,rnd-797-99,CallForwardBusy,CallCenterPremium,False,Yes,Refusal,UnassignedNumber,,always,2026-08-12
2026-08-20 18:59:08,2366,Sam Chen,Chicago,SIP_ENTERPRISE,ORIGINATING,+13125551004,+13125551002,Casey Rivera,Sam Chen,rnd-798-99,HuntGroup,User,True,Yes-PostRedirection,Success,Success,,,2026-08-20
2026-08-28 06:38:11,599,Jamie Ortiz,Chicago,SIP_ENTERPRISE,TERMINATING,+13125551008,+13125551004,Priya Nair,Casey Rivera,rnd-799-99,SimultaneousRingPersonal,User,False,Yes,Refusal,CallRejected,,always-pause-resume,2026-08-28
2026-08-08 07:43:16,988,Casey Rivera,London,SIP_NATIONAL,ORIGINATING,+13125551004,+155509984,Casey Rivera,+155509984,rnd-800-99,SimultaneousRingPersonal,HuntGroup,True,No,Success,Success,,always-pause-resume,2026-08-08
2026-08-10 07:03:28,1057,Riley Park,Dallas,SIP_INBOUND,ORIGINATING,+155509916,+13125551006,+155509916,Riley Park,rnd-801-99,SimultaneousRingPersonal,AutomatedAttendantVideo,True,Yes,Success,Success,,always-pause-resume,2026-08-10
2026-08-12 11:38:00,180,Casey Rivera,Denver,SIP_ENTERPRISE,TERMINATING,+13125551002,+13125551000,Sam Chen,Alex Morgan,rnd-802-99,CallQueue,User,False,No,Refusal,CallRejected,,always,2026-08-12
2026-08-26 11:14:58,257,Priya Nair,Denver,SIP_ENTERPRISE,ORIGINATING,+13125551005,+13125551002,Morgan Quinn,Sam Chen,rnd-803-99,SimultaneousRingPersonal,User,True,No,Success,Success,,always-pause-resume,2026-08-26
2026-08-31 05:34:28,2216,Jordan Lee,London,SIP_ENTERPRISE,ORIGINATING,+13125551003,+13125551001,Taylor Brooks,Jordan Lee,rnd-804-99,HuntGroup,CallCenterPremium,False,Yes,Refusal,CallRejected,,always-pause-resume,2026-08-31
2026-08-18 22:01:33,1795,Casey Rivera,Chicago,SIP_INTERNATIONAL,TERMINATING,+13125551004,+155509915,Casey Rivera,+155509915,rnd-805-99,Deflection,User,True,No,Success,Success,,,2026-08-18
2026-08-08 19:51:11,406,Taylor Brooks,Denver,SIP_ENTERPRISE,TERMINATING,+13125551003,+13125551004,Taylor Brooks,Casey Rivera,rnd-806-99,ConsultativeTransfer,AutomatedAttendantVideo,True,Yes-PostRedirection,Success,Success,,always-pause-resume,2026-08-08
2026-08-06 21:38:10,1279,Riley Park,Singapore,SIP_INBOUND,TERMINATING,+155509984,+13125551006,+155509984,Riley Park,rnd-807-99,,User,True,Yes,Success,Success,,always,2026-08-06
2026-08-19 08:16:08,1615,Priya Nair,Singapore,SIP_ENTERPRISE,TERMINATING,+13125551003,+13125551008,Taylor Brooks,Priya Nair,rnd-808-99,Deflection,User,True,Yes-PostRedirection,Success,Success,,always-pause-resume,2026-08-19
2026-08-09 04:19:09,1037,Marcus Webb,London,SIP_ENTERPRISE,TERMINATING,+13125551003,+13125551008,Taylor Brooks,Priya Nair,rnd-809-99,CallForwardBusy,AutomatedAttendantVideo,True,Yes-PostRedirection,Success,Success,,always,2026-08-09
2026-08-17 20:22:05,1328,Morgan Quinn,London,SIP_NATIONAL,TERMINATING,+13125551005,+155509953,Morgan Quinn,+155509953,rnd-810-99,ConsultativeTransfer,User,True,Yes,Success,Success,success,always-pause-resume,2026-08-17
2026-08-07 07:56:38,101,Alex Morgan,Chicago,SIP_ENTERPRISE,TERMINATING,+13125551007,+13125551004,Jamie Ortiz,Casey Rivera,rnd-811-99,ConsultativeTransfer,User,True,Yes,Success,Success,,,2026-08-07
2026-08-06 21:05:53,1570,Jamie Ortiz,Denver,SIP_MOBILE,ORIGINATING,+13125551007,+155509983,Jamie Ortiz,+155509983,rnd-812-99,Deflection,User,True,Yes-PostRedirection,Success,Success,,,2026-08-06
2026-08-10 22:47:12,665,Taylor Brooks,Chicago,SIP_INTERNATIONAL,ORIGINATING,+13125551003,+155509937,Taylor Brooks,+155509937,rnd-813-99,CallForwardNoAnswer,User,True,No,Success,Success,,always,2026-08-10
2026-08-23 11:21:14,2311,Alex Morgan,Denver,SIP_ENTERPRISE,ORIGINATING,+13125551002,+13125551005,Sam Chen,Morgan Quinn,rnd-814-99,,User,True,Yes-PostRedirection,Success,Success,,always-pause-resume,2026-08-23
2026-08-15 10:58:55,2259,Riley Park,Denver,SIP_ENTERPRISE,ORIGINATING,+13125551009,+13125551001,Marcus Webb,Jordan Lee,rnd-815-99,CallForwardBusy,User,True,Yes-PostRedirection,Success,Success,,always-pause-resume,2026-08-15
2026-08-10 21:24:55,403,Priya Nair,Singapore,SIP_MOBILE,TERMINATING,+13125551008,+155509925,Priya Nair,+155509925,rnd-816-99,CallForwardNoAnswer,User,True,Yes-PostRedirection,Success,Success,,,2026-08-10
2026-08-21 21:08:21,157,Taylor Brooks,Denver,SIP_ENTERPRISE,ORIGINATING,+13125551002,+13125551006,Sam Chen,Riley Park,rnd-817-99,SimultaneousRingPersonal,User,True,Yes-PostRedirection,Success,Success,,,2026-08-21
2026-08-24 06:04:12,961,Jordan Lee,Denver,SIP_ENTERPRISE,TERMINATING,+13125551001,+13125551002,Jordan Lee,Sam Chen,rnd-818-99,CallForwardBusy,AutomatedAttendantVideo,True,Yes-PostRedirection,Success,Success,,always,2026-08-24
2026-08-11 14:41:15,1260,Priya Nair,Denver,SIP_NATIONAL,ORIGINATING,+13125551008,+155509926,Priya Nair,+155509926,rnd-819-99,HuntGroup,AutomatedAttendantVideo,True,Yes-PostRedirection,Success,Success,success,always,2026-08-11
2026-08-17 14:36:16,603,Priya Nair,Chicago,SIP_ENTERPRISE,ORIGINATING,+13125551008,+13125551006,Priya Nair,Riley Park,rnd-820-99,Deflection,HuntGroup,True,Yes-PostRedirection,Success,Success,,,2026-08-17
2026-08-22 02:23:50,1643,Priya Nair,London,SIP_ENTERPRISE,ORIGINATING,+13125551008,+13125551007,Priya Nair,Jamie Ortiz,rnd-821-99,CallForwardNoAnswer,AutomatedAttendantVideo,True,Yes-PostRedirection,Success,Success,,always,2026-08-22
2026-08-29 07:57:35,1552,Taylor Brooks,London,SIP_ENTERPRISE,TERMINATING,+13125551002,+13125551007,Sam Chen,Jamie Ortiz,rnd-822-99,,CallCenterPremium,True,Yes,Success,Success,,always,2026-08-29
2026-08-27 01:35:37,1563,Morgan Quinn,London,SIP_ENTERPRISE,TERMINATING,+13125551005,+13125551000,Morgan Quinn,Alex Morgan,rnd-823-99,CallForwardNoAnswer,CallCenterPremium,True,Yes-PostRedirection,Success,Success,,always,2026-08-27
2026-08-26 05:56:02,1181,Jordan Lee,Singapore,SIP_ENTERPRISE,TERMINATING,+13125551004,+13125551000,Casey Rivera,Alex Morgan,rnd-824-99,Deflection,CallCenterPremium,True,Yes-PostRedirection,Success,Success,,,2026-08-26
2026-08-31 23:22:32,2332,Alex Morgan,Dallas,SIP_ENTERPRISE,ORIGINATING,+13125551006,+13125551000,Riley Park,Alex Morgan,rnd-825-99,Deflection,CallCenterPremium,True,Yes,Success,Success,success,always,2026-08-31
2026-08-08 04:12:59,2076,Casey Rivera,Dallas,SIP_INTERNATIONAL,TERMINATING,+13125551004,+155509990,Casey Rivera,+155509990,rnd-826-99,CallForwardNoAnswer,AutomatedAttendantVideo,True,No,Success,Success,,,2026-08-08
2026-08-20 11:15:53,161,Jordan Lee,Dallas,SIP_INBOUND,TERMINATING,+155509913,+13125551001,+155509913,Jordan Lee,rnd-827-99,Deflection,User,True,Yes-PostRedirection,Success,Success,,,2026-08-20
2026-08-08 20:26:40,250,Riley Park,Dallas,SIP_INBOUND,ORIGINATING,+155509932,+13125551006,+155509932,Riley Park,rnd-828-99,Deflection,HuntGroup,True,Yes,Success,Success,,always-pause-resume,2026-08-08
2026-08-08 21:30:07,1498,Sam Chen,London,SIP_ENTERPRISE,TERMINATING,+13125551008,+13125551005,Priya Nair,Morgan Quinn,rnd-829-99,SimultaneousRingPersonal,User,True,Yes-PostRedirection,Success,Success,,always-pause-resume,2026-08-08
2026-08-16 12:34:56,943,Alex Morgan,Chicago,SIP_ENTERPRISE,TERMINATING,+13125551004,+13125551001,Casey Rivera,Jordan Lee,rnd-830-99,SimultaneousRingPersonal,User,True,Yes,Success,Success,,always,2026-08-16
2026-08-13 06:29:24,1165,Priya Nair,Chicago,SIP_ENTERPRISE,TERMINATING,+13125551004,+13125551005,Casey Rivera,Morgan Quinn,rnd-831-99,CallForwardNoAnswer,CallCenterPremium,True,Yes,Success,Success,,,2026-08-13
2026-09-03 06:16:31,1087,Alex Morgan,Singapore,SIP_NATIONAL,ORIGINATING,+13125551000,+155509934,Alex Morgan,+155509934,rnd-832-99,CallForwardNoAnswer,User,False,Yes,Refusal,CallRejected,failed,,2026-09-03
2026-09-02 15:01:58,1328,Jamie Ortiz,Dallas,SIP_NATIONAL,ORIGINATING,+13125551007,+155509960,Jamie Ortiz,+155509960,rnd-833-99,,HuntGroup,True,No,Success,Success,,always-pause-resume,2026-09-02
2026-08-08 15:16:42,450,Taylor Brooks,Dallas,SIP_NATIONAL,ORIGINATING,+13125551003,+155509980,Taylor Brooks,+155509980,rnd-834-99,HuntGroup,AutomatedAttendantVideo,False,Yes-PostRedirection,Refusal,TemporarilyUnavailable,,,2026-08-08
2026-08-19 15:47:13,0,Morgan Quinn,Chicago,SIP_INTERNATIONAL,TERMINATING,+13125551005,+155509974,Morgan Quinn,+155509974,rnd-835-99,SimultaneousRingPersonal,User,True,Yes,Success,Success,,always,2026-08-19
2026-08-30 13:21:16,348,Marcus Webb,London,SIP_ENTERPRISE,TERMINATING,+13125551002,+13125551007,Sam Chen,Jamie Ortiz,rnd-836-99,CallQueue,HuntGroup,True,Yes,Success,Success,,always,2026-08-30
2026-08-21 11:47:46,1477,Jamie Ortiz,Singapore,SIP_ENTERPRISE,TERMINATING,+13125551005,+13125551003,Morgan Quinn,Taylor Brooks,rnd-837-99,,HuntGroup,True,No,Success,Success,,always,2026-08-21
2026-08-12 11:17:28,26,Priya Nair,Chicago,SIP_ENTERPRISE,ORIGINATING,+13125551000,+13125551004,Alex Morgan,Casey Rivera,rnd-838-99,ConsultativeTransfer,CallCenterPremium,True,Yes-PostRedirection,Success,Success,,always-pause-resume,2026-08-12
2026-08-27 06:19:37,113,Taylor Brooks,Denver,SIP_ENTERPRISE,TERMINATING,+13125551002,+13125551003,Sam Chen,Taylor Brooks,rnd-839-99,,AutomatedAttendantVideo,True,No,Success,Success,success,always,2026-08-27
2026-08-18 08:53:37,184,Riley Park,London,SIP_NATIONAL,ORIGINATING,+13125551006,+155509993,Riley Park,+155509993,rnd-840-99,CallQueue,CallCenterPremium,True,Yes-PostRedirection,Success,Success,success,always,2026-08-18
2026-08-11 11:29:18,1587,Priya Nair,Denver,SIP_INBOUND,TERMINATING,+155509961,+13125551008,+155509961,Priya Nair,rnd-841-99,ConsultativeTransfer,User,True,Yes-PostRedirection,Success,Success,success,always-pause-resume,2026-08-11
2026-08-17 02:50:17,625,Morgan Quinn,Dallas,SIP_INTERNATIONAL,ORIGINATING,+13125551005,+155509917,Morgan Quinn,+155509917,rnd-842-99,CallQueue,User,True,Yes,Success,Success,,,2026-08-17
2026-09-02 12:02:14,454,Morgan Quinn,London,SIP_INBOUND,ORIGINATING,+155509911,+13125551005,+155509911,Morgan Quinn,rnd-843-99,CallForwardNoAnswer,User,False,Yes-PostRedirection,Refusal,TemporarilyUnavailable,,,2026-09-02
2026-08-24 23:20:01,450,Priya Nair,Dallas,SIP_ENTERPRISE,TERMINATING,+13125551006,+13125551005,Riley Park,Morgan Quinn,rnd-844-99,Deflection,CallCenterPremium,True,No,Success,Success,,always-pause-resume,2026-08-24
2026-08-31 12:28:02,943,Alex Morgan,London,SIP_MOBILE,ORIGINATING,+13125551000,+155509946,Alex Morgan,+155509946,rnd-845-99,CallQueue,CallCenterPremium,True,Yes-PostRedirection,Success,Success,,,2026-08-31
2026-08-20 19:24:30,1396,Morgan Quinn,Denver,SIP_ENTERPRISE,TERMINATING,+13125551004,+13125551006,Casey Rivera,Riley Park,rnd-846-99,,AutomatedAttendantVideo,True,Yes-PostRedirection,Success,Success,,always-pause-resume,2026-08-20
2026-08-27 18:53:30,631,Alex Morgan,Chicago,SIP_ENTERPRISE,ORIGINATING,+13125551009,+13125551008,Marcus Webb,Priya Nair,rnd-847-99,CallForwardNoAnswer,HuntGroup,True,Yes-PostRedirection,Success,Success,,always-pause-resume,2026-08-27
2026-08-21 20:40:01,1798,Riley Park,Denver,SIP_MOBILE,ORIGINATING,+13125551006,+155509984,Riley Park,+155509984,rnd-848-99,CallForwardBusy,User,True,Yes-PostRedirection,Success,Success,,always,2026-08-21
2026-08-08 14:10:59,1134,Priya Nair,Chicago,SIP_NATIONAL,ORIGINATING,+13125551008,+155509990,Priya Nair,+155509990,rnd-849-99,Deflection,HuntGroup,True,Yes,Success,Success,,always,2026-08-08
2026-08-21 08:56:09,981,Taylor Brooks,London,SIP_NATIONAL,ORIGINATING,+13125551003,+155509982,Taylor Brooks,+155509982,rnd-850-99,CallForwardNoAnswer,HuntGroup,True,Yes-PostRedirection,Success,Success,,,2026-08-21
2026-08-25 07:02:51,984,Jordan Lee,Singapore,SIP_INBOUND,ORIGINATING,+155509965,+13125551001,+155509965,Jordan Lee,rnd-851-99,SimultaneousRingPersonal,AutomatedAttendantVideo,True,No,Success,Success,,always,2026-08-25
2026-08-08 03:55:19,851,Jamie Ortiz,Chicago,SIP_ENTERPRISE,TERMINATING,+13125551003,+13125551001,Taylor Brooks,Jordan Lee,rnd-852-99,ConsultativeTransfer,User,True,Yes-PostRedirection,Success,Success,success,always,2026-08-08
2026-09-01 01:00:22,357,Priya Nair,Singapore,SIP_NATIONAL,TERMINATING,+13125551008,+155509991,Priya Nair,+155509991,rnd-853-99,CallForwardBusy,AutomatedAttendantVideo,False,No,Refusal,TemporarilyUnavailable,,always-pause-resume,2026-09-01
2026-08-06 19:50:05,1101,Alex Morgan,Singapore,SIP_ENTERPRISE,TERMINATING,+13125551009,+13125551008,Marcus Webb,Priya Nair,rnd-854-99,CallForwardBusy,HuntGroup,True,No,Success,Success,,always-pause-resume,2026-08-06
2026-08-23 22:50:33,406,Casey Rivera,Chicago,SIP_ENTERPRISE,TERMINATING,+13125551004,+13125551003,Casey Rivera,Taylor Brooks,rnd-855-99,CallQueue,CallCenterPremium,True,Yes-PostRedirection,Success,Success,,always-pause-resume,2026-08-23
2026-09-03 05:33:19,2002,Riley Park,Dallas,SIP_MOBILE,ORIGINATING,+13125551006,+155509990,Riley Park,+155509990,rnd-856-99,CallForwardNoAnswer,User,True,Yes,Success,Success,,always,2026-09-03
2026-08-07 04:19:28,846,Jordan Lee,Chicago,SIP_INBOUND,ORIGINATING,+155509977,+13125551001,+155509977,Jordan Lee,rnd-857-99,Deflection,AutomatedAttendantVideo,True,Yes-PostRedirection,Success,Success,,always-pause-resume,2026-08-07
2026-09-05 09:18:43,2355,Alex Morgan,London,SIP_INBOUND,TERMINATING,+155509927,+13125551000,+155509927,Alex Morgan,rnd-858-99,CallForwardNoAnswer,User,True,Yes-PostRedirection,Success,Success,success,always-pause-resume,2026-09-05
2026-08-16 15:45:40,2225,Sam Chen,Denver,SIP_ENTERPRISE,ORIGINATING,+13125551007,+13125551002,Jamie Ortiz,Sam Chen,rnd-859-99,CallForwardNoAnswer,User,True,Yes-PostRedirection,Success,Success,,,2026-08-16
2026-08-13 12:43:43,1796,Taylor Brooks,Dallas,SIP_ENTERPRISE,ORIGINATING,+13125551003,+13125551008,Taylor Brooks,Priya Nair,rnd-860-99,,HuntGroup,True,Yes-PostRedirection,Success,Success,,always-pause-resume,2026-08-13
2026-08-17 04:07:42,1342,Alex Morgan,Chicago,SIP_ENTERPRISE,TERMINATING,+13125551006,+13125551009,Riley Park,Marcus Webb,rnd-861-99,SimultaneousRingPersonal,User,False,No,Refusal,CallRejected,,always-pause-resume,2026-08-17
2026-08-25 01:33:54,519,Sam Chen,London,SIP_INBOUND,ORIGINATING,+155509954,+13125551002,+155509954,Sam Chen,rnd-862-99,CallForwardNoAnswer,User,True,No,Success,Success,,always,2026-08-25
2026-08-20 16:21:29,627,Jamie Ortiz,Singapore,SIP_INBOUND,ORIGINATING,+155509971,+13125551007,+155509971,Jamie Ortiz,rnd-863-99,CallQueue,User,True,Yes,Success,Success,,always-pause-resume,2026-08-20
2026-08-20 03:21:32,1768,Taylor Brooks,London,SIP_ENTERPRISE,ORIGINATING,+13125551000,+13125551006,Alex Morgan,Riley Park,rnd-864-99,Deflection,User,True,Yes,Success,Success,,always,2026-08-20
2026-08-25 06:07:09,1505,Morgan Quinn,Denver,SIP_NATIONAL,ORIGINATING,+13125551005,+155509965,Morgan Quinn,+155509965,rnd-865-99,,AutomatedAttendantVideo,False,Yes-PostRedirection,Refusal,CallRejected,,,2026-08-25
2026-08-11 00:29:29,552,Priya Nair,Singapore,SIP_ENTERPRISE,TERMINATING,+13125551009,+13125551001,Marcus Webb,Jordan Lee,rnd-866-99,Deflection,HuntGroup,True,Yes,Success,Success,,,2026-08-11
2026-08-26 02:30:14,1600,Riley Park,Dallas,SIP_INBOUND,TERMINATING,+155509931,+13125551006,+155509931,Riley Park,rnd-867-99,SimultaneousRingPersonal,User,False,Yes,Refusal,CallRejected,,always,2026-08-26
2026-08-17 05:22:48,682,Marcus Webb,Singapore,SIP_NATIONAL,ORIGINATING,+13125551009,+155509912,Marcus Webb,+155509912,rnd-868-99,,AutomatedAttendantVideo,True,No,Success,Success,,always-pause-resume,2026-08-17
2026-08-21 12:33:49,1295,Priya Nair,Dallas,SIP_ENTERPRISE,TERMINATING,+13125551001,+13125551006,Jordan Lee,Riley Park,rnd-869-99,CallForwardNoAnswer,CallCenterPremium,True,Yes,Success,Success,,always,2026-08-21
2026-08-08 21:58:12,536,Jamie Ortiz,Denver,SIP_NATIONAL,ORIGINATING,+13125551007,+155509915,Jamie Ortiz,+155509915,rnd-870-99,SimultaneousRingPersonal,User,True,Yes-PostRedirection,Success,Success,,always,2026-08-08
2026-08-12 18:48:24,1812,Priya Nair,Dallas,SIP_ENTERPRISE,TERMINATING,+13125551009,+13125551003,Marcus Webb,Taylor Brooks,rnd-871-99,HuntGroup,User,False,Yes,Refusal,TemporarilyUnavailable,,always-pause-resume,2026-08-12
2026-08-28 20:03:42,2261,Jamie Ortiz,Dallas,SIP_ENTERPRISE,TERMINATING,+13125551004,+13125551006,Casey Rivera,Riley Park,rnd-872-99,ConsultativeTransfer,User,True,Yes-PostRedirection,Success,Success,,always,2026-08-28
2026-08-27 03:13:22,1721,Priya Nair,Singapore,SIP_ENTERPRISE,TERMINATING,+13125551007,+13125551002,Jamie Ortiz,Sam Chen,rnd-873-99,CallQueue,CallCenterPremium,True,Yes-PostRedirection,Success,Success,,,2026-08-27
2026-08-09 22:21:30,619,Sam Chen,Denver,SIP_ENTERPRISE,TERMINATING,+13125551000,+13125551005,Alex Morgan,Morgan Quinn,rnd-874-99,,CallCenterPremium,True,Yes,Success,Success,,always-pause-resume,2026-08-09
2026-08-27 22:41:23,1407,Jordan Lee,Denver,SIP_NATIONAL,TERMINATING,+13125551001,+155509997,Jordan Lee,+155509997,rnd-875-99,CallForwardNoAnswer,User,True,Yes-PostRedirection,Success,Success,success,,2026-08-27
2026-08-29 12:29:39,1467,Alex Morgan,Chicago,SIP_ENTERPRISE,ORIGINATING,+13125551009,+13125551004,Marcus Webb,Casey Rivera,rnd-876-99,CallForwardBusy,User,False,Yes,Refusal,UnassignedNumber,,,2026-08-29
2026-08-06 11:16:13,1099,Alex Morgan,Denver,SIP_ENTERPRISE,TERMINATING,+13125551004,+13125551006,Casey Rivera,Riley Park,rnd-877-99,,User,True,Yes,Success,Success,,always,2026-08-06
2026-09-02 14:00:39,13,Alex Morgan,Singapore,SIP_ENTERPRISE,TERMINATING,+13125551008,+13125551000,Priya Nair,Alex Morgan,rnd-878-99,,User,True,Yes,Success,Success,,always-pause-resume,2026-09-02
2026-08-17 17:57:34,164,Sam Chen,London,SIP_ENTERPRISE,ORIGINATING,+13125551007,+13125551004,Jamie Ortiz,Casey Rivera,rnd-879-99,HuntGroup,User,True,Yes-PostRedirection,Success,Success,,,2026-08-17
2026-09-01 00:52:58,1858,Taylor Brooks,London,SIP_ENTERPRISE,TERMINATING,+13125551004,+13125551001,Casey Rivera,Jordan Lee,rnd-880-99,CallForwardBusy,CallCenterPremium,False,Yes-PostRedirection,Refusal,TemporarilyUnavailable,,,2026-09-01
2026-09-01 18:20:31,1424,Jamie Ortiz,Denver,SIP_ENTERPRISE,TERMINATING,+13125551009,+13125551000,Marcus Webb,Alex Morgan,rnd-881-99,CallForwardNoAnswer,HuntGroup,True,Yes,Success,Success,,always-pause-resume,2026-09-01
2026-08-18 23:04:23,2326,Morgan Quinn,London,SIP_ENTERPRISE,TERMINATING,+13125551001,+13125551008,Jordan Lee,Priya Nair,rnd-882-99,Deflection,User,True,Yes-PostRedirection,Success,Success,,,2026-08-18
2026-09-02 15:30:00,226,Sam Chen,Denver,SIP_NATIONAL,ORIGINATING,+13125551002,+155509911,Sam Chen,+155509911,rnd-883-99,,CallCenterPremium,True,Yes,Success,Success,,always-pause-resume,2026-09-02
2026-08-14 10:58:02,671,Casey Rivera,Denver,SIP_ENTERPRISE,TERMINATING,+13125551008,+13125551000,Priya Nair,Alex Morgan,rnd-884-99,CallForwardNoAnswer,CallCenterPremium,False,Yes,Refusal,CallRejected,,,2026-08-14
2026-08-08 07:03:09,2300,Riley Park,London,SIP_ENTERPRISE,TERMINATING,+13125551008,+13125551002,Priya Nair,Sam Chen,rnd-885-99,Deflection,User,True,Yes-PostRedirection,Success,Success,,always-pause-resume,2026-08-08
2026-08-13 08:39:10,2033,Alex Morgan,Denver,SIP_NATIONAL,ORIGINATING,+13125551000,+155509980,Alex Morgan,+155509980,rnd-886-99,HuntGroup,CallCenterPremium,True,No,Success,Success,,always-pause-resume,2026-08-13
2026-08-13 07:29:10,0,Riley Park,Singapore,SIP_INTERNATIONAL,ORIGINATING,+13125551006,+155509991,Riley Park,+155509991,rnd-887-99,HuntGroup,User,False,Yes,Refusal,TemporarilyUnavailable,,always-pause-resume,2026-08-13
2026-08-23 01:51:20,1350,Riley Park,Chicago,SIP_NATIONAL,ORIGINATING,+13125551006,+155509976,Riley Park,+155509976,rnd-888-99,HuntGroup,User,True,Yes-PostRedirection,Success,Success,,,2026-08-23
2026-08-22 07:19:07,813,Sam Chen,London,SIP_MOBILE,ORIGINATING,+13125551002,+155509948,Sam Chen,+155509948,rnd-889-99,CallQueue,CallCenterPremium,True,No,Success,Success,,,2026-08-22
2026-08-23 21:48:45,925,Taylor Brooks,Denver,SIP_INBOUND,ORIGINATING,+155509950,+13125551003,+155509950,Taylor Brooks,rnd-890-99,SimultaneousRingPersonal,CallCenterPremium,True,No,Success,Success,,,2026-08-23
2026-08-21 23:40:50,1450,Marcus Webb,Chicago,SIP_NATIONAL,ORIGINATING,+13125551009,+155509950,Marcus Webb,+155509950,rnd-891-99,CallForwardNoAnswer,User,True,Yes,Success,Success,,always,2026-08-21
2026-09-05 11:32:40,1597,Taylor Brooks,Denver,SIP_ENTERPRISE,ORIGINATING,+13125551008,+13125551000,Priya Nair,Alex Morgan,rnd-892-99,CallForwardNoAnswer,User,True,Yes,Success,Success,,,2026-09-05
2026-08-26 06:24:50,827,Riley Park,Dallas,SIP_NATIONAL,TERMINATING,+13125551006,+155509941,Riley Park,+155509941,rnd-893-99,ConsultativeTransfer,User,True,Yes,Success,Success,,always-pause-resume,2026-08-26
2026-08-16 04:08:33,1767,Sam Chen,Denver,SIP_ENTERPRISE,ORIGINATING,+13125551002,+13125551008,Sam Chen,Priya Nair,rnd-894-99,CallForwardNoAnswer,User,False,Yes-PostRedirection,Refusal,TemporarilyUnavailable,,always-pause-resume,2026-08-16
2026-08-30 21:31:34,1753,Sam Chen,Denver,SIP_ENTERPRISE,ORIGINATING,+13125551007,+13125551002,Jamie Ortiz,Sam Chen,rnd-895-99,ConsultativeTransfer,CallCenterPremium,True,Yes,Success,Success,,always-pause-resume,2026-08-30
2026-08-28 12:21:27,997,Marcus Webb,Singapore,UNKNOWN,TERMINATING,+13125551009,+155509978,Marcus Webb,+155509978,rnd-896-99,HuntGroup,User,True,Yes,Success,Success,,,2026-08-28
2026-08-09 11:05:40,2305,Casey Rivera,London,SIP_MOBILE,ORIGINATING,+13125551004,+155509971,Casey Rivera,+155509971,rnd-897-99,Deflection,User,True,Yes,Success,Success,,always-pause-resume,2026-08-09
2026-08-20 07:13:23,1496,Jordan Lee,Chicago,SIP_ENTERPRISE,TERMINATING,+13125551003,+13125551004,Taylor Brooks,Casey Rivera,rnd-898-99,CallForwardNoAnswer,HuntGroup,True,No,Success,Success,,always,2026-08-20
2026-08-26 02:17:58,497,Riley Park,Dallas,SIP_ENTERPRISE,TERMINATING,+13125551003,+13125551009,Taylor Brooks,Marcus Webb,rnd-899-99,ConsultativeTransfer,User,False,Yes,Refusal,CallRejected,,,2026-08-26
2026-09-04 18:47:01,1279,Casey Rivera,Chicago,SIP_ENTERPRISE,TERMINATING,+13125551002,+13125551003,Sam Chen,Taylor Brooks,rnd-900-99,CallForwardNoAnswer,User,True,No,Success,Success,,always-pause-resume,2026-09-04
2026-08-21 20:30:17,1850,Taylor Brooks,Singapore,SIP_ENTERPRISE,ORIGINATING,+13125551009,+13125551007,Marcus Webb,Jamie Ortiz,rnd-901-99,HuntGroup,User,False,No,Refusal,CallRejected,,always,2026-08-21
2026-08-17 10:55:09,203,Jamie Ortiz,Dallas,SIP_ENTERPRISE,ORIGINATING,+13125551005,+13125551008,Morgan Quinn,Priya Nair,rnd-902-99,Deflection,User,True,Yes,Success,Success,,always,2026-08-17
2026-08-31 06:24:49,2391,Jamie Ortiz,Chicago,SIP_MOBILE,ORIGINATING,+13125551007,+155509938,Jamie Ortiz,+155509938,rnd-903-99,CallQueue,User,True,No,Success,Success,,always-pause-resume,2026-08-31
2026-08-10 05:52:44,2304,Taylor Brooks,Singapore,SIP_INBOUND,ORIGINATING,+155509919,+13125551003,+155509919,Taylor Brooks,rnd-904-99,CallForwardNoAnswer,User,True,No,Success,Success,,always-pause-resume,2026-08-10
2026-08-21 00:20:24,1382,Taylor Brooks,Denver,SIP_ENTERPRISE,TERMINATING,+13125551004,+13125551002,Casey Rivera,Sam Chen,rnd-905-99,SimultaneousRingPersonal,HuntGroup,True,No,Success,Success,,always-pause-resume,2026-08-21
2026-08-28 06:46:04,1343,Marcus Webb,Dallas,SIP_NATIONAL,ORIGINATING,+13125551009,+155509940,Marcus Webb,+155509940,rnd-906-99,CallForwardNoAnswer,HuntGroup,True,No,Success,Success,,always-pause-resume,2026-08-28
2026-08-19 23:54:42,1118,Priya Nair,Singapore,SIP_ENTERPRISE,TERMINATING,+13125551008,+13125551001,Priya Nair,Jordan Lee,rnd-907-99,CallForwardNoAnswer,User,True,Yes-PostRedirection,Success,Success,,always-pause-resume,2026-08-19
2026-08-09 07:44:57,1658,Morgan Quinn,London,SIP_ENTERPRISE,ORIGINATING,+13125551009,+13125551002,Marcus Webb,Sam Chen,rnd-908-99,Deflection,User,False,Yes-PostRedirection,Refusal,TemporarilyUnavailable,,always,2026-08-09
2026-08-26 08:48:58,612,Morgan Quinn,Singapore,SIP_MOBILE,ORIGINATING,+13125551005,+155509914,Morgan Quinn,+155509914,rnd-909-99,SimultaneousRingPersonal,CallCenterPremium,True,No,Success,Success,,always,2026-08-26
2026-08-25 12:56:34,1842,Priya Nair,Singapore,SIP_SHORTCODE,TERMINATING,+13125551008,+155509935,Priya Nair,+155509935,rnd-910-99,CallForwardNoAnswer,CallCenterPremium,True,No,Success,Success,,always-pause-resume,2026-08-25
2026-08-30 10:04:02,1692,Jamie Ortiz,London,SIP_NATIONAL,ORIGINATING,+13125551007,+155509942,Jamie Ortiz,+155509942,rnd-911-99,ConsultativeTransfer,CallCenterPremium,True,No,Success,Success,success,always,2026-08-30
2026-08-09 07:38:28,884,Morgan Quinn,London,SIP_ENTERPRISE,TERMINATING,+13125551000,+13125551003,Alex Morgan,Taylor Brooks,rnd-912-99,CallForwardNoAnswer,AutomatedAttendantVideo,True,Yes,Success,Success,,,2026-08-09
2026-08-27 10:26:43,1046,Riley Park,Denver,SIP_ENTERPRISE,ORIGINATING,+13125551005,+13125551002,Morgan Quinn,Sam Chen,rnd-913-99,ConsultativeTransfer,User,True,Yes,Success,Success,,,2026-08-27
2026-08-27 12:14:03,968,Marcus Webb,London,SIP_INBOUND,TERMINATING,+155509969,+13125551009,+155509969,Marcus Webb,rnd-914-99,SimultaneousRingPersonal,HuntGroup,True,Yes,Success,Success,,always,2026-08-27
2026-08-21 03:59:28,1879,Sam Chen,Denver,SIP_NATIONAL,ORIGINATING,+13125551002,+155509997,Sam Chen,+155509997,rnd-915-99,HuntGroup,HuntGroup,True,Yes-PostRedirection,Success,Success,,,2026-08-21
2026-08-25 13:40:37,69,Priya Nair,Dallas,SIP_INBOUND,TERMINATING,+155509929,+13125551008,+155509929,Priya Nair,rnd-916-99,CallForwardBusy,CallCenterPremium,True,No,Success,Success,,always,2026-08-25
2026-09-05 22:25:56,1891,Sam Chen,London,SIP_INTERNATIONAL,ORIGINATING,+13125551002,+155509921,Sam Chen,+155509921,rnd-917-99,CallQueue,User,True,Yes-PostRedirection,Success,Success,,always-pause-resume,2026-09-05
2026-08-06 11:17:48,657,Marcus Webb,Singapore,SIP_ENTERPRISE,ORIGINATING,+13125551000,+13125551004,Alex Morgan,Casey Rivera,rnd-918-99,HuntGroup,User,True,No,Success,Success,,,2026-08-06
2026-08-19 03:33:10,272,Alex Morgan,London,SIP_ENTERPRISE,TERMINATING,+13125551008,+13125551001,Priya Nair,Jordan Lee,rnd-919-99,CallForwardNoAnswer,User,True,Yes-PostRedirection,Success,Success,,always,2026-08-19
2026-08-06 17:27:34,1969,Morgan Quinn,Denver,SIP_MOBILE,TERMINATING,+13125551005,+155509915,Morgan Quinn,+155509915,rnd-920-99,SimultaneousRingPersonal,User,True,Yes-PostRedirection,Success,Success,,always,2026-08-06
2026-08-29 21:57:41,1768,Casey Rivera,Singapore,SIP_ENTERPRISE,TERMINATING,+13125551007,+13125551003,Jamie Ortiz,Taylor Brooks,rnd-921-99,SimultaneousRingPersonal,User,True,Yes,Success,Success,,,2026-08-29
2026-09-03 07:22:51,487,Riley Park,Singapore,SIP_MOBILE,ORIGINATING,+13125551006,+155509918,Riley Park,+155509918,rnd-922-99,HuntGroup,User,True,Yes,Success,Success,success,always,2026-09-03
2026-08-30 23:25:46,1902,Alex Morgan,Singapore,SIP_ENTERPRISE,ORIGINATING,+13125551006,+13125551000,Riley Park,Alex Morgan,rnd-923-99,SimultaneousRingPersonal,CallCenterPremium,True,No,Success,Success,,always-pause-resume,2026-08-30
2026-08-28 00:09:48,1132,Jamie Ortiz,Singapore,SIP_MOBILE,TERMINATING,+13125551007,+155509930,Jamie Ortiz,+155509930,rnd-924-99,HuntGroup,AutomatedAttendantVideo,True,Yes,Success,Success,,,2026-08-28
2026-08-20 04:11:21,1205,Morgan Quinn,London,SIP_ENTERPRISE,TERMINATING,+13125551008,+13125551003,Priya Nair,Taylor Brooks,rnd-925-99,HuntGroup,CallCenterPremium,True,No,Success,Success,,always-pause-resume,2026-08-20
2026-09-03 12:49:15,1994,Casey Rivera,Chicago,SIP_MOBILE,TERMINATING,+13125551004,+155509985,Casey Rivera,+155509985,rnd-926-99,ConsultativeTransfer,AutomatedAttendantVideo,True,No,Success,Success,,always,2026-09-03
2026-08-13 06:06:37,384,Riley Park,Denver,SIP_MOBILE,ORIGINATING,+13125551006,+155509910,Riley Park,+155509910,rnd-927-99,,HuntGroup,True,Yes,Success,Success,success,always-pause-resume,2026-08-13
2026-08-18 19:22:14,2304,Casey Rivera,Denver,SIP_ENTERPRISE,TERMINATING,+13125551000,+13125551008,Alex Morgan,Priya Nair,rnd-928-99,ConsultativeTransfer,User,True,Yes-PostRedirection,Success,Success,,always-pause-resume,2026-08-18
2026-08-14 17:15:08,1568,Riley Park,Denver,SIP_ENTERPRISE,TERMINATING,+13125551009,+13125551004,Marcus Webb,Casey Rivera,rnd-929-99,Deflection,User,False,Yes,Refusal,TemporarilyUnavailable,,always,2026-08-14
2026-08-06 12:00:30,2305,Jordan Lee,Denver,SIP_NATIONAL,ORIGINATING,+13125551001,+155509930,Jordan Lee,+155509930,rnd-930-99,HuntGroup,User,True,No,Success,Success,,always,2026-08-06
2026-08-23 17:45:25,205,Marcus Webb,Dallas,SIP_MOBILE,ORIGINATING,+13125551009,+155509955,Marcus Webb,+155509955,rnd-931-99,Deflection,User,True,No,Success,Success,,,2026-08-23
2026-08-20 19:24:21,329,Jordan Lee,Chicago,SIP_ENTERPRISE,TERMINATING,+13125551007,+13125551008,Jamie Ortiz,Priya Nair,rnd-932-99,CallForwardNoAnswer,HuntGroup,True,Yes-PostRedirection,Success,Success,,always,2026-08-20
2026-08-15 03:55:14,752,Casey Rivera,Singapore,SIP_ENTERPRISE,TERMINATING,+13125551005,+13125551008,Morgan Quinn,Priya Nair,rnd-933-99,HuntGroup,HuntGroup,True,No,Success,Success,,,2026-08-15
2026-08-22 09:15:09,2288,Taylor Brooks,Chicago,SIP_ENTERPRISE,ORIGINATING,+13125551002,+13125551005,Sam Chen,Morgan Quinn,rnd-934-99,HuntGroup,AutomatedAttendantVideo,True,No,Success,Success,success,always-pause-resume,2026-08-22
2026-08-20 02:59:48,193,Jamie Ortiz,Singapore,SIP_INBOUND,TERMINATING,+155509982,+13125551007,+155509982,Jamie Ortiz,rnd-935-99,CallQueue,AutomatedAttendantVideo,True,Yes-PostRedirection,Success,Success,,,2026-08-20
2026-08-14 09:46:10,2391,Jordan Lee,Chicago,UNKNOWN,TERMINATING,+13125551001,+155509974,Jordan Lee,+155509974,rnd-936-99,CallForwardBusy,CallCenterPremium,True,Yes,Success,Success,success,always-pause-resume,2026-08-14
2026-08-30 02:04:37,701,Sam Chen,London,SIP_ENTERPRISE,TERMINATING,+13125551005,+13125551009,Morgan Quinn,Marcus Webb,rnd-937-99,CallForwardBusy,User,True,No,Success,Success,success,always,2026-08-30
2026-08-08 20:21:28,1419,Morgan Quinn,Dallas,SIP_INBOUND,TERMINATING,+155509937,+13125551005,+155509937,Morgan Quinn,rnd-938-99,CallForwardBusy,HuntGroup,True,Yes-PostRedirection,Success,Success,,,2026-08-08
2026-08-19 11:32:11,874,Priya Nair,Dallas,SIP_ENTERPRISE,TERMINATING,+13125551000,+13125551006,Alex Morgan,Riley Park,rnd-939-99,CallForwardNoAnswer,CallCenterPremium,True,Yes,Success,Success,,always-pause-resume,2026-08-19
2026-08-07 18:49:20,2071,Morgan Quinn,London,SIP_ENTERPRISE,ORIGINATING,+13125551006,+13125551005,Riley Park,Morgan Quinn,rnd-940-99,,User,True,Yes-PostRedirection,Success,Success,,,2026-08-07
2026-09-05 22:43:35,1045,Marcus Webb,Chicago,SIP_MOBILE,TERMINATING,+13125551009,+155509911,Marcus Webb,+155509911,rnd-941-99,ConsultativeTransfer,User,True,Yes-PostRedirection,Success,Success,success,always,2026-09-05
2026-08-27 17:26:32,650,Casey Rivera,London,SIP_INBOUND,TERMINATING,+155509989,+13125551004,+155509989,Casey Rivera,rnd-942-99,SimultaneousRingPersonal,User,False,Yes,Refusal,CallRejected,,always-pause-resume,2026-08-27
2026-08-30 00:44:25,443,Morgan Quinn,Singapore,SIP_ENTERPRISE,TERMINATING,+13125551002,+13125551007,Sam Chen,Jamie Ortiz,rnd-943-99,SimultaneousRingPersonal,User,True,Yes-PostRedirection,Success,Success,,always-pause-resume,2026-08-30
2026-08-09 23:46:06,1476,Sam Chen,Dallas,SIP_ENTERPRISE,TERMINATING,+13125551001,+13125551006,Jordan Lee,Riley Park,rnd-944-99,Deflection,User,True,No,Success,Success,,always-pause-resume,2026-08-09
2026-08-25 05:30:13,1297,Morgan Quinn,Dallas,SIP_NATIONAL,ORIGINATING,+13125551005,+155509919,Morgan Quinn,+155509919,rnd-945-99,HuntGroup,User,True,Yes-PostRedirection,Success,Success,,,2026-08-25
2026-08-23 17:12:16,1582,Riley Park,Denver,SIP_ENTERPRISE,TERMINATING,+13125551001,+13125551003,Jordan Lee,Taylor Brooks,rnd-946-99,HuntGroup,User,True,Yes,Success,Success,,always-pause-resume,2026-08-23
2026-08-10 03:54:50,1676,Riley Park,Chicago,SIP_INBOUND,ORIGINATING,+155509968,+13125551006,+155509968,Riley Park,rnd-947-99,CallForwardNoAnswer,User,True,Yes,Success,Success,,always,2026-08-10
2026-09-02 20:21:19,670,Casey Rivera,London,SIP_NATIONAL,TERMINATING,+13125551004,+155509998,Casey Rivera,+155509998,rnd-948-99,SimultaneousRingPersonal,User,True,Yes,Success,Success,,always,2026-09-02
2026-09-01 18:23:31,562,Marcus Webb,Singapore,SIP_ENTERPRISE,TERMINATING,+13125551008,+13125551002,Priya Nair,Sam Chen,rnd-949-99,Deflection,User,True,Yes,Success,Success,,,2026-09-01
2026-08-23 21:02:05,1435,Jordan Lee,Singapore,SIP_ENTERPRISE,ORIGINATING,+13125551008,+13125551004,Priya Nair,Casey Rivera,rnd-950-99,,User,True,Yes,Success,Success,,always,2026-08-23
2026-09-05 22:03:33,1822,Jordan Lee,Singapore,SIP_ENTERPRISE,TERMINATING,+13125551008,+13125551001,Priya Nair,Jordan Lee,rnd-951-99,CallQueue,CallCenterPremium,True,No,Success,Success,,always-pause-resume,2026-09-05
2026-08-17 06:52:48,805,Alex Morgan,Dallas,SIP_MOBILE,ORIGINATING,+13125551000,+155509988,Alex Morgan,+155509988,rnd-952-99,CallQueue,HuntGroup,False,Yes,Refusal,CallRejected,,always-pause-resume,2026-08-17
2026-09-01 05:31:03,0,Alex Morgan,London,SIP_INTERNATIONAL,ORIGINATING,+13125551000,+155509950,Alex Morgan,+155509950,rnd-953-99,CallQueue,User,True,Yes-PostRedirection,Success,Success,success,always,2026-09-01
2026-08-26 21:53:42,741,Priya Nair,Denver,SIP_ENTERPRISE,ORIGINATING,+13125551008,+13125551009,Priya Nair,Marcus Webb,rnd-954-99,,User,True,Yes,Success,Success,success,always-pause-resume,2026-08-26
2026-08-11 14:13:50,1761,Priya Nair,Denver,SIP_ENTERPRISE,TERMINATING,+13125551002,+13125551001,Sam Chen,Jordan Lee,rnd-955-99,HuntGroup,User,True,Yes-PostRedirection,Success,Success,,always-pause-resume,2026-08-11
2026-08-16 07:45:21,2337,Riley Park,Denver,SIP_INBOUND,ORIGINATING,+155509991,+13125551006,+155509991,Riley Park,rnd-956-99,,User,True,Yes-PostRedirection,Success,Success,,always,2026-08-16
2026-09-02 23:45:59,597,Priya Nair,Singapore,SIP_MOBILE,TERMINATING,+13125551008,+155509992,Priya Nair,+155509992,rnd-957-99,HuntGroup,User,False,Yes-PostRedirection,Refusal,CallRejected,,,2026-09-02
2026-08-07 21:01:27,643,Jamie Ortiz,Singapore,SIP_ENTERPRISE,TERMINATING,+13125551007,+13125551008,Jamie Ortiz,Priya Nair,rnd-958-99,ConsultativeTransfer,CallCenterPremium,True,Yes,Success,Success,,always,2026-08-07
2026-08-13 09:14:14,9,Marcus Webb,Singapore,SIP_INBOUND,TERMINATING,+155509961,+13125551009,+155509961,Marcus Webb,rnd-959-99,Deflection,AutomatedAttendantVideo,True,No,Success,Success,,always,2026-08-13
2026-08-07 22:02:03,1096,Marcus Webb,London,SIP_ENTERPRISE,TERMINATING,+13125551009,+13125551006,Marcus Webb,Riley Park,rnd-960-99,CallQueue,CallCenterPremium,True,Yes-PostRedirection,Success,Success,,always-pause-resume,2026-08-07
2026-08-09 04:40:47,400,Marcus Webb,Singapore,SIP_NATIONAL,TERMINATING,+13125551009,+155509949,Marcus Webb,+155509949,rnd-961-99,,User,True,Yes-PostRedirection,Success,Success,,always-pause-resume,2026-08-09
2026-08-22 21:26:57,1462,Marcus Webb,Singapore,SIP_INBOUND,ORIGINATING,+155509910,+13125551009,+155509910,Marcus Webb,rnd-962-99,ConsultativeTransfer,CallCenterPremium,True,Yes,Success,Success,,always-pause-resume,2026-08-22
2026-09-05 04:32:55,1614,Alex Morgan,Chicago,SIP_MOBILE,TERMINATING,+13125551000,+155509966,Alex Morgan,+155509966,rnd-963-99,SimultaneousRingPersonal,AutomatedAttendantVideo,True,Yes,Success,Success,,always-pause-resume,2026-09-05
2026-09-03 19:50:02,1866,Sam Chen,Chicago,SIP_ENTERPRISE,ORIGINATING,+13125551004,+13125551008,Casey Rivera,Priya Nair,rnd-964-99,CallForwardBusy,AutomatedAttendantVideo,False,Yes,Refusal,TemporarilyUnavailable,,always-pause-resume,2026-09-03
2026-08-25 00:22:39,1557,Casey Rivera,London,SIP_ENTERPRISE,TERMINATING,+13125551000,+13125551008,Alex Morgan,Priya Nair,rnd-965-99,CallQueue,AutomatedAttendantVideo,True,Yes,Success,Success,,always,2026-08-25
2026-08-23 23:54:10,1244,Casey Rivera,Singapore,SIP_ENTERPRISE,ORIGINATING,+13125551005,+13125551007,Morgan Quinn,Jamie Ortiz,rnd-966-99,CallForwardBusy,HuntGroup,True,No,Success,Success,,always,2026-08-23
2026-08-16 11:15:11,507,Priya Nair,London,SIP_NATIONAL,ORIGINATING,+13125551008,+155509926,Priya Nair,+155509926,rnd-967-99,SimultaneousRingPersonal,User,True,Yes-PostRedirection,Success,Success,failed,always,2026-08-16
2026-08-10 15:42:19,2134,Jordan Lee,London,SIP_ENTERPRISE,ORIGINATING,+13125551004,+13125551000,Casey Rivera,Alex Morgan,rnd-968-99,ConsultativeTransfer,AutomatedAttendantVideo,True,No,Success,Success,,always-pause-resume,2026-08-10
2026-08-06 23:00:05,1338,Taylor Brooks,Singapore,SIP_INBOUND,TERMINATING,+155509911,+13125551003,+155509911,Taylor Brooks,rnd-969-99,HuntGroup,HuntGroup,True,Yes,Success,Success,success,always-pause-resume,2026-08-06
2026-08-07 18:23:56,1116,Taylor Brooks,London,SIP_ENTERPRISE,ORIGINATING,+13125551002,+13125551006,Sam Chen,Riley Park,rnd-970-99,SimultaneousRingPersonal,HuntGroup,True,Yes-PostRedirection,Success,Success,,always-pause-resume,2026-08-07
2026-08-21 20:52:09,1173,Marcus Webb,Denver,SIP_MOBILE,ORIGINATING,+13125551009,+155509951,Marcus Webb,+155509951,rnd-971-99,Deflection,CallCenterPremium,True,Yes,Success,Success,,always,2026-08-21
2026-08-29 19:12:59,2151,Priya Nair,Chicago,SIP_ENTERPRISE,ORIGINATING,+13125551007,+13125551006,Jamie Ortiz,Riley Park,rnd-972-99,HuntGroup,User,True,Yes,Success,Success,,,2026-08-29
2026-09-01 07:10:17,424,Priya Nair,Singapore,SIP_ENTERPRISE,TERMINATING,+13125551000,+13125551002,Alex Morgan,Sam Chen,rnd-973-99,SimultaneousRingPersonal,User,True,No,Success,Success,,,2026-09-01
2026-08-29 02:21:52,730,Alex Morgan,Chicago,SIP_ENTERPRISE,TERMINATING,+13125551003,+13125551000,Taylor Brooks,Alex Morgan,rnd-974-99,CallForwardNoAnswer,User,True,Yes,Success,Success,,always,2026-08-29
2026-08-14 13:39:45,1618,Riley Park,Chicago,SIP_ENTERPRISE,TERMINATING,+13125551000,+13125551006,Alex Morgan,Riley Park,rnd-975-99,Deflection,CallCenterPremium,True,Yes-PostRedirection,Success,Success,,always-pause-resume,2026-08-14
2026-09-01 05:59:42,693,Taylor Brooks,Singapore,SIP_ENTERPRISE,ORIGINATING,+13125551008,+13125551005,Priya Nair,Morgan Quinn,rnd-976-99,ConsultativeTransfer,User,True,No,Success,Success,,,2026-09-01
2026-08-15 00:26:08,2333,Casey Rivera,Singapore,SIP_ENTERPRISE,ORIGINATING,+13125551006,+13125551004,Riley Park,Casey Rivera,rnd-977-99,CallForwardNoAnswer,User,True,Yes-PostRedirection,Success,Success,,always,2026-08-15
2026-08-11 17:40:50,229,Marcus Webb,Dallas,SIP_ENTERPRISE,ORIGINATING,+13125551005,+13125551008,Morgan Quinn,Priya Nair,rnd-978-99,ConsultativeTransfer,HuntGroup,True,No,Success,Success,success,,2026-08-11
2026-08-21 14:37:53,1182,Riley Park,London,SIP_INBOUND,TERMINATING,+155509944,+13125551006,+155509944,Riley Park,rnd-979-99,SimultaneousRingPersonal,AutomatedAttendantVideo,True,Yes-PostRedirection,Success,Success,,always,2026-08-21
2026-08-23 04:47:24,1132,Morgan Quinn,Denver,SIP_ENTERPRISE,TERMINATING,+13125551003,+13125551007,Taylor Brooks,Jamie Ortiz,rnd-980-99,CallForwardNoAnswer,User,True,Yes-PostRedirection,Success,Success,,always-pause-resume,2026-08-23
2026-08-09 18:28:46,1820,Alex Morgan,Denver,SIP_INBOUND,ORIGINATING,+155509993,+13125551000,+155509993,Alex Morgan,rnd-981-99,CallQueue,HuntGroup,True,Yes,Success,Success,,always-pause-resume,2026-08-09
2026-08-16 20:10:32,1958,Riley Park,Dallas,SIP_ENTERPRISE,ORIGINATING,+13125551009,+13125551000,Marcus Webb,Alex Morgan,rnd-982-99,ConsultativeTransfer,HuntGroup,True,Yes-PostRedirection,Success,Success,,,2026-08-16
2026-08-08 09:44:38,810,Riley Park,Dallas,SIP_ENTERPRISE,ORIGINATING,+13125551002,+13125551006,Sam Chen,Riley Park,rnd-983-99,CallQueue,User,True,Yes-PostRedirection,Success,Success,,always-pause-resume,2026-08-08
2026-09-05 19:59:19,2278,Jordan Lee,Dallas,SIP_INBOUND,TERMINATING,+155509930,+13125551001,+155509930,Jordan Lee,rnd-984-99,,User,True,Yes-PostRedirection,Success,Success,,always-pause-resume,2026-09-05
2026-08-30 02:19:36,42,Morgan Quinn,Chicago,SIP_INTERNATIONAL,ORIGINATING,+13125551005,+155509923,Morgan Quinn,+155509923,rnd-985-99,Deflection,CallCenterPremium,True,Yes,Success,Success,,always-pause-resume,2026-08-30
2026-08-25 03:48:52,641,Jamie Ortiz,London,SIP_ENTERPRISE,TERMINATING,+13125551002,+13125551005,Sam Chen,Morgan Quinn,rnd-986-99,CallForwardNoAnswer,User,True,No,Success,Success,,always-pause-resume,2026-08-25
2026-08-19 19:16:58,613,Jordan Lee,Singapore,SIP_NATIONAL,ORIGINATING,+13125551001,+155509966,Jordan Lee,+155509966,rnd-987-99,CallQueue,User,True,No,Success,Success,,always,2026-08-19
2026-08-15 05:55:35,200,Morgan Quinn,Denver,SIP_NATIONAL,ORIGINATING,+13125551005,+155509950,Morgan Quinn,+155509950,rnd-988-99,HuntGroup,AutomatedAttendantVideo,True,Yes,Success,Success,,always-pause-resume,2026-08-15
2026-09-02 16:01:30,667,Priya Nair,London,SIP_ENTERPRISE,ORIGINATING,+13125551000,+13125551003,Alex Morgan,Taylor Brooks,rnd-989-99,CallForwardBusy,User,False,Yes-PostRedirection,Refusal,CallRejected,,,2026-09-02
2026-08-13 10:13:45,2100,Alex Morgan,Dallas,SIP_ENTERPRISE,TERMINATING,+13125551008,+13125551005,Priya Nair,Morgan Quinn,rnd-990-99,CallForwardBusy,User,True,No,Success,Success,,always-pause-resume,2026-08-13
2026-08-18 18:46:30,954,Sam Chen,Denver,SIP_NATIONAL,TERMINATING,+13125551002,+155509933,Sam Chen,+155509933,rnd-991-99,HuntGroup,AutomatedAttendantVideo,True,Yes,Success,Success,success,,2026-08-18
2026-08-15 04:28:57,2060,Marcus Webb,Singapore,SIP_ENTERPRISE,ORIGINATING,+13125551004,+13125551003,Casey Rivera,Taylor Brooks,rnd-992-99,HuntGroup,User,True,No,Success,Success,,always,2026-08-15
2026-08-19 03:54:04,972,Riley Park,Denver,SIP_ENTERPRISE,ORIGINATING,+13125551005,+13125551009,Morgan Quinn,Marcus Webb,rnd-993-99,ConsultativeTransfer,CallCenterPremium,True,Yes-PostRedirection,Success,Success,,always,2026-08-19
2026-08-08 15:32:42,472,Jordan Lee,Singapore,SIP_ENTERPRISE,ORIGINATING,+13125551007,+13125551006,Jamie Ortiz,Riley Park,rnd-994-99,CallForwardBusy,HuntGroup,True,Yes-PostRedirection,Success,Success,,always,2026-08-08
2026-08-29 18:36:05,416,Priya Nair,Singapore,SIP_ENTERPRISE,TERMINATING,+13125551005,+13125551001,Morgan Quinn,Jordan Lee,rnd-995-99,CallQueue,AutomatedAttendantVideo,True,Yes-PostRedirection,Success,Success,success,,2026-08-29
2026-08-23 08:58:01,931,Morgan Quinn,Chicago,SIP_INBOUND,TERMINATING,+155509922,+13125551005,+155509922,Morgan Quinn,rnd-996-99,CallQueue,HuntGroup,True,Yes-PostRedirection,Success,Success,,,2026-08-23
2026-08-24 18:04:29,460,Priya Nair,Denver,SIP_ENTERPRISE,ORIGINATING,+13125551005,+13125551004,Morgan Quinn,Casey Rivera,rnd-997-99,CallForwardNoAnswer,AutomatedAttendantVideo,True,Yes,Success,Success,,always-pause-resume,2026-08-24
2026-09-02 08:33:06,2041,Morgan Quinn,London,SIP_ENTERPRISE,TERMINATING,+13125551008,+13125551003,Priya Nair,Taylor Brooks,rnd-998-99,SimultaneousRingPersonal,User,False,Yes,Refusal,TemporarilyUnavailable,,always,2026-09-02
2026-08-18 15:50:20,10,Jordan Lee,Singapore,SIP_ENTERPRISE,TERMINATING,+13125551009,+13125551002,Marcus Webb,Sam Chen,rnd-999-99,Deflection,User,True,Yes,Success,Success,success,,2026-08-18
2026-08-15 02:30:23,139,Jamie Ortiz,Singapore,SIP_ENTERPRISE,TERMINATING,+13125551009,+13125551000,Marcus Webb,Alex Morgan,rnd-1000-99,CallQueue,User,True,No,Success,Success,,,2026-08-15
2026-08-11 08:26:53,525,Jamie Ortiz,London,SIP_ENTERPRISE,ORIGINATING,+13125551005,+13125551003,Morgan Quinn,Taylor Brooks,rnd-1001-99,CallForwardNoAnswer,User,True,No,Success,Success,,,2026-08-11
2026-08-14 13:31:51,552,Jordan Lee,Singapore,SIP_NATIONAL,ORIGINATING,+13125551001,+155509947,Jordan Lee,+155509947,rnd-1002-99,CallQueue,User,True,Yes-PostRedirection,Success,Success,,always,2026-08-14
2026-08-14 12:44:40,1889,Jamie Ortiz,London,SIP_INTERNATIONAL,ORIGINATING,+13125551007,+155509969,Jamie Ortiz,+155509969,rnd-1003-99,HuntGroup,User,True,No,Success,Success,,,2026-08-14
